0 FILE 21064 Paris - City of Love
0 21064 Paris - City of Love
0 Name: 21064 Paris - City of Love
0 SetNumber: 21064
0 Name: Paris: City of Love
0 Theme: Architecture
0 ReleaseYear: 2026
0 NumOfBricks: 951
0 _stepReady: true
0 Labels: complete
1 15 80 -398.6101 11.5833 1 0 0 0 0 -1 0 1 0 3032.dat
1 15 130 -428.6101 -12.4167 -1 0 0 0 0 1 0 1 0 2357.dat
0 STEP
1 15 90 -428.6101 -12.4167 1 0 0 0 0 -1 0 1 0 3005.dat
1 15 -20 -428.6101 -12.4167 1 0 0 0 0 -1 0 1 0 6111.dat
0 STEP
1 15 -40 -398.6101 11.5833 1 0 0 0 0 -1 0 1 0 3032.dat
1 15 -200 -398.6101 11.5833 1 0 0 0 0 -1 0 1 0 3030.dat
0 STEP
1 272 80 -398.6101 3.5833 1 0 0 0 0 -1 0 1 0 87079.dat
1 272 -40 -398.6101 3.5833 1 0 0 0 0 -1 0 1 0 87079.dat
1 272 20 -398.6101 3.5833 1 0 0 0 0 -1 0 1 0 33909.dat
1 272 100 -358.6101 3.5833 -1 0 0 0 0 1 0 1 0 33909.dat
1 272 -110 -408.6101 3.5833 0 0 1 1 0 0 0 1 0 14719.dat
1 272 -90 -388.6101 3.5833 1 0 0 0 0 -1 0 1 0 3070bpz3.dat
0 STEP
1 15 -130 -428.6101 3.5833 1 0 0 0 0 -1 0 1 0 3024.dat
1 15 -270 -428.6101 3.5833 1 0 0 0 0 -1 0 1 0 3024.dat
1 15 -200 -418.6101 3.5833 1 0 0 0 0 -1 0 1 0 78168.dat
1 0 -200 -388.6101 3.5833 1 0 0 0 0 -1 0 1 0 3666.dat
0 STEP
1 15 -180 -428.6101 -4.4167 1 0 0 0 0 -1 0 1 0 3069b.dat
1 15 -220 -428.6101 -4.4167 1 0 0 0 0 -1 0 1 0 3069b.dat
1 272 -200 -398.6101 -4.4167 1 0 0 0 0 -1 0 1 0 87079.dat
1 272 -140 -398.6101 11.5833 0 0 -1 -1 0 0 0 1 0 15068.dat
1 272 -260 -398.6101 11.5833 0 0 1 1 0 0 0 1 0 15068.dat
0 STEP
1 15 -140 -428.6101 -4.4167 1 0 0 0 0 -1 0 1 0 35480.dat
1 15 -140 -428.6101 -12.4167 1 0 0 0 0 -1 0 1 0 35480.dat
1 15 -260 -428.6101 -4.4167 1 0 0 0 0 -1 0 1 0 35480.dat
1 15 -260 -428.6101 -12.4167 1 0 0 0 0 -1 0 1 0 35480.dat
1 15 -250 -428.6101 -20.4167 0 0 -1 -1 0 0 0 1 0 24246.dat
1 15 -150 -428.6101 -20.4167 0 0 1 1 0 0 0 1 0 24246.dat
0 STEP
1 15 -379.9999 -428.6101 -12.4167 1 0 0 0 0 -1 0 1 0 6111.dat
1 15 -359.9999 -398.6101 11.5833 1 0 0 0 0 -1 0 1 0 3032.dat
1 15 -480 -398.6101 11.5833 1 0 0 0 0 -1 0 1 0 3032.dat
0 STEP
1 15 -490 -428.6101 -12.4167 1 0 0 0 0 -1 0 1 0 3005.dat
1 15 -530.0001 -428.6101 -12.4167 0 0 1 1 0 0 0 1 0 2357.dat
0 STEP
1 272 -290 -388.6101 3.5833 0 0 -1 -1 0 0 0 1 0 14719.dat
1 272 -310 -408.6101 3.5833 1 0 0 0 0 -1 0 1 0 3070bpz3.dat
1 272 -339.9999 -398.6101 3.5833 -1 0 0 0 0 1 0 1 0 33909.dat
1 272 -399.9999 -398.6101 3.5833 1 0 0 0 0 -1 0 1 0 87079.dat
1 272 -480 -398.6101 3.5833 1 0 0 0 0 -1 0 1 0 87079.dat
0 STEP
1 15 -460.0001 -428.6101 -20.4167 1 0 0 0 0 -1 0 1 0 3460.dat
1 15 60 -428.6101 -20.4167 1 0 0 0 0 -1 0 1 0 3460.dat
1 15 -500.0001 -428.6101 -28.4167 1 0 0 0 0 -1 0 1 0 3710.dat
1 15 100 -428.6101 -28.4167 1 0 0 0 0 -1 0 1 0 3710.dat
0 STEP
1 15 -440.0001 -428.6101 -28.4167 0 0 -1 -1 0 0 0 1 0 85970.dat
1 15 40 -428.6101 -28.4167 0 0 1 1 0 0 0 1 0 85970.dat
1 15 -480.0001 -428.6101 -36.4166 1 0 0 0 0 -1 0 1 0 6636.dat
1 15 80 -428.6101 -36.4166 1 0 0 0 0 -1 0 1 0 6636.dat
0 STEP
1 15 -20 -198.6101 11.5833 1 0 0 0 0 -1 0 1 0 91405.dat
1 272 70 -358.6101 3.5833 0 0 1 1 0 0 0 1 0 3069b.dat
1 272 20 -358.6101 3.5833 1 0 0 0 0 -1 0 1 0 87079.dat
1 272 -50 -368.6101 3.5833 1 0 0 0 0 -1 0 1 0 3070bpz3.dat
1 272 -30 -348.6101 3.5833 0 0 -1 -1 0 0 0 1 0 14719.dat
1 272 -100 -358.6101 3.5833 1 0 0 0 0 -1 0 1 0 87079.dat
1 272 -160 -358.6101 3.5833 -1 0 0 0 0 1 0 1 0 33909.dat
0 STEP
1 272 -190 -338.6101 3.5833 0 0 1 1 0 0 0 1 0 3710.dat
1 272 -210 -338.6101 3.5833 0 0 1 1 0 0 0 1 0 3710.dat
1 15 -200 -198.6101 11.5833 0 0 1 1 0 0 0 1 0 4282.dat
1 272 -200 -308.6101 -4.4167 1 0 0 0 0 -1 0 1 0 3069b.dat
0 STEP
1 15 -379.9999 -198.6101 11.5833 1 0 0 0 0 -1 0 1 0 91405.dat
1 272 -260 -358.6101 3.5833 1 0 0 0 0 -1 0 1 0 87079.dat
0 STEP
1 272 -330 -368.6101 3.5833 0 0 1 1 0 0 0 1 0 14719.dat
1 272 -310 -348.6101 3.5833 1 0 0 0 0 -1 0 1 0 3070bpz3.dat
1 272 -359.9999 -358.6101 3.5833 1 0 0 0 0 -1 0 1 0 33909.dat
1 272 -389.9999 -368.6101 3.5833 1 0 0 0 0 -1 0 1 0 3070bpz3.dat
1 272 -409.9999 -348.6101 3.5833 1 0 0 0 0 -1 0 1 0 14719.dat
1 272 -460 -358.6101 3.5833 1 0 0 0 0 -1 0 1 0 87079.dat
1 272 -510.0001 -358.6101 3.5833 0 0 1 1 0 0 0 1 0 3069b.dat
0 STEP
1 272 -490 -328.6101 3.5833 -1 0 0 0 0 1 0 1 0 14719.dat
1 272 -510 -308.6101 3.5833 1 0 0 0 0 -1 0 1 0 3070bpz3.dat
1 272 -460 -318.6101 3.5833 1 0 0 0 0 -1 0 1 0 33909.dat
1 272 -430 -308.6101 3.5833 1 0 0 0 0 -1 0 1 0 3070bpz3.dat
1 272 -409.9999 -328.6101 3.5833 -1 0 0 0 0 1 0 1 0 14719.dat
1 272 -359.9999 -318.6101 3.5833 1 0 0 0 0 -1 0 1 0 87079.dat
1 272 -280 -318.6101 3.5833 1 0 0 0 0 -1 0 1 0 87079.dat
1 272 -230 -318.6101 3.5833 0 0 1 1 0 0 0 1 0 3069b.dat
1 272 -170 -318.6101 3.5833 0 0 1 1 0 0 0 1 0 3069b.dat
1 272 -120 -318.6101 3.5833 1 0 0 0 0 -1 0 1 0 87079.dat
1 272 -60 -318.6101 3.5833 1 0 0 0 0 -1 0 1 0 33909.dat
1 272 -30 -308.6101 3.5833 1 0 0 0 0 -1 0 1 0 14719.dat
1 272 30 -308.6101 3.5833 0 0 -1 -1 0 0 0 1 0 14719.dat
1 272 80 -318.6101 3.5833 1 0 0 0 0 -1 0 1 0 87079.dat
0 STEP
1 272 -480 -278.6101 3.5833 1 0 0 0 0 -1 0 1 0 87079.dat
1 272 -399.9999 -278.6101 3.5833 1 0 0 0 0 -1 0 1 0 87079.dat
1 272 -320 -278.6101 3.5833 1 0 0 0 0 -1 0 1 0 87079.dat
1 272 -240 -278.6101 3.5833 1 0 0 0 0 -1 0 1 0 87079.dat
1 272 -160 -278.6101 3.5833 1 0 0 0 0 -1 0 1 0 87079.dat
1 272 -110 -288.6101 3.5833 0 0 1 1 0 0 0 1 0 14719.dat
1 272 -70 -268.6101 3.5833 0 0 -1 -1 0 0 0 1 0 14719.dat
1 272 -50 -288.6101 3.5833 1 0 0 0 0 -1 0 1 0 3070bpz3.dat
1 272 0 -288.6101 3.5833 1 0 0 0 0 -1 0 1 0 3710.dat
1 72 0 -268.6101 3.5833 1 0 0 0 0 -1 0 1 0 2431.dat
1 272 80 -278.6101 3.5833 1 0 0 0 0 -1 0 1 0 87079.dat
0 STEP
1 19 40 -238.6101 3.5833 1 0 0 0 0 -1 0 1 0 3034.dat
1 272 -50 -268.6101 3.5833 1 0 0 0 0 -1 0 1 0 3024.dat
1 272 -70 -238.6101 3.5833 1 0 0 0 0 -1 0 1 0 3021.dat
1 272 -120 -238.6101 3.5833 -1 0 0 0 0 1 0 1 0 33909.dat
0 STEP
1 0 -160 -248.6101 11.5833 1 0 0 0 0 -1 0 1 0 3563.dat
1 0 -240 -248.6101 11.5833 1 0 0 0 0 -1 0 1 0 3563.dat
1 272 -200 -228.6101 3.5833 1 0 0 0 0 -1 0 1 0 6636.dat
1 272 -200 -248.6101 3.5833 1 0 0 0 0 -1 0 1 0 3023b.dat
1 272 -300 -238.6101 3.5833 1 0 0 0 0 -1 0 1 0 87079.dat
1 272 -389.9999 -248.6101 3.5833 1 0 0 0 0 -1 0 1 0 3070bpz3.dat
1 272 -510.0001 -248.6101 3.5833 0 0 1 1 0 0 0 1 0 14719.dat
1 272 -470 -228.6101 3.5833 0 0 -1 -1 0 0 0 1 0 14719.dat
1 272 -409.9999 -228.6101 3.5833 1 0 0 0 0 -1 0 1 0 14719.dat
0 STEP
1 4 60 -198.6101 3.5833 1 0 0 0 0 -1 0 1 0 69729.dat
1 72 -40 -198.6101 3.5833 1 0 0 0 0 -1 0 1 0 87079.dat
1 272 -100 -198.6101 3.5833 0 0 1 1 0 0 0 1 0 33909.dat
1 272 -160 -198.6101 3.5833 0 0 1 1 0 0 0 1 0 33909.dat
1 0 -130 -198.6101 11.5833 0 0 1 1 0 0 0 1 0 3563.dat
1 272 -220 -198.6101 3.5833 1 0 0 0 0 -1 0 1 0 87079.dat
1 0 -270 -198.6101 11.5833 0 0 1 1 0 0 0 1 0 3563.dat
1 272 -290.0001 -198.6101 3.5833 0 0 1 1 0 0 0 1 0 3023b.dat
1 72 -290.0001 -208.6101 -4.4167 -1 0 0 0 0 1 0 1 0 24246.dat
1 72 -290.0001 -188.6101 -4.4167 1 0 0 0 0 -1 0 1 0 3070b.dat
0 STEP
1 72 -510.0001 -198.6101 3.5833 0 0 1 1 0 0 0 1 0 3069b.dat
1 72 -349.9999 -198.6101 3.5833 0 0 1 1 0 0 0 1 0 3069b.dat
1 272 -460 -198.6101 3.5833 1 0 0 0 0 -1 0 1 0 87079.dat
1 272 -399.9999 -188.6101 3.5833 1 0 0 0 0 -1 0 1 0 3023b.dat
1 272 -409.9999 -208.6101 3.5833 1 0 0 0 0 -1 0 1 0 3024.dat
1 272 -369.9999 -208.6101 3.5833 -1 0 0 0 0 1 0 1 0 14719.dat
0 STEP
1 72 -409.9999 -198.6101 -4.4167 0 0 1 1 0 0 0 1 0 35480.dat
1 72 -409.9999 -208.61 -12.4167 -1 0 0 0 0 1 0 1 0 24246.dat
1 72 -409.9999 -188.6101 -12.4167 1 0 0 0 0 -1 0 1 0 3070b.dat
1 72 -389.9999 -188.6101 -4.4167 1 0 0 0 0 -1 0 1 0 3070b.dat
0 STEP
1 4 20 -158.6101 3.5833 1 0 0 0 0 -1 0 1 0 69729.dat
1 70 -50 -168.6101 3.5833 1 0 0 0 0 -1 0 1 0 20482.dat
1 70 -70 -168.6101 3.5833 1 0 0 0 0 -1 0 1 0 20482.dat
1 70 -50 -148.6101 3.5833 1 0 0 0 0 -1 0 1 0 20482.dat
1 70 -70 -148.6101 3.5833 1 0 0 0 0 -1 0 1 0 20482.dat
1 72 -90 -158.6101 3.5833 0 0 1 1 0 0 0 1 0 35480.dat
1 272 -120 -158.6101 3.5833 -1 0 0 0 0 1 0 1 0 33909.dat
1 272 -180 -158.6101 3.5833 1 0 0 0 0 -1 0 1 0 87079.dat
1 272 -260 -158.6101 3.5833 1 0 0 0 0 -1 0 1 0 87079.dat
1 0 -359.9999 -158.6101 3.5833 1 0 0 0 0 -1 0 1 0 3795.dat
0 STEP
1 72 80 -118.6101 3.5833 1 0 0 0 0 -1 0 1 0 87079.dat
1 72 0 -118.6101 3.5833 1 0 0 0 0 -1 0 1 0 87079.dat
1 4 20 -78.6101 3.5833 1 0 0 0 0 -1 0 1 0 69729.dat
1 19 -80 -118.6101 3.5833 1 0 0 0 0 -1 0 1 0 3020.dat
1 19 -80 -78.6101 3.5833 1 0 0 0 0 -1 0 1 0 3020.dat
0 STEP
1 72 -130 -118.6101 3.5833 0 0 1 1 0 0 0 1 0 3069b.dat
1 272 -150 -128.6101 3.5833 1 0 0 0 0 -1 0 1 0 3070bpz3.dat
1 72 -150 -108.6101 3.5833 1 0 0 0 0 -1 0 1 0 3070b.dat
1 272 -150 -78.6101 3.5833 1 0 0 0 0 -1 0 1 0 3021.dat
1 272 -200 -118.6101 3.5833 1 0 0 0 0 -1 0 1 0 87079.dat
1 272 -250 -128.6101 3.5833 -1 0 0 0 0 1 0 1 0 14719.dat
1 272 -210 -78.61 3.5833 0 0 1 1 0 0 0 1 0 3023b.dat
1 72 -210 -68.61 -4.4167 1 0 0 0 0 -1 0 1 0 3070b.dat
1 72 -210 -88.61 -4.4167 -1 0 0 0 0 1 0 1 0 24246.dat
1 72 -270 -108.6101 3.5833 1 0 0 0 0 -1 0 1 0 3070b.dat
1 25 -270 -78.6101 3.5833 0 0 1 1 0 0 0 1 0 3023b.dat
0 STEP
1 72 -460 -98.6101 3.5833 0 0 1 1 0 0 0 1 0 87079.dat
1 72 -420.0003 -98.6101 3.5833 0.000001 0 1 1 0 -0.000001 0 1 0 87079.dat
1 72 -320 -118.6101 3.5833 -1 0 0 0 0 1 0 1 0 87079.dat
1 322 -500 -78.6101 3.5833 1 0 0 0 0 -1 0 1 0 3068b.dat
1 322 -379.9999 -78.6101 3.5833 1 0 0 0 0 -1 0 1 0 3068b.dat
1 19 -320 -78.6101 3.5833 1 0 0 0 0 -1 0 1 0 3020.dat
0 STEP
1 72 -50 -248.6101 -4.4167 -1 0 0 0 0 1 0 1 0 27925.dat
1 72 -90 -208.6101 -4.4167 -1 0 0 0 0 1 0 1 0 27925.dat
1 72 -60 -228.6101 -4.4167 1 0 0 0 0 -1 0 1 0 3069b.dat
1 72 -100 -158.6101 -4.4167 0 0 1 1 0 0 0 1 0 87079.dat
1 72 -100 -108.6101 -4.4167 1 0 0 0 0 -1 0 1 0 3069b.dat
1 72 -140 -78.6101 -4.4167 1 0 0 0 0 -1 0 1 0 87079.dat
1 72 -60 -118.6101 -4.4167 1 0 0 0 0 -1 0 1 0 3068b.dat
1 72 -50 -78.6101 -4.4167 0 0 1 1 0 0 0 1 0 3069b.dat
0 STEP
1 72 -280 -78.6101 -4.4167 1 0 0 0 0 -1 0 1 0 3068b.dat
1 72 -320 -158.6101 -4.4167 1 0 0 0 0 -1 0 1 0 3068b.dat
1 72 -349.9999 -78.6101 -4.4167 0 0 1 1 0 0 0 1 0 3069b.dat
0 STEP
1 14 100 -78.6101 3.5833 0 0 -1 -1 0 0 0 1 0 41682.dat
1 14 100 -158.6101 3.5833 0 0 -1 -1 0 0 0 1 0 41682.dat
1 71 112 -118.6101 -6.4167 0 -1 0 1 0 0 0 0 1 3666.dat
0 STEP
1 0 92 -158.6101 -16.4167 0 0 -1 1 0 0 0 -1 0 41682.dat
1 0 92 -78.6101 -16.4167 0 0 -1 1 0 0 0 -1 0 41682.dat
1 71 88 -118.6101 -6.4167 0 -1 0 1 0 0 0 0 1 3666.dat
1 272 120 -118.6101 -6.4167 0 -1 0 1 0 0 0 0 1 6636.dat
1 70 80 -158.6101 -6.4167 0 -1 0 1 0 0 0 0 1 30136.dat
1 70 80 -78.6101 -6.4167 0 -1 0 1 0 0 0 0 1 30136.dat
0 STEP
1 71 56 -118.6101 -6.4167 0 -1 0 1 0 0 0 0 1 3666.dat
1 0 44 -158.6101 -16.4167 0 0 -1 1 0 0 0 -1 0 41682.dat
1 0 44 -78.61 -16.4167 0 0 -1 1 0 0 0 -1 0 41682.dat
1 71 40 -118.61 -6.4167 0 -1 0 1 0 0 0 0 1 3666.dat
0 STEP
1 70 32 -158.61 -6.4167 0 -1 0 1 0 0 0 0 1 30136.dat
1 70 32 -78.61 -6.4167 0 -1 0 1 0 0 0 0 1 30136.dat
1 71 8 -118.61 -6.4167 0 -1 0 1 0 0 0 0 1 3666.dat
1 0 -4 -158.61 -16.4167 0 0 -1 1 0 0 0 -1 0 41682.dat
1 0 -4 -78.61 -16.4167 0 0 -1 1 0 0 0 -1 0 41682.dat
1 322 -8 -118.61 -6.4167 0 -1 0 1 0 0 0 0 1 3009.dat
0 STEP
1 14 -500 -118.6101 3.5833 -1 0 0 0 0 1 0 1 0 41682.dat
1 14 -379.9999 -118.6101 3.5833 -1 0 0 0 0 1 0 1 0 41682.dat
1 25 -500 -114.6101 -6.4167 1 0 0 0 1 0 0 0 1 3023b.dat
1 25 -379.9999 -114.6101 -6.4167 1 0 0 0 1 0 0 0 1 3023b.dat
1 15 -379.9999 -106.6101 -6.4167 1 0 0 0 1 0 0 0 1 3004.dat
1 15 -500 -106.6101 -6.4167 1 0 0 0 1 0 0 0 1 3004.dat
0 STEP
1 4 -500 -90.61 -26.4167 1 0 0 0 1 0 0 0 1 4304.dat
1 4 -379.9999 -90.6101 -26.4167 1 0 0 0 1 0 0 0 1 4304.dat
1 19 -500 -114.61 -26.4167 1 0 0 0 1 0 0 0 1 11211.dat
1 19 -379.9999 -114.6101 -26.4167 1 0 0 0 1 0 0 0 1 11211.dat
0 STEP
1 1 -500 -114.61 -16.4167 1 0 0 0 1 0 0 0 1 15068.dat
1 1 -379.9999 -114.6101 -16.4167 1 0 0 0 1 0 0 0 1 15068.dat
0 STEP
1 15 130 -298.6101 -12.4167 0 0 1 1 0 0 0 1 0 6111.dat
1 15 130 -138.6101 -12.4167 0 0 1 1 0 0 0 1 0 3009.dat
1 15 130 -48.6101 -12.4167 0 0 -1 -1 0 0 0 1 0 2357.dat
1 15 0 -48.6101 -12.4167 1 0 0 0 0 -1 0 1 0 6111.dat
1 15 -120 -48.6101 -12.4167 -1 0 0 0 0 1 0 1 0 23969.dat
1 15 -200 -48.6101 -12.4167 1 0 0 0 0 -1 0 1 0 3009.dat
0 STEP
1 15 -280 -48.6101 -12.4167 -1 0 0 0 0 1 0 1 0 23969.dat
1 15 -320 -48.6101 -12.4167 -1 0 0 0 0 1 0 1 0 23969.dat
1 15 -359.9999 -48.6101 -12.4167 -1 0 0 0 0 1 0 1 0 23969.dat
1 15 -399.9999 -48.6101 -12.4167 -1 0 0 0 0 1 0 1 0 23969.dat
1 15 -440 -48.6101 -12.4167 -1 0 0 0 0 1 0 1 0 23969.dat
1 15 -480 -48.6101 -12.4167 -1 0 0 0 0 1 0 1 0 23969.dat
1 15 -530 -48.6101 -12.4167 1 0 0 0 0 -1 0 1 0 2357.dat
1 15 -530.0001 -138.6101 -12.4167 0 0 1 1 0 0 0 1 0 3009.dat
1 15 -530.0001 -298.6101 -12.4167 0 0 1 1 0 0 0 1 0 6111.dat
0 STEP
1 15 130 -388.6101 -36.4166 0 0 1 1 0 0 0 1 0 3622.dat
1 15 130 -298.6101 -36.4167 0 0 1 1 0 0 0 1 0 3009.dat
1 15 130 -138.61 -36.4167 0 0 1 1 0 0 0 1 0 6111.dat
1 15 100 -48.6101 -36.4167 1 0 0 0 0 -1 0 1 0 3004.dat
1 15 20 -48.6101 -36.4167 1 0 0 0 0 -1 0 1 0 3009.dat
0 STEP
1 15 -530.0001 -388.6101 -36.4166 0 0 1 1 0 0 0 1 0 3622.dat
1 15 -530.0001 -298.6101 -36.4167 0 0 1 1 0 0 0 1 0 3009.dat
1 15 -530.0001 -138.6101 -36.4167 0 0 1 1 0 0 0 1 0 6111.dat
0 STEP
1 272 0 -328.6101 3.5833 1 0 0 0 0 -1 0 1 0 15573.dat
1 272 -230 -78.6101 3.5833 0 0 1 1 0 0 0 1 0 15573.dat
1 272 -250 -78.6101 3.5833 0 0 1 1 0 0 0 1 0 15573.dat
1 272 -190 -78.6101 3.5833 0 0 1 1 0 0 0 1 0 15573.dat
1 72 -190 -88.6101 -4.4167 0 0 -1 -1 0 0 0 1 0 5091.dat
1 72 -250 -88.6101 -4.4167 -1 0 0 0 0 1 0 1 0 5092.dat
1 72 -230 -78.6101 -4.4167 1 0 0 0 0 -1 0 1 0 3070b.dat
0 STEP
1 16 -80 -14.1934 -50 -1 0 0 0 1 0 0 0 -1 scene 1
0 STEP
1 28 -310 -90.61 -54.4167 1 0 0 0 1 0 0 0 1 85861.dat
1 28 -330 -90.6101 -54.4166 1 0 0 0 1 0 0 0 1 85861.dat
1 28 -320 -114.6101 -54.4167 1 0 0 0 1 0 0 0 1 30136.dat
1 28 -310 -122.6101 -54.4167 1 0 0 0 1 0 0 0 1 85861.dat
1 28 -330 -122.6101 -54.4167 1 0 0 0 1 0 0 0 1 85861.dat
1 28 -320 -146.6101 -54.4167 1 0 0 0 1 0 0 0 1 30136.dat
1 28 -330 -154.6101 -54.4167 1 0 0 0 1 0 0 0 1 85861.dat
1 28 -310 -154.6101 -54.4167 1 0 0 0 1 0 0 0 1 85861.dat
0 STEP
1 16 -460.7692 -123.8409 -13.1859 1 0 0 0 1 0 0 0 1 x1
0 STEP
1 16 -368.9999 -161.4851 29.4583 -1 0 0 0 0 1 0 1 0 x2
0 STEP
1 16 -450 -186.6101 -24.4167 1 0 0 0 1 0 0 0 1 x3
0 STEP
1 16 -320 -178.6101 -6.4167 1 0 0 0 1 0 0 0 1 x4
0 STEP
1 16 -483.6666 -62.2767 -68.75 1 0 0 0 1 0 0 0 1 x5
0 STEP
1 16 -402.2222 -61.9434 -69.0834 1 0 0 0 1 0 0 0 1 x6
0 STEP
1 16 -450 -98.61 -62.4167 1 0 0 0 1 0 0 0 1 x7
0 STEP
1 16 -449.9999 -123.0366 -84.4166 0.707107 0 0.707107 0.707107 0 -0.707107 0 1 0 x8
0 STEP
1 72 0 -298.6101 -4.4167 1 0 0 0 0 -1 0 1 0 3022.dat
1 72 0 -288.6101 -12.4167 1 0 0 0 0 -1 0 1 0 3069b.dat
1 72 0 -308.6101 -12.4167 1 0 0 0 0 -1 0 1 0 3069b.dat
0 STEP
1 72 30 -288.6101 -4.4167 0 0 -1 -1 0 0 0 1 0 32828.dat
1 72 -30 -288.6101 -4.4167 0 0 -1 -1 0 0 0 1 0 32828.dat
1 72 0 -328.6101 -4.4167 0 0 -1 -1 0 0 0 1 0 32828.dat
0 STEP
1 72 30 -288.6101 -16.4167 -1 0 0 0 0 1 0 1 0 24246.dat
1 72 -30 -288.6101 -12.4167 -1 0 0 0 0 1 0 1 0 24246.dat
1 72 0 -328.6101 -12.4167 -1 0 0 0 0 1 0 1 0 1748.dat
0 STEP
1 16 40 -221.4101 -32.55 -1 0 0 0 1 0 0 0 -1 x9
0 STEP
1 15 -10 -48.6101 -60.4167 1 0 0 0 0 -1 0 1 0 3622.dat
1 15 80 -48.6101 -60.4167 1 0 0 0 0 -1 0 1 0 3009.dat
1 15 130 -78.61 -60.4167 0 0 1 1 0 0 0 1 0 3004.dat
1 15 130 -198.6101 -60.4167 0 0 1 1 0 0 0 1 0 6111.dat
0 STEP
1 15 -20 -48.6101 -84.4167 1 0 0 0 0 -1 0 1 0 3004.dat
1 15 60 -48.6101 -84.4167 1 0 0 0 0 -1 0 1 0 3009.dat
1 15 130 -98.61 -84.4167 0 0 1 1 0 0 0 1 0 3009.dat
1 15 130 -168.6101 -84.4167 1 0 0 0 0 -1 0 1 0 3005.dat
1 15 130 -198.6101 -68.4167 0 0 1 1 0 0 0 1 0 3023b.dat
1 15 130 -318.6101 -44.4167 0 0 1 1 0 0 0 1 0 3023b.dat
0 STEP
1 15 130 -238.6101 -84.4167 -1 0 0 0 0 1 0 1 0 4569.dat
1 15 130 -358.6101 -60.4166 -1 0 0 0 0 1 0 1 0 4569.dat
0 STEP
1 15 -530.0002 -68.6101 -60.4167 0 0 1 1 0 0 0 1 0 3622.dat
1 15 -530.0002 -198.6101 -60.4167 0 0 1 1 0 0 0 1 0 6111.dat
0 STEP
1 15 -530.0002 -98.6101 -84.4167 0 0 1 1 0 0 0 1 0 3009.dat
1 15 -530.0002 -168.6101 -84.4167 1 0 0 0 0 -1 0 1 0 3005.dat
1 15 -530.0002 -198.6101 -68.4167 0 0 1 1 0 0 0 1 0 3023b.dat
1 15 -530.0001 -318.6101 -44.4167 0 0 1 1 0 0 0 1 0 3023b.dat
0 STEP
1 15 -530.0001 -358.6101 -60.4166 -1 0 0 0 0 1 0 1 0 4569.dat
1 15 -530.0002 -238.6101 -84.4167 -1 0 0 0 0 1 0 1 0 4569.dat
0 STEP
1 16 -60 -168.6101 -44.4167 0 0 1 -1 0 0 0 -1 0 x10
0 STEP
1 16 -70 -98.6101 -44.4167 1 0 0 0 0 -1 0 1 0 x11
0 STEP
1 16 -4 -58.61 -44.4167 0 0 -1 0 1 0 1 0 0 x12
1 16 92 -58.6101 -44.4167 0 0 -1 0 1 0 1 0 0 x12
0 STEP
1 16 44 -58.6101 -44.4167 0 0 -1 0 1 0 1 0 0 x13
0 STEP
1 19 -4 -266.61 -64.4167 0 0 -1 0 1 0 1 0 0 33909.dat
1 19 92 -266.6101 -64.4167 0 0 1 0 1 0 -1 0 0 33909.dat
1 19 -14 -274.61 -74.4167 1 0 0 0 1 0 0 0 1 20482.dat
1 19 102 -274.6101 -74.4167 1 0 0 0 1 0 0 0 1 20482.dat
0 STEP
1 15 -530.0002 -48.6101 -92.4167 1 0 0 0 0 -1 0 1 0 2420.dat
1 15 130 -48.6101 -92.4167 0 0 -1 -1 0 0 0 1 0 2420.dat
1 71 90 -48.6101 -100.4167 -1 0 0 0 0 1 0 1 0 3386.dat
1 71 30 -48.6101 -100.4167 -1 0 0 0 0 1 0 1 0 3386.dat
1 15 60 -48.6101 -92.4167 1 0 0 0 0 -1 0 1 0 3023b.dat
1 15 -40 -48.6101 -108.4166 1 0 0 0 0 -1 0 1 0 3009.dat
1 15 -200.0001 -48.6101 -108.4166 -1 0 0 0 0 1 0 1 0 6111.dat
1 15 -400 -48.6101 -108.4166 -1 0 0 0 0 1 0 1 0 6111.dat
0 STEP
1 15 -530.0002 -118.6101 -108.4167 -1 0 0 0 0 1 0 1 0 4569.dat
1 15 130 -118.6101 -108.4167 -1 0 0 0 0 1 0 1 0 4569.dat
1 15 -520.0002 -48.6101 -100.4167 1 0 0 0 0 -1 0 1 0 3023b.dat
1 15 120 -48.6101 -100.4167 1 0 0 0 0 -1 0 1 0 3023b.dat
0 STEP
1 15 -520.0002 -48.6101 -108.4167 1 0 0 0 0 -1 0 1 0 3023b.dat
1 15 80 -48.6101 -108.4167 1 0 0 0 0 -1 0 1 0 3666.dat
0 STEP
1 15 -500.0002 -48.6101 -116.4167 1 0 0 0 0 -1 0 1 0 2431.dat
1 15 -400 -48.6101 -116.4166 1 0 0 0 0 -1 0 1 0 2431.dat
1 15 -320 -48.6101 -116.4166 1 0 0 0 0 -1 0 1 0 2431.dat
1 15 100 -48.6101 -116.4167 1 0 0 0 0 -1 0 1 0 2431.dat
1 15 0 -48.6101 -116.4166 1 0 0 0 0 -1 0 1 0 2431.dat
1 15 -80.0001 -48.6101 -116.4166 1 0 0 0 0 -1 0 1 0 2431.dat
1 15 -450 -48.6101 -116.4166 1 0 0 0 0 -1 0 1 0 3070b.dat
1 15 50 -48.6101 -116.4167 1 0 0 0 0 -1 0 1 0 3070b.dat
1 15 -200.0001 -48.6101 -116.4167 1 0 0 0 0 -1 0 1 0 4162p20.dat
0 STEP
1 28 20 -66.6101 -94.4167 1 0 0 0 1 0 0 0 1 4477.dat
1 0 -289.742 -97.375 -64.5986 -0.048086 0.000763 0.998843 0.99834 -0.031705 0.048086 0.031705 0.999497 0.000763 5264.dat
1 0 -110.1575 -97.65 -64.489 0.05081 0.000767 0.998708 0.998287 -0.029078 -0.050766 0.029001 0.999577 -0.002243 5264.dat
0 STEP
1 0 -300 -104.6101 -76.4167 0 0 1 1 0 0 0 1 0 32828.dat
1 0 -100 -104.6101 -76.4167 0 0 1 1 0 0 0 1 0 32828.dat
1 72 -330 -74.6101 -94.4166 1 0 0 0 1 0 0 0 1 77850.dat
1 72 -70 -74.6101 -94.4167 1 0 0 0 1 0 0 0 1 77850.dat
1 72 -370 -74.6101 -94.4167 0 0 1 0 1 0 -1 0 0 25269.dat
1 72 40 -74.6101 -94.4167 1 0 0 0 1 0 0 0 1 4162.dat
0 STEP
1 0 -350.3473 -121.6101 -96.3863 0.984808 0.173648 0 0 0 -1 -0.173648 0.984808 0 3900.dat
1 0 -309.6527 -122.6101 -96.3862 0.984808 -0.173648 0 0 0 -1 0.173648 0.984808 0 3900.dat
1 0 -90.3473 -119.2301 -96.3863 0.984808 0.173648 0 0 0 -1 -0.173648 0.984808 0 3900.dat
1 0 -49.6527 -119.2301 -96.3863 0.984808 -0.173648 0 0 0 -1 0.173648 0.984808 0 3900.dat
1 0 -330 -79.6101 -94.4166 1 0 0 0 1 0 0 0 1 37762.dat
1 0 -70 -78.6101 -94.4167 1 0 0 0 1 0 0 0 1 37762.dat
0 STEP
1 0 -330 -133.0401 -96.4166 0 0 1 1 0 0 0 1 0 32828.dat
1 0 -70 -130.6101 -96.4167 0 0 1 1 0 0 0 1 0 32828.dat
1 0 -330 -133.0401 -104.4167 1 0 0 0 0 -1 0 1 0 6141.dat
1 0 -70 -130.6101 -104.4167 1 0 0 0 0 -1 0 1 0 6141.dat
1 0 -330 -133.0401 -112.4167 1 0 0 0 0 -1 0 1 0 4740.dat
1 0 -70 -130.6101 -112.4167 1 0 0 0 0 -1 0 1 0 4740.dat
0 STEP
1 16 -200 -303.3601 -21.8095 1 0 0 0 1 0 0 0 1 tower 2
0 STEP
1 16 -242.9142 -182.0721 -54.4165 1 0 0 0 1 0 0 0 1 x14
1 16 -162.9141 -182.0721 -54.417 1 0 0 0 1 0 0 0 1 x14
0 STEP
1 16 -200.4742 -638.3107 -26.4159 1 0 0 0 1 0 0 0 1 x15
0 STEP
0 STEP
0 NOFILE
0 FILE Scene 1
0 Scene 1
0 Name: Scene 1
0 Author: 
0 CustomBrick
0 FlexibleBrickControlPointUnitLength -1
0 FlexibleBrickLockedControlPoint 
0 NumOfBricks 140
1 72 -10 -34.4167 -29.5833 1 0 0 0 0 1 0 -1 0 3623.dat
1 15 0 -34.4167 -5.5833 1 0 0 0 0 1 0 -1 0 30414.dat
0 STEP
1 15 80 -34.4167 -29.5833 1 0 0 0 0 1 0 -1 0 3666.dat
1 15 80 -34.4167 -5.5833 1 0 0 0 0 1 0 -1 0 30414.dat
1 15 160 -34.4167 -5.5833 1 0 0 0 0 1 0 -1 0 30414.dat
1 15 200 -34.4167 -29.5833 1 0 0 0 0 1 0 -1 0 3666.dat
0 STEP
1 15 240 -34.4167 -5.5833 1 0 0 0 0 1 0 -1 0 30414.dat
1 15 320 -34.4167 -29.5833 1 0 0 0 0 1 0 -1 0 3666.dat
1 15 320 -34.4167 -5.5833 1 0 0 0 0 1 0 -1 0 30414.dat
0 STEP
1 15 400 -34.4167 -5.5833 1 0 0 0 0 1 0 -1 0 30414.dat
1 72 410 -34.4167 -29.5833 1 0 0 0 0 1 0 -1 0 3623.dat
0 STEP
1 71 -30 -34.4167 34.4167 1 0 0 0 0 1 0 -1 0 32952.dat
1 71 430 -34.4167 34.4167 1 0 0 0 0 1 0 -1 0 32952.dat
1 15 0 -34.4167 34.4167 1 0 0 0 0 1 0 -1 0 22885.dat
1 15 40 -34.4167 34.4167 1 0 0 0 0 1 0 -1 0 22885.dat
1 15 80 -34.4167 34.4167 1 0 0 0 0 1 0 -1 0 22885.dat
1 15 120 -34.4167 34.4167 1 0 0 0 0 1 0 -1 0 22885.dat
1 15 160.0001 -34.4167 34.4167 1 0 0 0 0 1 0 -1 0 22885.dat
1 15 200.0001 -34.4167 34.4167 1 0 0 0 0 1 0 -1 0 22885.dat
1 15 240.0001 -34.4167 34.4167 1 0 0 0 0 1 0 -1 0 22885.dat
1 15 280 -34.4167 34.4167 1 0 0 0 0 1 0 -1 0 22885.dat
1 15 320 -34.4167 34.4167 1 0 0 0 0 1 0 -1 0 22885.dat
1 15 359.9999 -34.4167 34.4167 1 0 0 0 0 1 0 -1 0 22885.dat
1 15 400 -34.4167 34.4167 1 0 0 0 0 1 0 -1 0 22885.dat
0 STEP
1 72 -20 -52.4167 14.4167 1 0 0 0 1 0 0 0 1 3022.dat
1 28 20 -52.4167 34.4167 0 0 -1 0 1 0 1 0 0 26601.dat
1 4 20 -52.4167 4.4167 1 0 0 0 1 0 0 0 1 3023b.dat
1 28 60 -52.4167 14.4167 -1 0 0 0 1 0 0 0 -1 33909.dat
1 28 100 -52.4167 14.4167 -1 0 0 0 1 0 0 0 -1 33909.dat
1 28 140 -52.4167 14.4167 -1 0 0 0 1 0 0 0 -1 33909.dat
1 28 180.0001 -52.4167 14.4167 -1 0 0 0 1 0 0 0 -1 33909.dat
0 STEP
1 28 220.0001 -52.4167 34.4167 -1 0 0 0 1 0 0 0 -1 26601.dat
1 28 270 -52.4167 34.4167 1 0 0 0 1 0 0 0 1 3021.dat
1 28 320 -52.4167 34.4167 -1 0 0 0 1 0 0 0 -1 33909.dat
1 28 359.9999 -52.4167 34.4167 -1 0 0 0 1 0 0 0 -1 33909.dat
1 28 409.9999 -52.4167 34.4167 1 0 0 0 1 0 0 0 1 26603.dat
1 15 260.0001 -52.4167 4.4167 1 0 0 0 1 0 0 0 1 3666.dat
1 0 380 -52.4167 -5.5833 1 0 0 0 1 0 0 0 1 3795.dat
1 71 290 -52.4167 -15.5833 1 0 0 0 1 0 0 0 1 3623.dat
0 STEP
1 72 0 -60.4167 4.4167 1 0 0 0 1 0 0 0 1 2431.dat
1 72 -30 -60.4167 24.4167 1 0 0 0 1 0 0 0 1 3070b.dat
1 72 -10 -60.4167 24.4167 1 0 0 0 1 0 0 0 1 3070b.dat
1 72 20 -60.4167 24.4167 1 0 0 0 1 0 0 0 1 15573.dat
1 72 60 -60.4167 14.4167 1 0 0 0 1 0 0 0 1 35787.dat
1 72 240.0001 -60.4167 4.4167 1 0 0 0 1 0 0 0 1 2431.dat
1 72 180.0001 -60.4167 14.4167 0 0 -1 0 1 0 1 0 0 35787.dat
1 72 220 -60.4167 24.4167 1 0 0 0 1 0 0 0 1 15573.dat
1 72 250 -60.4167 24.4167 1 0 0 0 1 0 0 0 1 3070b.dat
1 72 270 -60.4167 24.4167 1 0 0 0 1 0 0 0 1 3070b.dat
0 STEP
1 19 320.0001 -60.4167 14.4167 1 0 0 0 1 0 0 0 1 87079.dat
1 19 430 -60.4167 4.4167 0 0 1 0 1 0 -1 0 0 63864.dat
1 19 400 -60.4167 14.4167 1 0 0 0 1 0 0 0 1 3068b.dat
1 72 380 -60.4167 -15.5833 1 0 0 0 1 0 0 0 1 2431.dat
1 72 300 -60.4167 -15.5833 1 0 0 0 1 0 0 0 1 2431.dat
1 15 370 -76.4167 4.4167 1 0 0 0 1 0 0 0 1 3005.dat
1 4 369.9999 -76.4167 24.4167 -1 0 0 0 1 0 0 0 -1 87087.dat
1 19 370 -84.4167 14.4167 0 0 1 0 1 0 -1 0 0 99563.dat
0 STEP
1 16 113.55 -44.4167 -17.6833 -1 0 0 0 1 0 0 0 -1 sub1
0 STEP
1 28 120 -60.4167 -5.5833 -1 0 0 0 1 0 0 0 -1 33909.dat
1 28 80 -60.4167 -5.5833 -1 0 0 0 1 0 0 0 -1 35787.dat
1 28 160 -60.4167 -5.5833 0 0 1 0 1 0 -1 0 0 35787.dat
0 STEP
0 STEP
1 16 43.9775 -117.6642 -15.5833 0.484809 0.87462 0 -0.87462 0.484809 -0.000001 0 0 1 sub1-2
1 16 196.5062 -118.602 -15.5834 0.469472 -0.882948 -0.000001 0.882948 0.469472 0.000001 0 -0.000001 1 sub1-2
0 STEP
1 16 120.4808 -211.8787 -29.5033 1 0 0 0 -1 0 0 0 -1 sub1-1
0 STEP
0 STEP
0 STEP
1 19 210 -388.8467 4.4167 1 0 0 0 1 0 0 0 1 71192.dat copy 5
0 STEP
0 NOFILE
0 FILE X1
0 X1
0 Name: X1
0 Author: 
0 CustomBrick
0 FlexibleBrickControlPointUnitLength -1
0 FlexibleBrickLockedControlPoint 
0 NumOfBricks 24
1 4 -19.2308 -34.7692 16.7692 -1 0 0 0 0 1 0 1 0 3020.dat
1 72 -29.2308 -24.7692 -7.2308 -1 0 0 0 0 1 0 1 0 3622.dat
1 71 20.7692 -34.7692 -7.2308 -1 0 0 0 0 1 0 1 0 3003.dat
1 71 30.7692 -34.7692 16.7692 0 0 -1 -1 0 0 0 1 0 3023b.dat
0 STEP
1 71 20.7692 -34.7692 -31.2308 -1 0 0 0 0 1 0 1 0 3003.dat
1 72 -29.2308 -24.7692 -31.2308 -1 0 0 0 0 1 0 1 0 3622.dat
1 28 -19.2308 -44.7692 -23.2308 -1 0 0 0 0 1 0 1 0 22885.dat
1 322 -49.2308 -44.7692 -23.2308 -1 0 0 0 0 1 0 1 0 32952.dat
0 STEP
1 71 -9.2308 -44.7692 -31.2308 -1 0 0 0 0 1 0 1 0 3070b.dat
1 71 -29.2308 -44.7692 -31.2308 0 0 -1 -1 0 0 0 1 0 2420.dat
0 STEP
1 71 10.7692 -34.7692 -39.2308 -1 0 0 0 0 1 0 1 0 26603.dat
1 71 -29.2308 -44.7692 -39.2308 0 0 -1 -1 0 0 0 1 0 14719.dat
1 0 -39.2308 -24.7692 -39.2308 -1 0 0 0 0 1 0 1 0 35480.dat
0 STEP
1 71 -29.2308 -78.7692 -3.2308 1 0 0 0 1 0 0 0 1 3002.dat
0 STEP
1 72 -29.2308 -102.7692 6.7692 1 0 0 0 1 0 0 0 1 3622.dat
1 71 -49.2308 -102.7692 -13.2308 0 0 -1 0 1 0 1 0 0 3040b.dat
1 71 -9.2308 -78.7692 -13.2308 0 0 1 0 1 0 -1 0 0 35464.dat
0 STEP
1 72 -49.2308 -110.7692 6.7692 1 0 0 0 1 0 0 0 1 3024.dat
1 71 -49.2308 -102.7692 -13.2308 1 0 0 0 1 0 0 0 1 35464.dat
1 72 -19.2308 -110.7692 6.7692 0 0 -1 0 1 0 1 0 0 92946.dat
1 72 -49.2308 -118.7692 6.7692 1 0 0 0 1 0 0 0 1 3024.dat
1 72 -49.2308 -118.7692 6.7692 0 0 1 0 1 0 -1 0 0 49307.dat
0 STEP
1 72 -29.2308 -134.7692 6.7692 1 0 0 0 1 0 0 0 1 59900.dat
1 72 -29.2308 -142.9618 6.7692 1 0 0 0 1 0 0 0 1 78258.dat
0 STEP
0 NOFILE
0 FILE X2
0 X2
0 Name: X2
0 Author: 
0 CustomBrick
0 FlexibleBrickControlPointUnitLength -1
0 FlexibleBrickLockedControlPoint 
0 NumOfBricks 22
1 71 43 -43.875 12.875 0 1 0 0 0 -1 -1 0 0 2420.dat
1 71 35 -53.875 2.875 0 1 0 0 0 1 1 0 0 3022.dat
1 71 43 -63.875 -7.125 0 1 0 0 0 1 1 0 0 73825.dat
1 72 31 -33.875 2.875 0 0 1 0 1 0 -1 0 0 41682.dat
1 71 11 -63.875 2.875 0 1 0 0 0 -1 -1 0 0 98283.dat
0 STEP
1 72 3 -43.875 2.875 0 1 0 0 0 1 1 0 0 3004.dat
1 71 -5 -43.875 2.875 0 1 0 0 0 1 1 0 0 3023b.dat
0 STEP
1 71 3 -63.875 -7.125 0 1 0 0 0 1 1 0 0 73825.dat
1 71 -13 -63.875 -7.125 0 1 0 0 0 1 1 0 0 86996.dat
1 0 -13 -63.875 12.875 0 1 0 0 0 1 1 0 0 3005.dat
1 72 -9 -33.875 2.875 0 0 1 0 1 0 -1 0 0 41682.dat
0 STEP
1 71 -29 -53.875 -7.125 0 1 0 1 0 0 0 0 -1 47457.dat
0 STEP
1 72 -37 -43.875 -7.125 0 1 0 0 0 1 1 0 0 3024.dat
1 71 -37 -63.875 -7.125 0 1 0 0 0 1 1 0 0 73825.dat
1 71 -45 -53.875 -7.125 0 1 0 -1 0 0 0 0 1 3023b.dat
1 71 -69 -53.875 -7.125 0 1 0 1 0 0 0 0 -1 37352.dat
0 STEP
1 28 -59 -85.875 -7.125 0 0 1 0 1 0 -1 0 0 25269.dat
1 28 -39 -85.875 -7.125 1 0 0 0 1 0 0 0 1 25269.dat
1 28 -19 -85.875 -7.125 0 0 1 0 1 0 -1 0 0 25269.dat
1 28 1 -85.875 -7.125 1 0 0 0 1 0 0 0 1 25269.dat
1 28 21 -85.875 -7.125 0 0 1 0 1 0 -1 0 0 25269.dat
1 28 41 -85.875 -7.125 1 0 0 0 1 0 0 0 1 25269.dat
0 STEP
0 STEP
0 NOFILE
0 FILE X3
0 X3
0 Name: X3
0 Author: 
0 CustomBrick
0 FlexibleBrickControlPointUnitLength -1
0 FlexibleBrickLockedControlPoint 
0 NumOfBricks 48
1 28 10 -40 18 1 0 0 0 1 0 0 0 1 22885.dat
1 28 0 -30 0 0 0 1 1 0 0 0 1 0 2420.dat
1 28 20 -10 0 1 0 0 0 0 -1 0 1 0 3024.dat
0 STEP
1 28 10 0 8 1 0 0 0 1 0 0 0 1 33909.dat
0 STEP
1 28 0 -30 -8 1 0 0 0 0 -1 0 1 0 25269.dat
1 28 20 -30 -8 0 0 1 1 0 0 0 1 0 25269.dat
1 28 10 -10 -8 1 0 0 0 0 -1 0 1 0 15573.dat
0 STEP
1 28 10 -10 -16 -1 0 0 0 0 1 0 1 0 49668.dat
0 STEP
1 28 10 -48 8 0 0 1 0 1 0 -1 0 0 33909.dat
1 72 10 -52 28 -1 0 0 0 0 1 0 1 0 41682.dat
1 28 10 -56 -2 1 0 0 0 1 0 0 0 1 32028.dat
0 STEP
1 28 0 -80 18 1 0 0 0 1 0 0 0 1 3005.dat
1 28 0 -80 -2 1 0 0 0 1 0 0 0 1 87087.dat
1 28 50 -80 18 1 0 0 0 1 0 0 0 1 3659.dat
1 28 50 -80 -2 1 0 0 0 1 0 0 0 1 3659.dat
0 STEP
1 28 90 -40 18 1 0 0 0 1 0 0 0 1 22885.dat
1 28 80 -30 0 0 0 1 1 0 0 0 1 0 2420.dat
1 28 100 -10 0 1 0 0 0 0 -1 0 1 0 3024.dat
0 STEP
1 28 90 0 8 1 0 0 0 1 0 0 0 1 33909.dat
0 STEP
1 28 100 -30 -8 0 0 1 1 0 0 0 1 0 25269.dat
1 28 80 -30 -8 1 0 0 0 0 -1 0 1 0 25269.dat
1 28 90 -10 -8 1 0 0 0 0 -1 0 1 0 15573.dat
0 STEP
1 28 89.9999 -10 -16 -1 0 0 0 0 1 0 1 0 49668.dat
0 STEP
1 28 90 -48 8 0 0 1 0 1 0 -1 0 0 33909.dat
0 STEP
1 72 90 -52 28 -1 0 0 0 0 1 0 1 0 41682.dat
1 28 90 -56 -2 1 0 0 0 1 0 0 0 1 32028.dat
0 STEP
1 28 100 -80 18 1 0 0 0 1 0 0 0 1 3005.dat
1 28 100 -80 -2 1 0 0 0 1 0 0 0 1 87087.dat
0 STEP
1 28 10 -70 -20 1 0 0 0 0 -1 0 1 0 99563.dat
1 28 90 -70 -20 1 0 0 0 0 -1 0 1 0 99563.dat
1 0 50 -88 18 1 0 0 0 1 0 0 0 1 2431.dat
1 28 0 -88 18 1 0 0 0 1 0 0 0 1 98138.dat
1 28 20 -88 -2 1 0 0 0 1 0 0 0 1 98138.dat
1 28 40 -88 -2 1 0 0 0 1 0 0 0 1 98138.dat
1 28 60 -88 -2 1 0 0 0 1 0 0 0 1 98138.dat
1 28 80 -88 -2 1 0 0 0 1 0 0 0 1 98138.dat
1 28 100 -88 18 1 0 0 0 1 0 0 0 1 98138.dat
0 STEP
1 28 0 -88 -2 1 0 0 0 1 0 0 0 1 6141.dat
1 28 100 -88 -2 1 0 0 0 1 0 0 0 1 6141.dat
0 STEP
1 28 0 -96 -2 1 0 0 0 1 0 0 0 1 87580.dat
1 28 100 -96 -2 1 0 0 0 1 0 0 0 1 87580.dat
0 STEP
1 28 50 -104 18 1 0 0 0 1 0 0 0 1 3666.dat
1 28 30 -96 -2 0 0 1 0 1 0 -1 0 0 15573.dat
1 28 50 -96 -2 0 0 1 0 1 0 -1 0 0 15573.dat
1 28 70 -96 -2 0 0 1 0 1 0 -1 0 0 15573.dat
0 STEP
1 28 20 -112 8 1 0 0 0 1 0 0 0 1 26603.dat
1 28 80 -112 8 1 0 0 0 1 0 0 0 1 26603.dat
1 28 50 -104 -2 1 0 0 0 1 0 0 0 1 3666.dat
0 STEP
0 STEP
0 NOFILE
0 FILE X4
0 X4
0 Name: X4
0 Author: 
0 CustomBrick
0 FlexibleBrickControlPointUnitLength -1
0 FlexibleBrickLockedControlPoint 
0 NumOfBricks 12
1 71 0 -16 -20 1 0 0 0 1 0 0 0 1 4304.dat
1 71 0 -16 0 1 0 0 0 1 0 0 0 1 3023b.dat
0 STEP
1 72 0 -20 10 -1 0 0 0 0 1 0 1 0 41682.dat
0 STEP
1 72 -10 -48 0 1 0 0 0 1 0 0 0 1 3005.dat
1 72 10 -48 0 1 0 0 0 1 0 0 0 1 3005.dat
0 STEP
1 72 -10 -56 0 1 0 0 0 1 0 0 0 1 3024.dat
1 72 10 -56 0 0 0 -1 0 1 0 1 0 0 24246.dat
1 72 -10 -56 0 1 0 0 0 1 0 0 0 1 49307.dat
1 71 -10 -32 -20 1 0 0 0 1 0 0 0 1 86996.dat
1 71 10 -16 -20 0 0 1 0 1 0 -1 0 0 35464.dat
1 71 -10 -40 -20 1 0 0 0 1 0 0 0 1 3070b.dat
1 71 -10 -10 -38 1 0 0 0 0 -1 0 1 0 14719.dat
0 STEP
0 STEP
0 NOFILE
0 FILE X5
0 X5
0 Name: X5
0 Author: 
0 CustomBrick
0 FlexibleBrickControlPointUnitLength -1
0 FlexibleBrickLockedControlPoint 
0 NumOfBricks 19
1 322 -6.3334 -32.3333 24.3333 -1 0 0 0 0 1 0 1 0 3021.dat
1 4 3.6666 -32.3333 16.3333 -1 0 0 0 0 1 0 1 0 33909.dat
1 71 -26.3333 -32.3333 16.3333 0 0 1 1 0 0 0 1 0 3023b.dat
0 STEP
1 1 13.6666 -22.3333 8.3333 -1 0 0 0 0 1 0 1 0 36840.dat
1 15 13.6666 -22.3333 0.3333 -1 0 0 0 0 1 0 1 0 6141.dat
1 4 13.6666 -22.3333 -7.6667 -1 0 0 0 0 1 0 1 0 6141.dat
0 STEP
1 71 -16.3333 -22.3333 -7.6667 1 0 0 0 0 -1 0 1 0 4216.dat
1 28 -16.3333 -42.3333 -7.6667 -1 0 0 0 0 1 0 1 0 11211.dat
0 STEP
1 19 3.6667 -22.3333 -15.6667 -1 0 0 0 0 1 0 1 0 2412b.dat
1 19 -26.3333 -22.3333 -15.6667 -1 0 0 0 0 1 0 1 0 3070b.dat
1 19 -26.3333 -42.3333 -15.6667 -1 0 0 0 0 1 0 1 0 24246.dat
1 19 -6.3334 -42.3333 -15.6667 -1 0 0 0 0 1 0 1 0 24246.dat
0 STEP
1 19 -6.3334 -76.3333 2.3333 -1 0 0 0 1 0 0 0 -1 4070.dat
1 71 -6.3334 -66.3334 16.3333 1 0 0 0 0 1 0 -1 0 3070b.dat
1 19 -6.3334 -84.3334 2.3333 1 0 0 0 1 0 0 0 1 3024.dat
0 STEP
1 72 -6.3334 -84.3334 2.3333 1 0 0 0 1 0 0 0 1 54200.dat
1 19 -26.3333 -92.3334 2.3333 1 0 0 0 1 0 0 0 1 32952.dat
1 19 -26.3334 -72.3333 -15.6667 0 0 1 1 0 0 0 1 0 99563.dat
1 19 -26.3333 -100.3334 2.3333 1 0 0 0 1 0 0 0 1 20482.dat
0 STEP
0 NOFILE
0 FILE X6
0 X6
0 Name: X6
0 Author: 
0 CustomBrick
0 FlexibleBrickControlPointUnitLength -1
0 FlexibleBrickLockedControlPoint 
0 NumOfBricks 30
1 72 42.2222 -32.6667 24.6667 -1 0 0 0 0 1 0 1 0 3022.dat
1 322 32.2222 -32.6667 16.6667 -1 0 0 0 0 1 0 1 0 3021.dat
1 322 -7.7778 -32.6667 24.6667 -1 0 0 0 0 1 0 1 0 3021.dat
1 4 -17.7778 -32.6667 16.6667 -1 0 0 0 0 1 0 1 0 33909.dat
0 STEP
1 19 22.2222 -22.6667 -7.3333 -1 0 0 0 0 1 0 1 0 3010.dat
1 28 42.2222 -42.6667 -7.3333 -1 0 0 0 0 1 0 1 0 11211.dat
1 28 2.2222 -42.6667 -7.3333 -1 0 0 0 0 1 0 1 0 11211.dat
0 STEP
1 1 -27.7778 -22.6667 8.6667 -1 0 0 0 0 1 0 1 0 36840.dat
1 15 -27.7778 -22.6667 0.6667 -1 0 0 0 0 1 0 1 0 6141.dat
1 4 -27.7778 -22.6667 -7.3333 -1 0 0 0 0 1 0 1 0 6141.dat
0 STEP
1 19 52.2222 -22.6667 -15.3333 -1 0 0 0 0 1 0 1 0 3070b.dat
1 19 32.2222 -22.6667 -15.3333 -1 0 0 0 0 1 0 1 0 3070b.dat
1 19 12.2222 -22.6667 -15.3333 -1 0 0 0 0 1 0 1 0 3070b.dat
1 19 52.2222 -42.6667 -15.3333 -1 0 0 0 0 1 0 1 0 24246.dat
1 19 32.2222 -42.6667 -15.3333 -1 0 0 0 0 1 0 1 0 24246.dat
1 19 12.2222 -42.6667 -15.3333 -1 0 0 0 0 1 0 1 0 24246.dat
1 19 -7.7778 -42.6667 -15.3333 -1 0 0 0 0 1 0 1 0 24246.dat
1 19 -17.7778 -22.6667 -15.3333 -1 0 0 0 0 1 0 1 0 2412b.dat
0 STEP
1 19 -7.7778 -76.6667 2.6667 -1 0 0 0 1 0 0 0 -1 4070.dat
1 19 32.2222 -76.6667 2.6667 -1 0 0 0 1 0 0 0 -1 4070.dat
1 71 -7.7778 -66.6667 16.6667 1 0 0 0 0 1 0 -1 0 3070b.dat
1 71 32.2222 -66.6667 16.6667 1 0 0 0 0 1 0 -1 0 3070b.dat
1 72 -7.7778 -76.6667 2.6667 -1 0 0 0 1 0 0 0 -1 54200.dat
1 72 32.2222 -76.6667 2.6667 -1 0 0 0 1 0 0 0 -1 54200.dat
0 STEP
1 19 52.2222 -92.6667 2.6667 1 0 0 0 1 0 0 0 1 32952.dat
1 19 12.2222 -92.6667 2.6667 1 0 0 0 1 0 0 0 1 32952.dat
0 STEP
1 19 12.2222 -72.6667 -15.3333 0 0 1 1 0 0 0 1 0 99563.dat
1 19 52.2222 -72.6667 -15.3333 0 0 1 1 0 0 0 1 0 99563.dat
1 19 12.2222 -100.6667 2.6667 1 0 0 0 1 0 0 0 1 20482.dat
1 19 52.2222 -100.6667 2.6667 1 0 0 0 1 0 0 0 1 20482.dat
0 STEP
0 NOFILE
0 FILE X7
0 X7
0 Name: X7
0 Author: 
0 CustomBrick
0 FlexibleBrickControlPointUnitLength -1
0 FlexibleBrickLockedControlPoint 
0 NumOfBricks 28
1 72 0 -8 0 1 0 0 0 1 0 0 0 1 3623.dat
1 19 0 -32 0 1 0 0 0 1 0 0 0 1 3622.dat
0 STEP
1 19 -20 -40 0 1 0 0 0 1 0 0 0 1 79389.dat
1 19 20 -40 0 1 0 0 0 1 0 0 0 1 79389.dat
1 71 0 -40 0 1 0 0 0 1 0 0 0 1 36841.dat
0 STEP
1 19 -20 -20 -22 0 0 1 1 0 0 0 1 0 2412b.dat
1 19 20 -20 -22 0 0 1 1 0 0 0 1 0 2412b.dat
1 19 0 -30 -22 -1 0 0 0 0 1 0 1 0 24246.dat
0 STEP
1 19 0 -48 -10 1 0 0 0 1 0 0 0 1 3021.dat
1 19 0 -72 0 1 0 0 0 1 0 0 0 1 3622.dat
0 STEP
1 19 -20 -72 -20 1 0 0 0 1 0 0 0 1 4070.dat
1 19 0 -72 -20 1 0 0 0 1 0 0 0 1 4070.dat
1 19 20 -72 -20 1 0 0 0 1 0 0 0 1 4070.dat
0 STEP
1 19 -20 -62 -34 -1 0 0 0 0 1 0 1 0 24246.dat
1 19 0 -62 -34 -1 0 0 0 0 1 0 1 0 24246.dat
1 19 20 -62 -34 -1 0 0 0 0 1 0 1 0 24246.dat
1 19 0 -80 0 1 0 0 0 1 0 0 0 1 3623.dat
1 19 0 -80 -20 1 0 0 0 1 0 0 0 1 34103.dat
0 STEP
1 72 -20 -88 0 0 0 1 0 1 0 -1 0 0 36840.dat
1 72 20 -88 0 0 0 -1 0 1 0 1 0 0 36840.dat
1 72 0 -88 0 1 0 0 0 1 0 0 0 1 3024.dat
0 STEP
1 72 0 -96 0 1 0 0 0 1 0 0 0 1 3623.dat
0 STEP
1 72 0 -104 0 1 0 0 0 1 0 0 0 1 3024.dat
1 72 0 -112 0 1 0 0 0 1 0 0 0 1 3024.dat
1 72 -20 -96 0 0 0 1 0 1 0 -1 0 0 54200.dat
1 72 20 -96 0 0 0 -1 0 1 0 1 0 0 54200.dat
1 19 20 -80 -20 0 0 -1 0 1 0 1 0 0 61409b.dat
1 19 -20 -80 -20 0 0 1 0 1 0 -1 0 0 61409b.dat
0 STEP
0 STEP
0 NOFILE
0 FILE X8
0 X8
0 Name: X8
0 Author: 
0 CustomBrick
0 FlexibleBrickControlPointUnitLength -1
0 FlexibleBrickLockedControlPoint 
0 NumOfBricks 11
1 72 30 -8 -30 1 0 0 0 1 0 0 0 1 30503.dat
1 47 0 -16 0 1 0 0 0 1 0 0 0 1 3070b.dat
1 47 20 -16 0 1 0 0 0 1 0 0 0 1 3070b.dat
1 47 0 -16 -20 1 0 0 0 1 0 0 0 1 3070b.dat
1 47 0 -16 -40 1 0 0 0 1 0 0 0 1 3070b.dat
1 47 40 -16 0 1 0 0 0 1 0 0 0 1 3070b.dat
1 47 20 -16 -20 1 0 0 0 1 0 0 0 1 3070b.dat
1 47 0 -16 -70 0 0 1 0 1 0 -1 0 0 5091.dat
1 47 20 -16 -50 0 0 1 0 1 0 -1 0 0 5091.dat
1 47 70 -16 0 1 0 0 0 1 0 0 0 1 5092.dat
1 47 50 -16 -20 1 0 0 0 1 0 0 0 1 5092.dat
0 NOFILE
0 FILE X9
0 X9
0 Name: X9
0 Author: 
0 CustomBrick
0 FlexibleBrickControlPointUnitLength -1
0 FlexibleBrickLockedControlPoint 
0 NumOfBricks 34
1 72 0 -7.2 -28.1333 1 0 0 0 0 1 0 -1 0 3460.dat
1 71 0 -17.2 -4.1333 1 0 0 0 0 1 0 -1 0 3007.dat
1 71 -60 -27.2 -28.1333 1 0 0 0 0 1 0 -1 0 99207.dat
1 71 -20 -27.2 -28.1333 1 0 0 0 0 1 0 -1 0 99207.dat
1 71 20 -27.2 -28.1333 1 0 0 0 0 1 0 -1 0 99207.dat
1 71 60 -27.2 -28.1333 1 0 0 0 0 1 0 -1 0 99207.dat
0 STEP
1 71 -70 -7.2 3.8667 1 0 0 0 0 1 0 -1 0 3070b.dat
1 71 -70 -27.2 3.8667 1 0 0 0 0 1 0 -1 0 3070b.dat
1 71 -40 -17.2 3.8667 -1 0 0 0 0 -1 0 -1 0 33909.dat
1 71 0 -17.2 3.8667 1 0 0 0 0 1 0 -1 0 33909.dat
1 71 50 -17.2 3.8667 1 0 0 0 0 1 0 -1 0 26603.dat
0 STEP
1 71 10 -7.2 11.8667 -1 0 0 0 0 -1 0 -1 0 14719.dat
1 71 -50 -27.2 11.8667 0 0 1 -1 0 0 0 -1 0 14719.dat
0 STEP
1 72 0 -49.2 -26.1333 1 0 0 0 1 0 0 0 1 3460.dat
0 STEP
1 72 -70 -73.2 -26.1333 1 0 0 0 1 0 0 0 1 3005.dat
1 72 -50 -73.2 -26.1333 1 0 0 0 1 0 0 0 1 3005.dat
1 72 -10 -73.2 -26.1333 1 0 0 0 1 0 0 0 1 3005.dat
1 72 -30 -57.2 -26.1333 1 0 0 0 1 0 0 0 1 3024.dat
1 72 20 -57.2 -26.1333 1 0 0 0 1 0 0 0 1 3069b.dat
1 72 60 -57.2 -26.1333 1 0 0 0 1 0 0 0 1 3069b.dat
0 STEP
1 72 -70 -81.2 -26.1333 1 0 0 0 1 0 0 0 1 24246.dat
1 72 -50 -73.2 -26.1333 -1 0 0 0 1 0 0 0 -1 54200.dat
1 72 -30 -57.2 -26.1333 0 0 -1 0 1 0 1 0 0 54200.dat
1 72 -10 -97.2 -26.1333 1 0 0 0 1 0 0 0 1 3005.dat
0 STEP
1 72 -10 -121.2 -26.1333 1 0 0 0 1 0 0 0 1 59900.dat
1 72 -10.0001 -129.64 -26.1334 1 0 0 0 1 0 0 0 1 78258.dat
0 STEP
1 71 -50 -65.2 -6.1333 0 0 1 0 1 0 -1 0 0 3040b.dat
1 71 -30 -49.2 -6.1333 1 0 0 0 1 0 0 0 1 3070b.dat
1 71 -10 -41.2 -6.1333 0 0 -1 0 1 0 1 0 0 35464.dat
1 71 20 -49.2 -6.1333 1 0 0 0 1 0 0 0 1 15573.dat
1 71 60 -65.2 -6.1333 -1 0 0 0 1 0 0 0 -1 4216.dat
0 STEP
1 71 -50 -73.2 -6.1333 1 0 0 0 1 0 0 0 1 3070b.dat
1 71 60 -89.2 -6.1333 -1 0 0 0 1 0 0 0 -1 15571.dat
1 71 20 -49.2 -6.1333 0 0 1 0 1 0 -1 0 0 35464.dat
0 STEP
0 NOFILE
0 FILE X10
0 X10
0 Name: X10
0 Author: 
0 CustomBrick
0 FlexibleBrickControlPointUnitLength -1
0 FlexibleBrickLockedControlPoint 
0 NumOfBricks 26
1 84 0 -8 0 1 0 0 0 1 0 0 0 1 73831.dat
1 4 0 -16 0 1 0 0 0 1 0 0 0 1 3021.dat
0 STEP
1 71 0 -8 -10 1 0 0 0 1 0 0 0 1 73825.dat
1 0 -10 -40 0 1 0 0 0 1 0 0 0 1 90258.dat
1 19 20 -40 10 0 0 -1 0 1 0 1 0 0 87087.dat
1 72 20 -40 -10 1 0 0 0 1 0 0 0 1 26604.dat
0 STEP
1 322 20 -48 0 0 0 1 0 1 0 -1 0 0 3069b.dat
1 71 0 -20 -24 0 0 1 1 0 0 0 1 0 85984.dat
0 STEP
1 71 46 -20 10 0 -1 0 -1 0 0 0 0 -1 4304.dat
1 322 46 -30 -10 0 -1 0 0 0 -1 1 0 0 6141.dat
0 STEP
1 71 70 -20 10 0 -1 0 -1 0 0 0 0 -1 3004.dat
1 71 62 -10 -10 0 -1 0 0 0 -1 1 0 0 3005.dat
1 19 70 -30 -10 0 -1 0 1 0 0 0 0 1 87087.dat
0 STEP
1 71 40 -30 28 0 0 -1 1 0 0 0 -1 0 3070b.dat
1 71 40 -10 28 0 0 -1 1 0 0 0 -1 0 3070b.dat
1 71 62 -10 -10 0 -1 0 1 0 0 0 0 1 35464.dat
1 71 70 -10 10 0 -1 0 0 0 -1 1 0 0 35464.dat
0 STEP
1 72 78 -30 0 0 -1 0 0 0 1 -1 0 0 3023b.dat
1 72 86 -30 10 0 -1 0 0 0 -1 1 0 0 3024.dat
1 72 94 -30 10 0 -1 0 0 0 -1 1 0 0 3024.dat
0 STEP
1 72 102 -30 10 0 -1 0 1 0 0 0 0 1 28192.dat
0 STEP
1 71 30 -20 -28 1 0 0 0 0 -1 0 1 0 3022.dat
1 71 20 -30 -36 0 0 1 1 0 0 0 1 0 2420.dat
1 71 40 -10 -36 1 0 0 0 0 -1 0 1 0 3070b.dat
0 STEP
1 72 40 -30 -44 0 0 -1 -1 0 0 0 1 0 28192.dat
1 71 20 -20 -36 0 0 1 1 0 0 0 1 0 85984.dat
0 STEP
0 NOFILE
0 FILE X11
0 X11
0 Name: X11
0 Author: 
0 CustomBrick
0 FlexibleBrickControlPointUnitLength -1
0 FlexibleBrickLockedControlPoint 
0 NumOfBricks 18
1 72 20 -10 0 1 0 0 0 0 1 0 -1 0 26604.dat
1 72 0 -10 0 0 0 1 -1 0 0 0 -1 0 26604.dat
1 72 20 -10 40 1 0 0 0 0 1 0 -1 0 26604.dat
1 72 0 -10 40 0 0 1 -1 0 0 0 -1.000001 0 26604.dat
0 STEP
1 28 10 -10 8 1 0 0 0 0 1 0 -1 0 32028.dat
1 28 10 -10 16 1 0 0 0 0 1 0 -1 0 32028.dat
0 STEP
1 28 0 0 50 1 0 0 0 -1 0 0 0 -1 4070.dat
1 28 20 0 50 1 0 0 0 -1 0 0 0 -1 4070.dat
0 STEP
1 72 20 -10 79.9999 1 0 0 0 0 1 0 -1 0 26604.dat
1 72 0 -10 80 0 0 1 -1.000001 0 0 0 -1.000002 0 26604.dat
0 STEP
1 28 0 0 90 1 0 0 0 -1 0 0 0 -1 4070.dat
1 28 20 0 89.9999 1 0 0 0 -1 0 0 0 -1 4070.dat
0 STEP
1 28 10 -10 104 1 0 0 0 0 1 0 -1 0 99563.dat
1 28 10 -28 69.9999 1 0 0 0 1 0 0 0 1 99563.dat
1 28 10 -28 30 1 0 0 0 1 0 0 0 1 99563.dat
1 28 10 -28 -10 1 0 0 0 1 0 0 0 1 99563.dat
0 STEP
1 28 38 -10 39.9999 0 -1 0 0 0 1 -1 0 0 6636.dat
1 28 -18 -10 40 0 1 0 0 0 1 1 0 0 6636.dat
0 STEP
0 NOFILE
0 FILE X12
0 X12
0 Name: X12
0 Author: 
0 CustomBrick
0 FlexibleBrickControlPointUnitLength -1
0 FlexibleBrickLockedControlPoint 
0 NumOfBricks 47
1 4 -10 -8 0 1 0 0 0 1 0 0 0 1 3021.dat
1 71 0 -16 0 1 0 0 0 1 0 0 0 1 3022.dat
0 STEP
1 28 0 -40 10 -1 0 0 0 1 0 0 0 -1 11211.dat
1 28 0 -40 -10 1 0 0 0 1 0 0 0 1 11211.dat
0 STEP
1 322 10 -80 10 -1 0 0 0 1 0 0 0 -1 32952.dat
1 322 10 -80 -10 1 0 0 0 1 0 0 0 1 32952.dat
1 28 -10 -48 0 0 0 1 0 1 0 -1 0 0 32028.dat
0 STEP
1 19 -10 -72 0 0 0 1 0 1 0 -1 0 0 3004.dat
1 27 -10 -80 0 0 0 1 0 1 0 -1 0 0 35480.dat
0 STEP
1 19 -30 -56 0 0 0 1 0 1 0 -1 0 0 90195.dat
0 STEP
1 14 10 -120 0 0 0 -1 0 1 0 1 0 0 67329.dat
1 15 -10 -96 10 -1 0 0 0 1 0 0 0 -1 3386.dat
1 15 -10 -96 -10 1 0 0 0 1 0 0 0 1 3386.dat
0 STEP
1 28 -20 -100 0 0 -1 0 0 0 1 -1 0 0 41682.dat
1 27 -10 -112 0 0 0 1 0 1 0 -1 0 0 35480.dat
1 72 -10 -120 0 0 0 1 0 1 0 -1 0 0 3023b.dat
0 STEP
1 19 -28 -80 0 0 -1 0 0 0 1 -1 0 0 3176.dat
1 19 -36 -110 0 0 -1 0 1 0 0 0 0 1 85861.dat
1 72 -20 -70 0 0 -1 0 0 0 1 -1 0 0 3069b.dat
0 STEP
1 19 -36 -70 10 0 -1 0 0 0 1 -1 0 0 49668.dat
1 19 -36 -70 -10 0 -1 0 0 0 1 -1 0 0 49668.dat
0 STEP
1 19 10 -144 0 0 0 1 0 1 0 -1 0 0 3004.dat
1 19 -20 -128 0 0 0 1 0 1 0 -1 0 0 33909.dat
0 STEP
1 19 -10 -136 10 0 0 1 0 1 0 -1 0 0 60897.dat
1 19 -10 -144 10 0 0 1 0 1 0 -1 0 0 60897.dat
1 19 -10 -136 -10 0 0 1 0 1 0 -1 0 0 60897.dat
1 19 -10 -144 -10 0 0 1 0 1 0 -1 0 0 60897.dat
0 STEP
1 0 0 -152 0 1 0 0 0 1 0 0 0 1 3022.dat
1 72 10 -160 0 0 0 1 0 1 0 -1 0 0 3069b.dat
0 STEP
1 19 -20 -160 0 0 0 1 0 1 0 -1 0 0 33909.dat
1 19 -30 -152 10 1 0 0 0 1 0 0 0 1 85861.dat
1 19 -30 -152 -10 1 0 0 0 1 0 0 0 1 85861.dat
0 STEP
1 28 0 -170 10 0 -1 0 0 0 1 -1 0 0 4070.dat
1 28 0 -170 -10 0 -1 0 0 0 1 -1 0 0 4070.dat
1 72 8 -170 0 0 -1 0 0 0 1 -1 0 0 3069b.dat
1 19 -24 -170 10 0 -1 0 0 0 1 -1 0 0 49668.dat
1 19 -24 -170 -10 0 -1 0 0 0 1 -1 0 0 49668.dat
0 STEP
1 19 -10 -200 10 -1 0 0 0 1 0 0 0 -1 87087.dat
1 19 -10 -200 -10 1 0 0 0 1 0 0 0 1 87087.dat
1 19 -10 -20 -28 1 0 0 0 0 -1 0 1 0 26603.dat
1 19 -10 -60 -28 1 0 0 0 0 -1 0 1 0 26603.dat
1 72 10 -120 -28 0 0 1 1 0 0 0 1 0 2431.dat
1 19 -20 -140 -28 0 0 1 1 0 0 0 1 0 69729.dat
0 STEP
1 19 -20 -140 28 0 0 1 -1 0 0 0 -1 0 69729.dat
1 19 -10 -60 28 1 0 0 0 0 1 0 -1 0 26603.dat
1 19 -10 -20 28 1 0 0 0 0 1 0 -1 0 26603.dat
1 72 10 -120 28 0 0 1 -1 0 0 0 -1 0 2431.dat
0 STEP
0 NOFILE
0 FILE X13
0 X13
0 Name: X13
0 Author: 
0 CustomBrick
0 FlexibleBrickControlPointUnitLength -1
0 FlexibleBrickLockedControlPoint 
0 NumOfBricks 34
1 4 -10 -8 0 1 0 0 0 1 0 0 0 1 3021.dat
1 71 0 -16 0 1 0 0 0 1 0 0 0 1 3022.dat
0 STEP
1 28 0 -40 0 1 0 0 0 1 0 0 0 1 3003.dat
1 27 10 -48 0 0 0 1 0 1 0 -1 0 0 35480.dat
1 28 -10 -48 0 0 0 1 0 1 0 -1 0 0 32028.dat
0 STEP
1 19 -30 -56 0 0 0 1 0 1 0 -1 0 0 90195.dat
1 71 0 -56 0 1 0 0 0 1 0 0 0 1 3022.dat
0 STEP
1 19 10 -80 0 0 0 1 0 1 0 -1 0 0 3004.dat
1 28 -10 -80 10 0 0 1 0 1 0 -1 0 0 4070.dat
1 28 -10 -80 -10 0 0 1 0 1 0 -1 0 0 4070.dat
0 STEP
1 27 -24 -70 0 0 1 0 0 0 1 1 0 0 35480.dat
1 70 -28 -70 10 0 -1 0 0 0 1 -1 0 0 20482.dat
1 70 -28 -70 -10 0 -1 0 0 0 1 -1 0 0 20482.dat
1 19 -36 -70 10 0 -1 0 0 0 1 -1 0 0 3024.dat
1 19 -36 -70 -10 0 -1 0 0 0 1 -1 0 0 3024.dat
0 STEP
1 15 10 -120 0 0 0 -1 0 1 0 1 0 0 22885.dat
1 15 -10 -120 0 0 0 1 0 1 0 -1 0 0 22885.dat
1 0 -28 -100 0 0 1 0 0 0 -1 -1 0 0 3022.dat
0 STEP
1 19 -36 -100 0 0 1 0 0 0 -1 -1 0 0 87580.dat
1 19 -40 -100 0 0 0 1 0 1 0 -1 0 0 18978b.dat
0 STEP
1 19 -20 -128 0 0 0 1 0 1 0 -1 0 0 33909.dat
1 28 10 -144 0 0 0 -1 0 1 0 1 0 0 11211.dat
0 STEP
1 19 -10 -136 10 0 0 1 0 1 0 -1 0 0 60897.dat
1 19 -10 -144 10 0 0 1 0 1 0 -1 0 0 60897.dat
1 19 -10 -136 -10 0 0 1 0 1 0 -1 0 0 60897.dat
1 19 -10 -144 -10 0 0 1 0 1 0 -1 0 0 60897.dat
0 STEP
1 0 0 -152 0 1 0 0 0 1 0 0 0 1 3022.dat
1 72 10 -160 0 0 0 1 0 1 0 -1 0 0 3069b.dat
0 STEP
1 19 -20 -160 0 1 0 0 0 1 0 0 0 1 87580.dat
1 19 -30 -152 10 1 0 0 0 1 0 0 0 1 85861.dat
1 19 -30 -152 -10 1 0 0 0 1 0 0 0 1 85861.dat
1 19 -20 -168 0 1 0 0 0 1 0 0 0 1 85861.dat
0 STEP
1 19 -20 -165.53 0 1 0 0 0 1 0 0 0 1 24482.dat
0 STEP
1 4 44 -134 0 0 -1 0 0 0 -1 1 0 0 3700.dat
0 STEP
0 NOFILE
0 FILE Tower 2
0 Tower 2
0 Name: Tower 2
0 Author: 
0 CustomBrick
0 FlexibleBrickControlPointUnitLength -1
0 FlexibleBrickLockedControlPoint 
0 NumOfBricks 77
1 16 3.6136 -15.25 -15.0071 1 0 0 0 1 0 0 0 1 b1
0 STEP
1 16 37.6577 -197.627 -10.8926 -0.047978 0.998849 -0.000001 -0.998848 -0.047978 0.000001 0.000001 0.000001 1 b2
0 STEP
1 16 -61.7084 -211.0279 -10.893 -0.047978 -0.998849 0 0.998849 -0.047978 0 0 0 1 b3
0 STEP
1 16 -0.4742 -322.4505 17.3936 1 -0.000001 -0.000003 -0.000003 0.000001 -1 0.000001 1 0.000001 b4
0 STEP
1 16 -95.5098 12.1758 -12.6072 0.25882 -0.965926 0 -0.965926 -0.25882 0 0 0 -1 b5
1 16 95.5099 12.1758 -12.6072 0.258819 0.965926 0 0.965926 -0.258819 0 0 0 -1 b5
0 STEP
0 STEP
0 NOFILE
0 FILE X14
0 X14
0 Name: X14
0 Author: 
0 CustomBrick
0 FlexibleBrickControlPointUnitLength -1
0 FlexibleBrickLockedControlPoint 
0 NumOfBricks 6
1 19 2.4333 0 0 1 0 0 0 -1 0 0 0 -1 3633.dat
1 19 -27.5667 -24 0 1 0 0 0 -1 0 0 0 -1 5264.dat
1 19 -7.5667 -24 0 1 0 0 0 -1 0 0 0 -1 5264.dat
1 19 12.4333 -24 0 1 0 0 0 -1 0 0 0 -1 5264.dat
1 19 32.4333 -24 0 1 0 0 0 -1 0 0 0 -1 5264.dat
0 STEP
1 19 2.8333 -43.9282 0 1 0 0 0 1 0 0 0 1 7307.dat
0 STEP
0 NOFILE
0 FILE X15
0 X15
0 Name: X15
0 Author: 
0 CustomBrick
0 FlexibleBrickControlPointUnitLength -1
0 FlexibleBrickLockedControlPoint 
0 NumOfBricks 10
1 19 0 -8 2 1 0 0 0 1 0 0 0 1 75937.dat
1 19 0 -16 2 1 0 0 0 1 0 0 0 1 3022.dat
0 STEP
1 19 0 -24 2 1 0 0 0 1 0 0 0 1 75937.dat
1 19 0 -32 2 1 0 0 0 1 0 0 0 1 3022.dat
0 STEP
1 19 0 -56 12 1 0 0 0 1 0 0 0 1 23969.dat
1 19 -10 -56 -8 -1 0 0 0 1 0 0 0 -1 4070.dat
1 19 10 -56 -8 -1 0 0 0 1 0 0 0 -1 4070.dat
0 STEP
1 19 0 -64 2 1 0 0 0 1 0 0 0 1 87580.dat
1 19 0 -72 2 1 0 0 0 1 0 0 0 1 4740.dat
1 19 0 -72.54 2 1 0 0 0 1 0 0 0 1 93550.dat
0 STEP
0 NOFILE
0 FILE Sub1
0 Sub1
0 Name: Sub1
0 Author: 
0 CustomBrick
0 FlexibleBrickControlPointUnitLength -1
0 FlexibleBrickLockedControlPoint 
0 NumOfBricks 40
1 19 143.55 -16 7.9 0 0 -1 0 1 0 1 0 0 4304.dat
1 28 103.55 -16 7.9 1 0 0 0 1 0 0 0 1 3021.dat
0 STEP
1 71 -6.45 -8 7.9 1 0 0 0 1 0 0 0 1 2445.dat
0 STEP
1 28 -6.45 -16 17.9 1 0 0 0 1 0 0 0 1 3460.dat
1 72 63.55 -16 -2.1 1 0 0 0 1 0 0 0 1 3070b.dat
1 72 -76.45 -16 -2.1 1 0 0 0 1 0 0 0 1 3070b.dat
1 72 33.55 -16 -2.1 -1 0 0 0 1 0 0 0 -1 5091.dat
1 72 -46.45 -16 -2.1 1 0 0 0 1 0 0 0 1 5092.dat
0 STEP
1 28 -116.45 -16 7.9 1 0 0 0 1 0 0 0 1 3021.dat
1 4 -136.45 -8 7.9 0 0 1 0 1 0 -1 0 0 3023b.dat
0 STEP
1 0 143.55 -40 7.9 0 0 -1 0 1 0 1 0 0 37352.dat
1 0 113.55 -20 27.9 -1 0 0 0 0 1 0 1 0 41682.dat
1 0 -126.45 -20 27.9 -1 0 0 0 0 1 0 1 0 41682.dat
1 72 -126.45 -24 -12.1 1 0 0 0 1 0 0 0 1 3022.dat
1 72 -96.45 -24 -2.1 0 0 1 0 1 0 -1 0 0 77850.dat
1 72 83.55 -24 -2.1 0 0 1 0 1 0 -1 0 0 77850.dat
1 19 113.55 -24 -2.1 1 0 0 0 1 0 0 0 1 35480.dat
0 STEP
1 19 -136.45 -40 17.9 1 0 0 0 1 0 0 0 1 15712.dat
1 19 -126.45 -32 7.9 1 0 0 0 1 0 0 0 1 3022.dat
1 19 -136.45 -40 -2.1 1 0 0 0 1 0 0 0 1 15712.dat
1 19 -106.45 -24 7.9 0 0 -1 0 1 0 1 0 0 15068.dat
1 19 113.55 -32 7.9 1 0 0 0 1 0 0 0 1 3022.dat
1 19 93.55 -24 7.9 0 0 1 0 1 0 -1 0 0 15068.dat
1 19 123.55 -40 17.9 1 0 0 0 1 0 0 0 1 15712.dat
1 19 123.55 -40 -2.1 1 0 0 0 1 0 0 0 1 15712.dat
0 STEP
1 0 -76.45 -32 17.9 1 0 0 0 1 0 0 0 1 3386.dat
1 0 63.55 -32 17.9 1 0 0 0 1 0 0 0 1 3386.dat
1 72 -56.45 -32 17.9 1 0 0 0 1 0 0 0 1 86996.dat
1 72 43.55 -32 17.9 1 0 0 0 1 0 0 0 1 86996.dat
1 72 -36.45 -16 17.9 0 0 1 0 1 0 -1 0 0 35464.dat
1 72 23.55 -16 17.9 0 0 1 0 1 0 -1 0 0 49307.dat
0 STEP
1 72 -66.45 -40 17.9 -1 0 0 0 1 0 0 0 -1 15573.dat
1 72 53.55 -40 17.9 -1 0 0 0 1 0 0 0 -1 15573.dat
1 72 -66.45 -56 17.9 1 0 0 0 1 0 0 0 1 86996.dat
1 72 53.55 -56 17.9 1 0 0 0 1 0 0 0 1 86996.dat
1 72 -66.45 -64 17.9 1 0 0 0 1 0 0 0 1 3070b.dat
1 72 53.55 -64 17.9 1 0 0 0 1 0 0 0 1 3070b.dat
0 STEP
1 72 -76.45 -26 -0.1 1 0 0 0 0 -1 0 1 0 3070b.dat
1 72 63.55 -26 -0.1 1 0 0 0 0 -1 0 1 0 3070b.dat
1 72 161.55 -10 -12.1 0 -1 0 0 0 -1 1 0 0 2431.dat
0 STEP
0 NOFILE
0 FILE Sub1-2
0 Sub1-2
0 Name: Sub1-2
0 Author: 
0 CustomBrick
0 FlexibleBrickControlPointUnitLength -1
0 FlexibleBrickLockedControlPoint 
0 NumOfBricks 7
1 19 -20 -32 -20 -1 0 0 0 -1 0 0 0 1 60478.dat
1 19 -20 -32 0 -1 0 0 0 -1 0 0 0 1 60478.dat
1 19 20 -32 -20 1 0 0 0 -1 0 0 0 -1 60478.dat
1 19 20 -32 0 1 0 0 0 -1 0 0 0 -1 60478.dat
0 STEP
1 72 0 -8 -20 -1 0 0 0 -1 0 0 0 1 3010.dat
1 19 0 -8 0 1 0 0 0 -1 0 0 0 -1 3633.dat
0 STEP
1 19 0 0 -10 -1 0 0 0 -1 0 0 0 1 87079.dat
0 STEP
0 NOFILE
0 FILE Sub1-1
0 Sub1-1
0 Name: Sub1-1
0 Author: 
0 CustomBrick
0 FlexibleBrickControlPointUnitLength -1
0 FlexibleBrickLockedControlPoint 
0 NumOfBricks 25
1 19 -0.0001 -8 -3.9203 -1 0 0 0 -1 0 0 0 1 3020.dat
1 19 -0.0001 0 -3.9203 -1 0 0 0 -1 0 0 0 1 69729.dat
1 19 -50.0001 -8 -3.9203 0 0 1 0 -1 0 1 0 0 4304.dat
1 19 49.9999 -8 -3.9203 0 0 -1 0 -1 0 -1 0 0 4304.dat
0 STEP
1 0 -0.0001 -34 16.0797 -1 0 0 0 0 -1 0 -1 0 67329.dat
1 322 -28 -34 6.08 0 1 0 0 0 -1 -1 0 0 6141.dat
1 322 28 -34 6.0801 0 -1 0 0 0 -1 1 0 0 6141.dat
1 19 -0.0001 -16 -3.9204 1 0 0 0 -1 0 0 0 -1 3022.dat
0 STEP
1 0 60 -34 -13.9199 0.000001 -1 0 1 0.000001 0 0 0 1 32952.dat
1 0 -60.0001 -34 -13.9203 0 1 0 -1 0 0 0 0 1 32952.dat
1 71 68 -34 6.0801 0 -1 0 0 0 1 -1 0 0 32952.dat
1 71 -67.9999 -34 6.0801 0 1 0 0 0 1 1 0 0 32952.dat
0 STEP
1 19 -67.9999 -14 -13.9199 0 1 0 -1 0 0 0 0 1 2420.dat
1 19 -75.9999 -24 6.0801 0 1 0 -1 0 0 0 0 1 44861.dat
1 19 -75.9999 -24 -13.9199 0 1 0 -1 0 0 0 0 1 44861.dat
1 19 -83.9999 -14 -3.9199 0 1 0 0 0 -1 -1 0 0 99563.dat
1 19 68 -14 -13.9199 0 -1 0 0 0 -1 1 0 0 2420.dat
1 19 76 -24 -13.9199 0 -1 0 -1 0 0 0 0 -1 44861.dat
1 19 76 -24 6.0801 0 -1 0 -1 0 0 0 0 -1 44861.dat
1 19 84 -14 -3.9199 0 -1 0 0 0 1 -1 0 0 99563.dat
0 STEP
1 1 -0.0001 -34 24.0796 1 0 0 0 0 1 0 -1 0 6636.dat
1 19 58 -44 -3.9199 0 0 -1 0 1 0 1 0 0 85984.dat
1 19 38 -44 -3.92 0.000001 0 1 0 1 0 -1 0 0.000001 85984.dat
1 19 -37.9999 -44 -3.9199 0 0 -1 0 1 0 1 0 0 85984.dat
1 19 -57.9999 -44 -3.9201 0.000001 0 1 0 1 0 -1 0 0.000001 85984.dat
0 STEP
0 NOFILE
0 FILE 71192.dat Copy 5
0 Hose, Rigid 3mm D. 16L / 12.8cm
0 Name: 75c16
0 Author: Tim Gould [timgould]
0 FlexibleBrick: 71192.dat
0 FlexibleBrickControlPointUnitLength 5
0 FlexibleBrickControlPoint -180.2938 306.2646 0.147414
0 FlexibleBrickControlPoint -179.655 301.2659 -0.1878837
0 FlexibleBrickControlPoint -179.4012 296.2791 -0.3327559
0 FlexibleBrickControlPoint -178.7306 291.3286 -0.682581
0 FlexibleBrickControlPoint -177.9632 286.4069 -1.067443
0 FlexibleBrickControlPoint -176.9434 281.535 -1.556987
0 FlexibleBrickControlPoint -175.7337 276.7169 -2.111007
0 FlexibleBrickControlPoint -174.3004 271.9681 -2.73789
0 FlexibleBrickControlPoint -172.6544 267.2979 -3.423754
0 FlexibleBrickControlPoint -170.7875 262.7197 -4.164405
0 FlexibleBrickControlPoint -168.7014 258.2452 -4.950913
0 FlexibleBrickControlPoint -166.3947 253.8875 -5.776235
0 FlexibleBrickControlPoint -163.869 249.6591 -6.632123
0 FlexibleBrickControlPoint -161.1257 245.5734 -7.510653
0 FlexibleBrickControlPoint -158.1682 241.6433 -8.403543
0 FlexibleBrickControlPoint -155.0008 237.8818 -9.302503
0 FlexibleBrickControlPoint -151.6288 234.302 -10.19919
0 FlexibleBrickControlPoint -148.0592 230.9166 -11.08522
0 FlexibleBrickControlPoint -144.2998 227.7381 -11.95236
0 FlexibleBrickControlPoint -140.3601 224.7783 -12.79236
0 FlexibleBrickControlPoint -136.2505 222.0487 -13.59733
0 FlexibleBrickControlPoint -131.9827 219.5604 -14.35946
0 FlexibleBrickControlPoint -127.5699 217.3231 -15.07137
0 FlexibleBrickControlPoint -123.0258 215.3459 -15.72608
0 FlexibleBrickControlPoint -118.3658 213.637 -16.31714
0 FlexibleBrickControlPoint -113.6057 212.2034 -16.83847
0 FlexibleBrickControlPoint -108.7624 211.0511 -17.28481
0 FlexibleBrickControlPoint -103.8532 210.1845 -17.65146
0 FlexibleBrickControlPoint -98.89625 209.6069 -17.93451
0 FlexibleBrickControlPoint -93.90984 209.3204 -18.13086
0 FlexibleBrickControlPoint -88.91244 209.3257 -18.2382
0 FlexibleBrickControlPoint -83.92274 209.6219 -18.25508
0 FlexibleBrickControlPoint -78.9591 210.2071 -18.18104
0 FlexibleBrickControlPoint -74.03964 211.0776 -18.01639
0 FlexibleBrickControlPoint -69.18211 212.2291 -17.76241
0 FlexibleBrickControlPoint -64.40351 213.6557 -17.42132
0 FlexibleBrickControlPoint -59.72019 215.3505 -16.99606
0 FlexibleBrickControlPoint -55.1476 217.3058 -16.49059
0 FlexibleBrickControlPoint -50.70021 219.5129 -15.90956
0 FlexibleBrickControlPoint -46.39144 221.9622 -15.25837
0 FlexibleBrickControlPoint -42.23367 224.6438 -14.54322
0 FlexibleBrickControlPoint -38.23804 227.5469 -13.77088
0 FlexibleBrickControlPoint -34.41449 230.6606 -12.94869
0 FlexibleBrickControlPoint -30.77195 233.9736 -12.08461
0 FlexibleBrickControlPoint -27.31784 237.4743 -11.18696
0 FlexibleBrickControlPoint -24.05872 241.1512 -10.26453
0 FlexibleBrickControlPoint -20.99996 244.9926 -9.326395
0 FlexibleBrickControlPoint -18.14578 248.987 -8.381975
0 FlexibleBrickControlPoint -15.4995 253.1229 -7.44086
0 FlexibleBrickControlPoint -13.06333 257.3889 -6.512918
0 FlexibleBrickControlPoint -10.83863 261.7737 -5.607909
0 FlexibleBrickControlPoint -8.826378 266.2665 -4.736156
0 FlexibleBrickControlPoint -7.025199 270.8562 -3.906943
0 FlexibleBrickControlPoint -5.436815 275.5328 -3.131969
0 FlexibleBrickControlPoint -4.054053 280.2845 -2.417484
0 FlexibleBrickControlPoint -2.88706 285.1033 -1.781724
0 FlexibleBrickControlPoint -1.905436 289.9749 -1.215596
0 FlexibleBrickControlPoint -1.167546 294.8961 -0.7710009
0 FlexibleBrickControlPoint -0.5305287 299.8472 -0.3616864
0 FlexibleBrickControlPoint -0.2903858 304.8329 -0.2033483
0 FlexibleBrickControlPoint 0.2920083 309.8375 0.2005621
0 FlexibleBrickLockedControlPoint 
1 16 -180 316.43 0 0 0 1 0 -1 0 1 0 0 u9053.dat
1 16 0 320 0 -1 0 0 0 -1 0 0 0 1 u9053.dat
1 16 0 0 0 1 0 0 0 1 0 0 0 1 __flexiblesubmodel_rope copy 5
0 NOFILE
0 FILE B1
0 B1
0 Name: B1
0 Author: 
0 CustomBrick
0 FlexibleBrickControlPointUnitLength -1
0 FlexibleBrickLockedControlPoint 
0 NumOfBricks 25
1 15 -3.6136 -10 32.4 -1 0 0 0 0 1 0 1 0 3023b.dat
1 0 -3.6136 -10 -7.6 -1 0 0 0 0 1 0 1 0 67329.dat
0 STEP
1 272 24.3864 -10 12.4 0 -1 0 0 0 1 -1 0 0 3023b.dat
1 272 -31.6136 -10 12.4 0 1 0 0 0 -1 -1 0 0 3023b.dat
1 19 32.3864 -10 22.4 0 -1 0 1 0 0 0 0 1 15712.dat
1 19 32.3864 -10 2.4 0 -1 0 1 0 0 0 0 1 15712.dat
1 19 -39.6136 -10 2.4 0 1 0 -1 0 0 0 0 1 15712.dat
1 19 -39.6136 -10 22.4 0 1 0 -1 0 0 0 0 1 15712.dat
0 STEP
1 19 26.3864 -36 12.4 0 0 -1 0 1 0 1 0 0 4304.dat
1 19 -33.6136 -36 12.4 0 0 1 0 1 0 -1 0 0 4304.dat
1 19 44.3864 -30 12.4 0 -1 0 0 0 1 -1 0 0 99563.dat
1 19 -51.6136 -30 12.4 0 1 0 0 0 1 1 0 0 99563.dat
1 72 -3.6136 -36 12.4 -1 0 0 0 1 0 0 0 -1 3022.dat
0 STEP
1 0 -3.6136 -40 32.4 -1 0 0 0 0 1 0 1 0 41682.dat
1 19 16.3864 -44 2.4 1 0 0 0 1 0 0 0 1 44861.dat
1 19 -23.6136 -44 2.4 -1 0 0 0 1 0 0 0 -1 44861.dat
1 19 -33.6136 -44 22.4 1 0 0 0 1 0 0 0 1 15712.dat
1 19 26.3864 -44 22.4 1 0 0 0 1 0 0 0 1 15712.dat
0 STEP
1 19 -3.6136 0 -17.6 1 0 0 0 -1 0 0 0 -1 3633.dat
1 19 -33.6136 -24 -17.6 1 0 0 0 -1 0 0 0 -1 5264.dat
1 19 -13.6136 -24 -17.6 1 0 0 0 -1 0 0 0 -1 5264.dat
1 19 6.3864 -24 -17.6 1 0 0 0 -1 0 0 0 -1 5264.dat
1 19 26.3864 -24 -17.6 1 0 0 0 -1 0 0 0 -1 5264.dat
1 19 36.7264 -34 -17.6 0 -1 0 0 0 1 -1 0 0 30374.dat
0 STEP
1 19 -3.6136 -52 12.4 1 0 0 0 1 0 0 0 1 87580.dat
0 STEP
0 NOFILE
0 FILE B2
0 B2
0 Name: B2
0 Author: 
0 CustomBrick
0 FlexibleBrickControlPointUnitLength -1
0 FlexibleBrickLockedControlPoint 
0 NumOfBricks 14
1 19 -101.8571 -16 18.2857 -1 0 0 0 1 0 0 0 -1 60478.dat
1 19 -81.8571 -40 18.2857 -1 0 0 0 1 0 0 0 -1 3633.dat
1 19 -1.8571 -16 18.2857 1 0 0 0 1 0 0 0 1 3460.dat
0 STEP
1 19 -1.8571 -40 18.2857 -1 0 0 0 1 0 0 0 -1 3633.dat
1 19 68.1429 -24 18.2857 1 0 0 0 1 0 0 0 1 34103.dat
1 19 88.1429 -16 18.2857 0 0 -1 0 1 0 1 0 0 36840.dat
1 19 110.1428 -18 18.2857 0 -1 0 0 0 1 -1 0 0 98138.dat
0 STEP
1 47 -81.8571 -8 8.2857 1 0 0 0 1 0 0 0 1 2654.dat
0 STEP
1 19 -101.8571 -16 -1.7143 -1 0 0 0 1 0 0 0 -1 60478.dat
1 19 -1.8571 -16 -1.7143 1 0 0 0 1 0 0 0 1 3460.dat
0 STEP
1 19 -81.8571 -40 -1.7143 1 0 0 0 1 0 0 0 1 3633.dat
1 19 -1.8571 -40 -1.7143 1 0 0 0 1 0 0 0 1 3633.dat
1 19 78.1429 -40 -1.7143 1 0 0 0 1 0 0 0 1 3633.dat
1 19 98.1429 -16 -1.7143 1 0 0 0 1 0 0 0 1 60478.dat
0 STEP
0 NOFILE
0 FILE B3
0 B3
0 Name: B3
0 Author: 
0 CustomBrick
0 FlexibleBrickControlPointUnitLength -1
0 FlexibleBrickLockedControlPoint 
0 NumOfBricks 14
1 19 -75.9115 -40.666 18.2857 0 0 1 0 1 0 -1 0 0 36840.dat
1 19 -97.9115 -42.666 18.2857 -0.000001 1 0 0 0 1 1 0.000001 0 98138.dat
1 19 -55.9115 -48.666 18.2857 -1 0 0.000001 0 1 0 -0.000001 0 -1 34103.dat
0 STEP
1 19 14.0885 -40.666 18.2858 -1 0 0.000001 0 1 0 -0.000001 0 -1 3460.dat
1 19 14.0885 -64.666 18.2858 1 0 -0.000001 0 1 0 0.000001 0 1 3633.dat
1 19 94.0884 -64.666 18.2858 1 0 -0.000001 0 1 0 0.000001 0 1 3633.dat
0 STEP
1 19 114.0884 -40.666 18.2858 1 0 -0.000001 0 1 0 0.000001 0 1 60478.dat
1 47 94.0886 -32.666 8.2858 1 0 -0.000001 0 1 0 0.000001 0 1 2654.dat
0 STEP
1 19 114.0886 -40.666 -1.7142 1 0 -0.000001 0 1 0 0.000001 0 1 60478.dat
1 19 14.0886 -40.666 -1.7142 -1 0 0.000001 0 1 0 -0.000001 0 -1 3460.dat
0 STEP
1 19 94.0886 -64.6659 -1.7142 -1 0 0.000001 0 1 0 -0.000001 0 -1 3633.dat
1 19 14.0886 -64.666 -1.7144 -1 0 0.000001 0 0.999999 0 -0.000001 0 -1 3633.dat
1 19 -65.9116 -64.666 -1.7145 -1 0 0.000001 0 0.999999 0 -0.000001 0 -1 3633.dat
0 STEP
1 19 -85.9115 -40.666 -1.7145 -1 0 0.000001 0 1 0 -0.000001 0 -1 60478.dat
0 STEP
0 NOFILE
0 FILE B4
0 B4
0 Name: B4
0 Author: 
0 CustomBrick
0 FlexibleBrickControlPointUnitLength -1
0 FlexibleBrickLockedControlPoint 
0 NumOfBricks 8
1 19 0 -10 -3.5 1 0 0 0 0 1 0 -1 0 3623.dat
1 28 20 -10 4.5 1 0 0 0 0 1 0 -1 0 6141.dat
1 28 -20 -10 4.5 1 0 0 0 0 1 0 -1 0 6141.dat
0 STEP
1 19 0 -10 4.5 1 0 0 0 0 1 0 -1 0 4081b.dat
1 19 0 -10 12.5 1 0 0 0 0 1 0 -1 0 34103.dat
0 STEP
1 19 -12 -30 2.5 0 1 0 0 0 -1 -1 0 0 15712.dat
1 19 12 -30 2.5 0 -1 0 0 0 1 -1 0 0 15712.dat
1 19 0 -10 -11.5 1 0 0 0 0 1 0 -1 0 5264.dat
0 STEP
0 NOFILE
0 FILE B5
0 B5
0 Name: B5
0 Author: 
0 CustomBrick
0 FlexibleBrickControlPointUnitLength -1
0 FlexibleBrickLockedControlPoint 
0 NumOfBricks 8
1 19 0 -32 -10 1 0 0 0 -1 0 0 0 -1 3020.dat
1 272 0 -8 -20 1 0 0 0 -1 0 0 0 -1 3010.dat
0 STEP
1 19 0 -8 0 1 0 0 0 -1 0 0 0 -1 3633.dat
1 19 0 0 -10 1 0 0 0 -1 0 0 0 -1 87079.dat
0 STEP
1 19 20 -40 0 1 0 0 0 -1 0 0 0 -1 60478.dat
1 19 20 -40 -20 1 0 0 0 -1 0 0 0 -1 60478.dat
1 19 -20 -40 0 -1 0 0 0 -1 0 0 0 1 60478.dat
1 19 -20 -40 -20 -1 0 0 0 -1 0 0 0 1 60478.dat
0 STEP
0 NOFILE
0 FILE __flexiblesubmodel_rope copy 5
0 Untitled Model Copy
0 Name: __flexiblesubmodel_rope copy 5
0 Author: 
0 ModelForGeneratedMesh
0 CustomBrick
0 FlexibleBrickControlPointUnitLength -1
0 FlexibleBrickLockedControlPoint 
3 16 -176.501 314.079 -1.957 -177.517 314.060 -3.141 -176.515 315.430 -1.964
3 16 -177.517 314.060 -3.141 -177.532 315.430 -3.148 -176.515 315.430 -1.964
3 16 -177.517 314.060 -3.141 -178.910 314.040 -3.845 -177.532 315.430 -3.148
3 16 -178.910 314.040 -3.845 -178.924 315.430 -3.853 -177.532 315.430 -3.148
3 16 -178.910 314.040 -3.845 -180.466 314.022 -3.964 -178.924 315.430 -3.853
3 16 -180.466 314.022 -3.964 -180.481 315.430 -3.971 -178.924 315.430 -3.853
3 16 -180.466 314.022 -3.964 -181.949 314.008 -3.477 -180.481 315.430 -3.971
3 16 -181.949 314.008 -3.477 -181.964 315.430 -3.485 -180.481 315.430 -3.971
3 16 -181.949 314.008 -3.477 -183.133 314.000 -2.460 -181.964 315.430 -3.485
3 16 -183.133 314.000 -2.460 -183.148 315.430 -2.468 -181.964 315.430 -3.485
3 16 -183.133 314.000 -2.460 -183.838 314.000 -1.068 -183.148 315.430 -2.468
3 16 -183.838 314.000 -1.068 -183.853 315.430 -1.076 -183.148 315.430 -2.468
3 16 -183.838 314.000 -1.068 -183.956 314.007 0.488 -183.853 315.430 -1.076
3 16 -183.956 314.007 0.488 -183.971 315.430 0.481 -183.853 315.430 -1.076
3 16 -183.956 314.007 0.488 -183.470 314.022 1.971 -183.971 315.430 0.481
3 16 -183.470 314.022 1.971 -183.485 315.430 1.964 -183.971 315.430 0.481
3 16 -183.470 314.022 1.971 -182.453 314.040 3.155 -183.485 315.430 1.964
3 16 -182.453 314.040 3.155 -182.468 315.430 3.148 -183.485 315.430 1.964
3 16 -182.453 314.040 3.155 -181.061 314.060 3.860 -182.468 315.430 3.148
3 16 -181.061 314.060 3.860 -181.076 315.430 3.853 -182.468 315.430 3.148
3 16 -181.061 314.060 3.860 -179.505 314.079 3.978 -181.076 315.430 3.853
3 16 -179.505 314.079 3.978 -179.519 315.430 3.971 -181.076 315.430 3.853
3 16 -179.505 314.079 3.978 -178.022 314.093 3.492 -179.519 315.430 3.971
3 16 -178.022 314.093 3.492 -178.036 315.430 3.485 -179.519 315.430 3.971
3 16 -178.022 314.093 3.492 -176.838 314.101 2.475 -178.036 315.430 3.485
3 16 -176.838 314.101 2.475 -176.852 315.430 2.468 -178.036 315.430 3.485
3 16 -176.838 314.101 2.475 -176.133 314.101 1.083 -176.852 315.430 2.468
3 16 -176.133 314.101 1.083 -176.147 315.430 1.076 -176.852 315.430 2.468
3 16 -176.133 314.101 1.083 -176.015 314.093 -0.474 -176.147 315.430 1.076
3 16 -176.015 314.093 -0.474 -176.029 315.430 -0.481 -176.147 315.430 1.076
3 16 -176.015 314.093 -0.474 -176.501 314.079 -1.957 -176.029 315.430 -0.481
3 16 -176.501 314.079 -1.957 -176.515 315.430 -1.964 -176.029 315.430 -0.481
3 16 -176.498 312.202 -1.956 -177.515 312.223 -3.140 -176.501 314.079 -1.957
3 16 -177.515 312.223 -3.140 -177.517 314.060 -3.141 -176.501 314.079 -1.957
3 16 -177.515 312.223 -3.140 -178.908 312.244 -3.844 -177.517 314.060 -3.141
3 16 -178.908 312.244 -3.844 -178.910 314.040 -3.845 -177.517 314.060 -3.141
3 16 -178.908 312.244 -3.844 -180.464 312.265 -3.962 -178.910 314.040 -3.845
3 16 -180.464 312.265 -3.962 -180.466 314.022 -3.964 -178.910 314.040 -3.845
3 16 -180.464 312.265 -3.962 -181.947 312.280 -3.476 -180.466 314.022 -3.964
3 16 -181.947 312.280 -3.476 -181.949 314.008 -3.477 -180.466 314.022 -3.964
3 16 -181.947 312.280 -3.476 -183.131 312.289 -2.458 -181.949 314.008 -3.477
3 16 -183.131 312.289 -2.458 -183.133 314.000 -2.460 -181.949 314.008 -3.477
3 16 -183.131 312.289 -2.458 -183.835 312.289 -1.066 -183.133 314.000 -2.460
3 16 -183.835 312.289 -1.066 -183.838 314.000 -1.068 -183.133 314.000 -2.460
3 16 -183.835 312.289 -1.066 -183.953 312.280 0.490 -183.838 314.000 -1.068
3 16 -183.953 312.280 0.490 -183.956 314.007 0.488 -183.838 314.000 -1.068
3 16 -183.953 312.280 0.490 -183.467 312.265 1.973 -183.956 314.007 0.488
3 16 -183.467 312.265 1.973 -183.470 314.022 1.971 -183.956 314.007 0.488
3 16 -183.467 312.265 1.973 -182.450 312.245 3.157 -183.470 314.022 1.971
3 16 -182.450 312.245 3.157 -182.453 314.040 3.155 -183.470 314.022 1.971
3 16 -182.450 312.245 3.157 -181.057 312.223 3.862 -182.453 314.040 3.155
3 16 -181.057 312.223 3.862 -181.061 314.060 3.860 -182.453 314.040 3.155
3 16 -181.057 312.223 3.862 -179.501 312.203 3.980 -181.061 314.060 3.860
3 16 -179.501 312.203 3.980 -179.505 314.079 3.978 -181.061 314.060 3.860
3 16 -179.501 312.203 3.980 -178.018 312.187 3.493 -179.505 314.079 3.978
3 16 -178.018 312.187 3.493 -178.022 314.093 3.492 -179.505 314.079 3.978
3 16 -178.018 312.187 3.493 -176.835 312.179 2.476 -178.022 314.093 3.492
3 16 -176.835 312.179 2.476 -176.838 314.101 2.475 -178.022 314.093 3.492
3 16 -176.835 312.179 2.476 -176.130 312.179 1.083 -176.838 314.101 2.475
3 16 -176.130 312.179 1.083 -176.133 314.101 1.083 -176.838 314.101 2.475
3 16 -176.130 312.179 1.083 -176.012 312.187 -0.473 -176.133 314.101 1.083
3 16 -176.012 312.187 -0.473 -176.015 314.093 -0.474 -176.133 314.101 1.083
3 16 -176.012 312.187 -0.473 -176.498 312.202 -1.956 -176.015 314.093 -0.474
3 16 -176.498 312.202 -1.956 -176.501 314.079 -1.957 -176.015 314.093 -0.474
3 16 -176.596 310.076 -2.008 -177.610 310.205 -3.188 -176.498 312.202 -1.956
3 16 -177.610 310.205 -3.188 -177.515 312.223 -3.140 -176.498 312.202 -1.956
3 16 -177.610 310.205 -3.188 -178.998 310.345 -3.888 -177.515 312.223 -3.140
3 16 -178.998 310.345 -3.888 -178.908 312.244 -3.844 -177.515 312.223 -3.140
3 16 -178.998 310.345 -3.888 -180.549 310.473 -4.002 -178.908 312.244 -3.844
3 16 -180.549 310.473 -4.002 -180.464 312.265 -3.962 -178.908 312.244 -3.844
3 16 -180.549 310.473 -4.002 -182.027 310.571 -3.511 -180.464 312.265 -3.962
3 16 -182.027 310.571 -3.511 -181.947 312.280 -3.476 -180.464 312.265 -3.962
3 16 -182.027 310.571 -3.511 -183.208 310.625 -2.492 -181.947 312.280 -3.476
3 16 -183.208 310.625 -2.492 -183.131 312.289 -2.458 -181.947 312.280 -3.476
3 16 -183.208 310.625 -2.492 -183.910 310.624 -1.098 -183.131 312.289 -2.458
3 16 -183.910 310.624 -1.098 -183.835 312.289 -1.066 -183.131 312.289 -2.458
3 16 -183.910 310.624 -1.098 -184.029 310.571 0.457 -183.835 312.289 -1.066
3 16 -184.029 310.571 0.457 -183.953 312.280 0.490 -183.835 312.289 -1.066
3 16 -184.029 310.571 0.457 -183.544 310.472 1.938 -183.953 312.280 0.490
3 16 -183.544 310.472 1.938 -183.467 312.265 1.973 -183.953 312.280 0.490
3 16 -183.544 310.472 1.938 -182.531 310.343 3.117 -183.467 312.265 1.973
3 16 -182.531 310.343 3.117 -182.450 312.245 3.157 -183.467 312.265 1.973
3 16 -182.531 310.343 3.117 -181.143 310.203 3.817 -182.450 312.245 3.157
3 16 -181.143 310.203 3.817 -181.057 312.223 3.862 -182.450 312.245 3.157
3 16 -181.143 310.203 3.817 -179.591 310.075 3.931 -181.057 312.223 3.862
3 16 -179.591 310.075 3.931 -179.501 312.203 3.980 -181.057 312.223 3.862
3 16 -179.591 310.075 3.931 -178.113 309.977 3.440 -179.501 312.203 3.980
3 16 -178.113 309.977 3.440 -178.018 312.187 3.493 -179.501 312.203 3.980
3 16 -178.113 309.977 3.440 -176.933 309.924 2.421 -178.018 312.187 3.493
3 16 -176.933 309.924 2.421 -176.835 312.179 2.476 -178.018 312.187 3.493
3 16 -176.933 309.924 2.421 -176.230 309.924 1.027 -176.835 312.179 2.476
3 16 -176.230 309.924 1.027 -176.130 312.179 1.083 -176.835 312.179 2.476
3 16 -176.230 309.924 1.027 -176.112 309.977 -0.528 -176.130 312.179 1.083
3 16 -176.112 309.977 -0.528 -176.012 312.187 -0.473 -176.130 312.179 1.083
3 16 -176.112 309.977 -0.528 -176.596 310.076 -2.008 -176.012 312.187 -0.473
3 16 -176.596 310.076 -2.008 -176.498 312.202 -1.956 -176.012 312.187 -0.473
3 16 -176.773 307.933 -2.098 -177.788 308.040 -3.279 -176.596 310.076 -2.008
3 16 -177.788 308.040 -3.279 -177.610 310.205 -3.188 -176.596 310.076 -2.008
3 16 -177.788 308.040 -3.279 -179.177 308.155 -3.979 -177.610 310.205 -3.188
3 16 -179.177 308.155 -3.979 -178.998 310.345 -3.888 -177.610 310.205 -3.188
3 16 -179.177 308.155 -3.979 -180.730 308.262 -4.093 -178.998 310.345 -3.888
3 16 -180.730 308.262 -4.093 -180.549 310.473 -4.002 -178.998 310.345 -3.888
3 16 -180.730 308.262 -4.093 -182.210 308.344 -3.604 -180.549 310.473 -4.002
3 16 -182.210 308.344 -3.604 -182.027 310.571 -3.511 -180.549 310.473 -4.002
3 16 -182.210 308.344 -3.604 -183.391 308.389 -2.584 -182.027 310.571 -3.511
3 16 -183.391 308.389 -2.584 -183.208 310.625 -2.492 -182.027 310.571 -3.511
3 16 -183.391 308.389 -2.584 -184.094 308.389 -1.191 -183.208 310.625 -2.492
3 16 -184.094 308.389 -1.191 -183.910 310.624 -1.098 -183.208 310.625 -2.492
3 16 -184.094 308.389 -1.191 -184.211 308.345 0.365 -183.910 310.624 -1.098
3 16 -184.211 308.345 0.365 -184.029 310.571 0.457 -183.910 310.624 -1.098
3 16 -184.211 308.345 0.365 -183.725 308.263 1.846 -184.029 310.571 0.457
3 16 -183.725 308.263 1.846 -183.544 310.472 1.938 -184.029 310.571 0.457
3 16 -183.725 308.263 1.846 -182.710 308.156 3.027 -183.544 310.472 1.938
3 16 -182.710 308.156 3.027 -182.531 310.343 3.117 -183.544 310.472 1.938
3 16 -182.710 308.156 3.027 -181.320 308.040 3.727 -182.531 310.343 3.117
3 16 -181.320 308.040 3.727 -181.143 310.203 3.817 -182.531 310.343 3.117
3 16 -181.320 308.040 3.727 -179.767 307.933 3.842 -181.143 310.203 3.817
3 16 -179.767 307.933 3.842 -179.591 310.075 3.931 -181.143 310.203 3.817
3 16 -179.767 307.933 3.842 -178.288 307.851 3.352 -179.591 310.075 3.931
3 16 -178.288 307.851 3.352 -178.113 309.977 3.440 -179.591 310.075 3.931
3 16 -178.288 307.851 3.352 -177.107 307.807 2.332 -178.113 309.977 3.440
3 16 -177.107 307.807 2.332 -176.933 309.924 2.421 -178.113 309.977 3.440
3 16 -177.107 307.807 2.332 -176.404 307.807 0.939 -176.933 309.924 2.421
3 16 -176.404 307.807 0.939 -176.230 309.924 1.027 -176.933 309.924 2.421
3 16 -176.404 307.807 0.939 -176.287 307.851 -0.617 -176.230 309.924 1.027
3 16 -176.287 307.851 -0.617 -176.112 309.977 -0.528 -176.230 309.924 1.027
3 16 -176.287 307.851 -0.617 -176.773 307.933 -2.098 -176.112 309.977 -0.528
3 16 -176.773 307.933 -2.098 -176.596 310.076 -2.008 -176.112 309.977 -0.528
3 16 -176.810 306.085 -2.127 -177.832 305.984 -3.303 -176.773 307.933 -2.098
3 16 -177.832 305.984 -3.303 -177.788 308.040 -3.279 -176.773 307.933 -2.098
3 16 -177.832 305.984 -3.303 -179.225 305.877 -3.997 -177.788 308.040 -3.279
3 16 -179.225 305.877 -3.997 -179.177 308.155 -3.979 -177.788 308.040 -3.279
3 16 -179.225 305.877 -3.997 -180.779 305.778 -4.104 -179.177 308.155 -3.979
3 16 -180.779 305.778 -4.104 -180.730 308.262 -4.093 -179.177 308.155 -3.979
3 16 -180.779 305.778 -4.104 -182.257 305.704 -3.608 -180.730 308.262 -4.093
3 16 -182.257 305.704 -3.608 -182.210 308.344 -3.604 -180.730 308.262 -4.093
3 16 -182.257 305.704 -3.608 -183.433 305.665 -2.583 -182.210 308.344 -3.604
3 16 -183.433 305.665 -2.583 -183.391 308.389 -2.584 -182.210 308.344 -3.604
3 16 -183.433 305.665 -2.583 -184.129 305.668 -1.186 -183.391 308.389 -2.584
3 16 -184.129 305.668 -1.186 -184.094 308.389 -1.191 -183.391 308.389 -2.584
3 16 -184.129 305.668 -1.186 -184.239 305.712 0.370 -184.094 308.389 -1.191
3 16 -184.239 305.712 0.370 -184.211 308.345 0.365 -184.094 308.389 -1.191
3 16 -184.239 305.712 0.370 -183.746 305.790 1.849 -184.211 308.345 0.365
3 16 -183.746 305.790 1.849 -183.725 308.263 1.846 -184.211 308.345 0.365
3 16 -183.746 305.790 1.849 -182.725 305.891 3.025 -183.725 308.263 1.846
3 16 -182.725 305.891 3.025 -182.710 308.156 3.027 -183.725 308.263 1.846
3 16 -182.725 305.891 3.025 -181.331 305.998 3.719 -182.710 308.156 3.027
3 16 -181.331 305.998 3.719 -181.320 308.040 3.727 -182.710 308.156 3.027
3 16 -181.331 305.998 3.719 -179.777 306.097 3.826 -181.320 308.040 3.727
3 16 -179.777 306.097 3.826 -179.767 307.933 3.842 -181.320 308.040 3.727
3 16 -179.777 306.097 3.826 -178.300 306.171 3.329 -179.767 307.933 3.842
3 16 -178.300 306.171 3.329 -178.288 307.851 3.352 -179.767 307.933 3.842
3 16 -178.300 306.171 3.329 -177.123 306.210 2.305 -178.288 307.851 3.352
3 16 -177.123 306.210 2.305 -177.107 307.807 2.332 -178.288 307.851 3.352
3 16 -177.123 306.210 2.305 -176.427 306.207 0.908 -177.107 307.807 2.332
3 16 -176.427 306.207 0.908 -176.404 307.807 0.939 -177.107 307.807 2.332
3 16 -176.427 306.207 0.908 -176.317 306.163 -0.649 -176.404 307.807 0.939
3 16 -176.317 306.163 -0.649 -176.287 307.851 -0.617 -176.404 307.807 0.939
3 16 -176.317 306.163 -0.649 -176.810 306.085 -2.127 -176.287 307.851 -0.617
3 16 -176.810 306.085 -2.127 -176.773 307.933 -2.098 -176.287 307.851 -0.617
3 16 -176.590 304.248 -2.019 -177.597 303.990 -3.183 -176.810 306.085 -2.127
3 16 -177.597 303.990 -3.183 -177.832 305.984 -3.303 -176.810 306.085 -2.127
3 16 -177.597 303.990 -3.183 -178.974 303.713 -3.863 -177.832 305.984 -3.303
3 16 -178.974 303.713 -3.863 -179.225 305.877 -3.997 -177.832 305.984 -3.303
3 16 -178.974 303.713 -3.863 -180.511 303.460 -3.957 -179.225 305.877 -3.997
3 16 -180.511 303.460 -3.957 -180.779 305.778 -4.104 -179.225 305.877 -3.997
3 16 -180.511 303.460 -3.957 -181.975 303.268 -3.449 -180.779 305.778 -4.104
3 16 -181.975 303.268 -3.449 -182.257 305.704 -3.608 -180.779 305.778 -4.104
3 16 -181.975 303.268 -3.449 -183.141 303.168 -2.418 -182.257 305.704 -3.608
3 16 -183.141 303.168 -2.418 -183.433 305.665 -2.583 -182.257 305.704 -3.608
3 16 -183.141 303.168 -2.418 -183.834 303.174 -1.019 -183.433 305.665 -2.583
3 16 -183.834 303.174 -1.019 -184.129 305.668 -1.186 -183.433 305.665 -2.583
3 16 -183.834 303.174 -1.019 -183.947 303.285 0.533 -184.129 305.668 -1.186
3 16 -183.947 303.285 0.533 -184.239 305.712 0.370 -184.129 305.668 -1.186
3 16 -183.947 303.285 0.533 -183.463 303.485 2.004 -184.239 305.712 0.370
3 16 -183.463 303.485 2.004 -183.746 305.790 1.849 -184.239 305.712 0.370
3 16 -183.463 303.485 2.004 -182.456 303.743 3.168 -183.746 305.790 1.849
3 16 -182.456 303.743 3.168 -182.725 305.891 3.025 -183.746 305.790 1.849
3 16 -182.456 303.743 3.168 -181.079 304.020 3.849 -182.725 305.891 3.025
3 16 -181.079 304.020 3.849 -181.331 305.998 3.719 -182.725 305.891 3.025
3 16 -181.079 304.020 3.849 -179.542 304.274 3.942 -181.331 305.998 3.719
3 16 -179.542 304.274 3.942 -179.777 306.097 3.826 -181.331 305.998 3.719
3 16 -179.542 304.274 3.942 -178.079 304.465 3.435 -179.777 306.097 3.826
3 16 -178.079 304.465 3.435 -178.300 306.171 3.329 -179.777 306.097 3.826
3 16 -178.079 304.465 3.435 -176.912 304.566 2.403 -178.300 306.171 3.329
3 16 -176.912 304.566 2.403 -177.123 306.210 2.305 -178.300 306.171 3.329
3 16 -176.912 304.566 2.403 -176.219 304.560 1.004 -177.123 306.210 2.305
3 16 -176.219 304.560 1.004 -176.427 306.207 0.908 -177.123 306.210 2.305
3 16 -176.219 304.560 1.004 -176.106 304.448 -0.548 -176.427 306.207 0.908
3 16 -176.106 304.448 -0.548 -176.317 306.163 -0.649 -176.427 306.207 0.908
3 16 -176.106 304.448 -0.548 -176.590 304.248 -2.019 -176.317 306.163 -0.649
3 16 -176.590 304.248 -2.019 -176.810 306.085 -2.127 -176.317 306.163 -0.649
3 16 -176.265 302.105 -1.849 -177.281 301.905 -3.017 -176.590 304.248 -2.019
3 16 -177.281 301.905 -3.017 -177.597 303.990 -3.183 -176.590 304.248 -2.019
3 16 -177.281 301.905 -3.017 -178.667 301.691 -3.702 -177.597 303.990 -3.183
3 16 -178.667 301.691 -3.702 -178.974 303.713 -3.863 -177.597 303.990 -3.183
3 16 -178.667 301.691 -3.702 -180.212 301.495 -3.799 -178.974 303.713 -3.863
3 16 -180.212 301.495 -3.799 -180.511 303.460 -3.957 -178.974 303.713 -3.863
3 16 -180.212 301.495 -3.799 -181.682 301.348 -3.294 -180.511 303.460 -3.957
3 16 -181.682 301.348 -3.294 -181.975 303.268 -3.449 -180.511 303.460 -3.957
3 16 -181.682 301.348 -3.294 -182.851 301.272 -2.264 -181.975 303.268 -3.449
3 16 -182.851 301.272 -2.264 -183.141 303.168 -2.418 -181.975 303.268 -3.449
3 16 -182.851 301.272 -2.264 -183.543 301.278 -0.865 -183.141 303.168 -2.418
3 16 -183.543 301.278 -0.865 -183.834 303.174 -1.019 -183.141 303.168 -2.418
3 16 -183.543 301.278 -0.865 -183.652 301.365 0.689 -183.834 303.174 -1.019
3 16 -183.652 301.365 0.689 -183.947 303.285 0.533 -183.834 303.174 -1.019
3 16 -183.652 301.365 0.689 -183.162 301.521 2.163 -183.947 303.285 0.533
3 16 -183.162 301.521 2.163 -183.463 303.485 2.004 -183.947 303.285 0.533
3 16 -183.162 301.521 2.163 -182.146 301.721 3.331 -183.463 303.485 2.004
3 16 -182.146 301.721 3.331 -182.456 303.743 3.168 -183.463 303.485 2.004
3 16 -182.146 301.721 3.331 -180.760 301.935 4.016 -182.456 303.743 3.168
3 16 -180.760 301.935 4.016 -181.079 304.020 3.849 -182.456 303.743 3.168
3 16 -180.760 301.935 4.016 -179.215 302.130 4.113 -181.079 304.020 3.849
3 16 -179.215 302.130 4.113 -179.542 304.274 3.942 -181.079 304.020 3.849
3 16 -179.215 302.130 4.113 -177.745 302.277 3.608 -179.542 304.274 3.942
3 16 -177.745 302.277 3.608 -178.079 304.465 3.435 -179.542 304.274 3.942
3 16 -177.745 302.277 3.608 -176.575 302.354 2.578 -178.079 304.465 3.435
3 16 -176.575 302.354 2.578 -176.912 304.566 2.403 -178.079 304.465 3.435
3 16 -176.575 302.354 2.578 -175.883 302.348 1.179 -176.912 304.566 2.403
3 16 -175.883 302.348 1.179 -176.219 304.560 1.004 -176.912 304.566 2.403
3 16 -175.883 302.348 1.179 -175.774 302.260 -0.376 -176.219 304.560 1.004
3 16 -175.774 302.260 -0.376 -176.106 304.448 -0.548 -176.219 304.560 1.004
3 16 -175.774 302.260 -0.376 -176.265 302.105 -1.849 -176.106 304.448 -0.548
3 16 -176.265 302.105 -1.849 -176.590 304.248 -2.019 -176.106 304.448 -0.548
3 16 -176.102 299.841 -1.764 -177.131 299.773 -2.936 -176.265 302.105 -1.849
3 16 -177.131 299.773 -2.936 -177.281 301.905 -3.017 -176.265 302.105 -1.849
3 16 -177.131 299.773 -2.936 -178.530 299.702 -3.625 -177.281 301.905 -3.017
3 16 -178.530 299.702 -3.625 -178.667 301.691 -3.702 -177.281 301.905 -3.017
3 16 -178.530 299.702 -3.625 -180.086 299.638 -3.725 -178.667 301.691 -3.702
3 16 -180.086 299.638 -3.725 -180.212 301.495 -3.799 -178.667 301.691 -3.702
3 16 -180.086 299.638 -3.725 -181.563 299.592 -3.221 -180.212 301.495 -3.799
3 16 -181.563 299.592 -3.221 -181.682 301.348 -3.294 -180.212 301.495 -3.799
3 16 -181.563 299.592 -3.221 -182.735 299.570 -2.191 -181.682 301.348 -3.294
3 16 -182.735 299.570 -2.191 -182.851 301.272 -2.264 -181.682 301.348 -3.294
3 16 -182.735 299.570 -2.191 -183.424 299.575 -0.791 -182.851 301.272 -2.264
3 16 -183.424 299.575 -0.791 -183.543 301.278 -0.865 -182.851 301.272 -2.264
3 16 -183.424 299.575 -0.791 -183.526 299.608 0.766 -183.543 301.278 -0.865
3 16 -183.526 299.608 0.766 -183.652 301.365 0.689 -183.543 301.278 -0.865
3 16 -183.526 299.608 0.766 -183.024 299.662 2.243 -183.652 301.365 0.689
3 16 -183.024 299.662 2.243 -183.162 301.521 2.163 -183.652 301.365 0.689
3 16 -183.024 299.662 2.243 -181.995 299.730 3.415 -183.162 301.521 2.163
3 16 -181.995 299.730 3.415 -182.146 301.721 3.331 -183.162 301.521 2.163
3 16 -181.995 299.730 3.415 -180.596 299.802 4.103 -182.146 301.721 3.331
3 16 -180.596 299.802 4.103 -180.760 301.935 4.016 -182.146 301.721 3.331
3 16 -180.596 299.802 4.103 -179.040 299.865 4.203 -180.760 301.935 4.016
3 16 -179.040 299.865 4.203 -179.215 302.130 4.113 -180.760 301.935 4.016
3 16 -179.040 299.865 4.203 -177.564 299.912 3.700 -179.215 302.130 4.113
3 16 -177.564 299.912 3.700 -177.745 302.277 3.608 -179.215 302.130 4.113
3 16 -177.564 299.912 3.700 -176.391 299.934 2.670 -177.745 302.277 3.608
3 16 -176.391 299.934 2.670 -176.575 302.354 2.578 -177.745 302.277 3.608
3 16 -176.391 299.934 2.670 -175.702 299.928 1.269 -176.575 302.354 2.578
3 16 -175.702 299.928 1.269 -175.883 302.348 1.179 -176.575 302.354 2.578
3 16 -175.702 299.928 1.269 -175.601 299.896 -0.288 -175.883 302.348 1.179
3 16 -175.601 299.896 -0.288 -175.774 302.260 -0.376 -175.883 302.348 1.179
3 16 -175.601 299.896 -0.288 -176.102 299.841 -1.764 -175.774 302.260 -0.376
3 16 -176.102 299.841 -1.764 -176.265 302.105 -1.849 -175.774 302.260 -0.376
3 16 -176.032 297.790 -1.722 -177.060 297.716 -2.893 -176.102 299.841 -1.764
3 16 -177.060 297.716 -2.893 -177.131 299.773 -2.936 -176.102 299.841 -1.764
3 16 -177.060 297.716 -2.893 -178.459 297.639 -3.582 -177.131 299.773 -2.936
3 16 -178.459 297.639 -3.582 -178.530 299.702 -3.625 -177.131 299.773 -2.936
3 16 -178.459 297.639 -3.582 -180.015 297.570 -3.682 -178.530 299.702 -3.625
3 16 -180.015 297.570 -3.682 -180.086 299.638 -3.725 -178.530 299.702 -3.625
3 16 -180.015 297.570 -3.682 -181.492 297.520 -3.178 -180.086 299.638 -3.725
3 16 -181.492 297.520 -3.178 -181.563 299.592 -3.221 -180.086 299.638 -3.725
3 16 -181.492 297.520 -3.178 -182.664 297.495 -2.148 -181.563 299.592 -3.221
3 16 -182.664 297.495 -2.148 -182.735 299.570 -2.191 -181.563 299.592 -3.221
3 16 -182.664 297.495 -2.148 -183.353 297.501 -0.748 -182.735 299.570 -2.191
3 16 -183.353 297.501 -0.748 -183.424 299.575 -0.791 -182.735 299.570 -2.191
3 16 -183.353 297.501 -0.748 -183.455 297.535 0.809 -183.424 299.575 -0.791
3 16 -183.455 297.535 0.809 -183.526 299.608 0.766 -183.424 299.575 -0.791
3 16 -183.455 297.535 0.809 -182.953 297.594 2.286 -183.526 299.608 0.766
3 16 -182.953 297.594 2.286 -183.024 299.662 2.243 -183.526 299.608 0.766
3 16 -182.953 297.594 2.286 -181.925 297.667 3.458 -183.024 299.662 2.243
3 16 -181.925 297.667 3.458 -181.995 299.730 3.415 -183.024 299.662 2.243
3 16 -181.925 297.667 3.458 -180.526 297.744 4.146 -181.995 299.730 3.415
3 16 -180.526 297.744 4.146 -180.596 299.802 4.103 -181.995 299.730 3.415
3 16 -180.526 297.744 4.146 -178.970 297.813 4.246 -180.596 299.802 4.103
3 16 -178.970 297.813 4.246 -179.040 299.865 4.203 -180.596 299.802 4.103
3 16 -178.970 297.813 4.246 -177.493 297.864 3.743 -179.040 299.865 4.203
3 16 -177.493 297.864 3.743 -177.564 299.912 3.700 -179.040 299.865 4.203
3 16 -177.493 297.864 3.743 -176.321 297.888 2.712 -177.564 299.912 3.700
3 16 -176.321 297.888 2.712 -176.391 299.934 2.670 -177.564 299.912 3.700
3 16 -176.321 297.888 2.712 -175.632 297.883 1.312 -176.391 299.934 2.670
3 16 -175.632 297.883 1.312 -175.702 299.928 1.269 -176.391 299.934 2.670
3 16 -175.632 297.883 1.312 -175.530 297.848 -0.245 -175.702 299.928 1.269
3 16 -175.530 297.848 -0.245 -175.601 299.896 -0.288 -175.702 299.928 1.269
3 16 -175.530 297.848 -0.245 -176.032 297.790 -1.722 -175.601 299.896 -0.288
3 16 -176.032 297.790 -1.722 -176.102 299.841 -1.764 -175.601 299.896 -0.288
3 16 -175.891 295.901 -1.648 -176.912 295.720 -2.814 -176.032 297.790 -1.722
3 16 -176.912 295.720 -2.814 -177.060 297.716 -2.893 -176.032 297.790 -1.722
3 16 -176.912 295.720 -2.814 -178.303 295.526 -3.495 -177.060 297.716 -2.893
3 16 -178.303 295.526 -3.495 -178.459 297.639 -3.582 -177.060 297.716 -2.893
3 16 -178.303 295.526 -3.495 -179.851 295.349 -3.589 -178.459 297.639 -3.582
3 16 -179.851 295.349 -3.589 -180.015 297.570 -3.682 -178.459 297.639 -3.582
3 16 -179.851 295.349 -3.589 -181.320 295.216 -3.080 -180.015 297.570 -3.682
3 16 -181.320 295.216 -3.080 -181.492 297.520 -3.178 -180.015 297.570 -3.682
3 16 -181.320 295.216 -3.080 -182.488 295.148 -2.046 -181.492 297.520 -3.178
3 16 -182.488 295.148 -2.046 -182.664 297.495 -2.148 -181.492 297.520 -3.178
3 16 -182.488 295.148 -2.046 -183.175 295.154 -0.645 -182.664 297.495 -2.148
3 16 -183.175 295.154 -0.645 -183.353 297.501 -0.748 -182.664 297.495 -2.148
3 16 -183.175 295.154 -0.645 -183.278 295.234 0.910 -183.353 297.501 -0.748
3 16 -183.278 295.234 0.910 -183.455 297.535 0.809 -183.353 297.501 -0.748
3 16 -183.278 295.234 0.910 -182.781 295.375 2.383 -183.455 297.535 0.809
3 16 -182.781 295.375 2.383 -182.953 297.594 2.286 -183.455 297.535 0.809
3 16 -182.781 295.375 2.383 -181.759 295.557 3.549 -182.953 297.594 2.286
3 16 -181.759 295.557 3.549 -181.925 297.667 3.458 -182.953 297.594 2.286
3 16 -181.759 295.557 3.549 -180.369 295.751 4.230 -181.925 297.667 3.458
3 16 -180.369 295.751 4.230 -180.526 297.744 4.146 -181.925 297.667 3.458
3 16 -180.369 295.751 4.230 -178.821 295.928 4.324 -180.526 297.744 4.146
3 16 -178.821 295.928 4.324 -178.970 297.813 4.246 -180.526 297.744 4.146
3 16 -178.821 295.928 4.324 -177.351 296.060 3.815 -178.970 297.813 4.246
3 16 -177.351 296.060 3.815 -177.493 297.864 3.743 -178.970 297.813 4.246
3 16 -177.351 296.060 3.815 -176.184 296.129 2.781 -177.493 297.864 3.743
3 16 -176.184 296.129 2.781 -176.321 297.888 2.712 -177.493 297.864 3.743
3 16 -176.184 296.129 2.781 -175.497 296.123 1.380 -176.321 297.888 2.712
3 16 -175.497 296.123 1.380 -175.632 297.883 1.312 -176.321 297.888 2.712
3 16 -175.497 296.123 1.380 -175.393 296.043 -0.175 -175.632 297.883 1.312
3 16 -175.393 296.043 -0.175 -175.530 297.848 -0.245 -175.632 297.883 1.312
3 16 -175.393 296.043 -0.175 -175.891 295.901 -1.648 -175.530 297.848 -0.245
3 16 -175.891 295.901 -1.648 -176.032 297.790 -1.722 -175.530 297.848 -0.245
3 16 -175.634 293.939 -1.514 -176.649 293.703 -2.676 -175.891 295.901 -1.648
3 16 -176.649 293.703 -2.676 -176.912 295.720 -2.814 -175.891 295.901 -1.648
3 16 -176.649 293.703 -2.676 -178.033 293.450 -3.353 -176.912 295.720 -2.814
3 16 -178.033 293.450 -3.353 -178.303 295.526 -3.495 -176.912 295.720 -2.814
3 16 -178.033 293.450 -3.353 -179.574 293.219 -3.442 -178.303 295.526 -3.495
3 16 -179.574 293.219 -3.442 -179.851 295.349 -3.589 -178.303 295.526 -3.495
3 16 -179.574 293.219 -3.442 -181.037 293.045 -2.930 -179.851 295.349 -3.589
3 16 -181.037 293.045 -2.930 -181.320 295.216 -3.080 -179.851 295.349 -3.589
3 16 -181.037 293.045 -2.930 -182.202 292.954 -1.894 -181.320 295.216 -3.080
3 16 -182.202 292.954 -1.894 -182.488 295.148 -2.046 -181.320 295.216 -3.080
3 16 -182.202 292.954 -1.894 -182.889 292.960 -0.493 -182.488 295.148 -2.046
3 16 -182.889 292.960 -0.493 -183.175 295.154 -0.645 -182.488 295.148 -2.046
3 16 -182.889 292.960 -0.493 -182.994 293.063 1.061 -183.175 295.154 -0.645
3 16 -182.994 293.063 1.061 -183.278 295.234 0.910 -183.175 295.154 -0.645
3 16 -182.994 293.063 1.061 -182.502 293.246 2.530 -183.278 295.234 0.910
3 16 -182.502 293.246 2.530 -182.781 295.375 2.383 -183.278 295.234 0.910
3 16 -182.502 293.246 2.530 -181.487 293.482 3.692 -182.781 295.375 2.383
3 16 -181.487 293.482 3.692 -181.759 295.557 3.549 -182.781 295.375 2.383
3 16 -181.487 293.482 3.692 -180.103 293.735 4.369 -181.759 295.557 3.549
3 16 -180.103 293.735 4.369 -180.369 295.751 4.230 -181.759 295.557 3.549
3 16 -180.103 293.735 4.369 -178.563 293.966 4.459 -180.369 295.751 4.230
3 16 -178.563 293.966 4.459 -178.821 295.928 4.324 -180.369 295.751 4.230
3 16 -178.563 293.966 4.459 -177.099 294.140 3.947 -178.821 295.928 4.324
3 16 -177.099 294.140 3.947 -177.351 296.060 3.815 -178.821 295.928 4.324
3 16 -177.099 294.140 3.947 -175.934 294.231 2.911 -177.351 296.060 3.815
3 16 -175.934 294.231 2.911 -176.184 296.129 2.781 -177.351 296.060 3.815
3 16 -175.934 294.231 2.911 -175.247 294.225 1.510 -176.184 296.129 2.781
3 16 -175.247 294.225 1.510 -175.497 296.123 1.380 -176.184 296.129 2.781
3 16 -175.247 294.225 1.510 -175.142 294.122 -0.044 -175.497 296.123 1.380
3 16 -175.142 294.122 -0.044 -175.393 296.043 -0.175 -175.497 296.123 1.380
3 16 -175.142 294.122 -0.044 -175.634 293.939 -1.514 -175.393 296.043 -0.175
3 16 -175.634 293.939 -1.514 -175.891 295.901 -1.648 -175.393 296.043 -0.175
3 16 -175.331 291.905 -1.357 -176.345 291.668 -2.519 -175.634 293.939 -1.514
3 16 -176.345 291.668 -2.519 -176.649 293.703 -2.676 -175.634 293.939 -1.514
3 16 -176.345 291.668 -2.519 -177.728 291.413 -3.195 -176.649 293.703 -2.676
3 16 -177.728 291.413 -3.195 -178.033 293.450 -3.353 -176.649 293.703 -2.676
3 16 -177.728 291.413 -3.195 -179.269 291.179 -3.284 -178.033 293.450 -3.353
3 16 -179.269 291.179 -3.284 -179.574 293.219 -3.442 -178.033 293.450 -3.353
3 16 -179.269 291.179 -3.284 -180.732 291.002 -2.772 -179.574 293.219 -3.442
3 16 -180.732 291.002 -2.772 -181.037 293.045 -2.930 -179.574 293.219 -3.442
3 16 -180.732 291.002 -2.772 -181.896 290.908 -1.736 -181.037 293.045 -2.930
3 16 -181.896 290.908 -1.736 -182.202 292.954 -1.894 -181.037 293.045 -2.930
3 16 -181.896 290.908 -1.736 -182.583 290.913 -0.335 -182.202 292.954 -1.894
3 16 -182.583 290.913 -0.335 -182.889 292.960 -0.493 -182.202 292.954 -1.894
3 16 -182.583 290.913 -0.335 -182.688 291.015 1.219 -182.889 292.960 -0.493
3 16 -182.688 291.015 1.219 -182.994 293.063 1.061 -182.889 292.960 -0.493
3 16 -182.688 291.015 1.219 -182.196 291.198 2.689 -182.994 293.063 1.061
3 16 -182.196 291.198 2.689 -182.502 293.246 2.530 -182.994 293.063 1.061
3 16 -182.196 291.198 2.689 -181.181 291.436 3.850 -182.502 293.246 2.530
3 16 -181.181 291.436 3.850 -181.487 293.482 3.692 -182.502 293.246 2.530
3 16 -181.181 291.436 3.850 -179.798 291.691 4.527 -181.487 293.482 3.692
3 16 -179.798 291.691 4.527 -180.103 293.735 4.369 -181.487 293.482 3.692
3 16 -179.798 291.691 4.527 -178.258 291.925 4.616 -180.103 293.735 4.369
3 16 -178.258 291.925 4.616 -178.563 293.966 4.459 -180.103 293.735 4.369
3 16 -178.258 291.925 4.616 -176.794 292.102 4.104 -178.563 293.966 4.459
3 16 -176.794 292.102 4.104 -177.099 294.140 3.947 -178.563 293.966 4.459
3 16 -176.794 292.102 4.104 -175.630 292.195 3.068 -177.099 294.140 3.947
3 16 -175.630 292.195 3.068 -175.934 294.231 2.911 -177.099 294.140 3.947
3 16 -175.630 292.195 3.068 -174.944 292.191 1.667 -175.934 294.231 2.911
3 16 -174.944 292.191 1.667 -175.247 294.225 1.510 -175.934 294.231 2.911
3 16 -174.944 292.191 1.667 -174.838 292.089 0.113 -175.247 294.225 1.510
3 16 -174.838 292.089 0.113 -175.142 294.122 -0.044 -175.247 294.225 1.510
3 16 -174.838 292.089 0.113 -175.331 291.905 -1.357 -175.142 294.122 -0.044
3 16 -175.331 291.905 -1.357 -175.634 293.939 -1.514 -175.142 294.122 -0.044
3 16 -175.034 289.871 -1.206 -176.049 289.634 -2.368 -175.331 291.905 -1.357
3 16 -176.049 289.634 -2.368 -176.345 291.668 -2.519 -175.331 291.905 -1.357
3 16 -176.049 289.634 -2.368 -177.432 289.379 -3.044 -176.345 291.668 -2.519
3 16 -177.432 289.379 -3.044 -177.728 291.413 -3.195 -176.345 291.668 -2.519
3 16 -177.432 289.379 -3.044 -178.972 289.144 -3.133 -177.728 291.413 -3.195
3 16 -178.972 289.144 -3.133 -179.269 291.179 -3.284 -177.728 291.413 -3.195
3 16 -178.972 289.144 -3.133 -180.436 288.966 -2.621 -179.269 291.179 -3.284
3 16 -180.436 288.966 -2.621 -180.732 291.002 -2.772 -179.269 291.179 -3.284
3 16 -180.436 288.966 -2.621 -181.599 288.871 -1.585 -180.732 291.002 -2.772
3 16 -181.599 288.871 -1.585 -181.896 290.908 -1.736 -180.732 291.002 -2.772
3 16 -181.599 288.871 -1.585 -182.286 288.875 -0.184 -181.896 290.908 -1.736
3 16 -182.286 288.875 -0.184 -182.583 290.913 -0.335 -181.896 290.908 -1.736
3 16 -182.286 288.875 -0.184 -182.391 288.975 1.370 -182.583 290.913 -0.335
3 16 -182.391 288.975 1.370 -182.688 291.015 1.219 -182.583 290.913 -0.335
3 16 -182.391 288.975 1.370 -181.899 289.158 2.840 -182.688 291.015 1.219
3 16 -181.899 289.158 2.840 -182.196 291.198 2.689 -182.688 291.015 1.219
3 16 -181.899 289.158 2.840 -180.884 289.395 4.002 -182.196 291.198 2.689
3 16 -180.884 289.395 4.002 -181.181 291.436 3.850 -182.196 291.198 2.689
3 16 -180.884 289.395 4.002 -179.501 289.650 4.679 -181.181 291.436 3.850
3 16 -179.501 289.650 4.679 -179.798 291.691 4.527 -181.181 291.436 3.850
3 16 -179.501 289.650 4.679 -177.960 289.885 4.768 -179.798 291.691 4.527
3 16 -177.960 289.885 4.768 -178.258 291.925 4.616 -179.798 291.691 4.527
3 16 -177.960 289.885 4.768 -176.497 290.063 4.255 -178.258 291.925 4.616
3 16 -176.497 290.063 4.255 -176.794 292.102 4.104 -178.258 291.925 4.616
3 16 -176.497 290.063 4.255 -175.333 290.157 3.219 -176.794 292.102 4.104
3 16 -175.333 290.157 3.219 -175.630 292.195 3.068 -176.794 292.102 4.104
3 16 -175.333 290.157 3.219 -174.647 290.154 1.818 -175.630 292.195 3.068
3 16 -174.647 290.154 1.818 -174.944 292.191 1.667 -175.630 292.195 3.068
3 16 -174.647 290.154 1.818 -174.542 290.053 0.264 -174.944 292.191 1.667
3 16 -174.542 290.053 0.264 -174.838 292.089 0.113 -174.944 292.191 1.667
3 16 -174.542 290.053 0.264 -175.034 289.871 -1.206 -174.838 292.089 0.113
3 16 -175.034 289.871 -1.206 -175.331 291.905 -1.357 -174.838 292.089 0.113
3 16 -174.725 287.885 -1.051 -175.736 287.621 -2.211 -175.034 289.871 -1.206
3 16 -175.736 287.621 -2.211 -176.049 289.634 -2.368 -175.034 289.871 -1.206
3 16 -175.736 287.621 -2.211 -177.115 287.337 -2.885 -176.049 289.634 -2.368
3 16 -177.115 287.337 -2.885 -177.432 289.379 -3.044 -176.049 289.634 -2.368
3 16 -177.115 287.337 -2.885 -178.651 287.075 -2.972 -177.432 289.379 -3.044
3 16 -178.651 287.075 -2.972 -178.972 289.144 -3.133 -177.432 289.379 -3.044
3 16 -178.651 287.075 -2.972 -180.111 286.875 -2.458 -178.972 289.144 -3.133
3 16 -180.111 286.875 -2.458 -180.436 288.966 -2.621 -178.972 289.144 -3.133
3 16 -180.111 286.875 -2.458 -181.272 286.767 -1.421 -180.436 288.966 -2.621
3 16 -181.272 286.767 -1.421 -181.599 288.871 -1.585 -180.436 288.966 -2.621
3 16 -181.272 286.767 -1.421 -181.958 286.769 -0.019 -181.599 288.871 -1.585
3 16 -181.958 286.769 -0.019 -182.286 288.875 -0.184 -181.599 288.871 -1.585
3 16 -181.958 286.769 -0.019 -182.065 286.879 1.534 -182.286 288.875 -0.184
3 16 -182.065 286.879 1.534 -182.391 288.975 1.370 -182.286 288.875 -0.184
3 16 -182.065 286.879 1.534 -181.575 287.081 3.002 -182.391 288.975 1.370
3 16 -181.575 287.081 3.002 -181.899 289.158 2.840 -182.391 288.975 1.370
3 16 -181.575 287.081 3.002 -180.564 287.344 4.162 -181.899 289.158 2.840
3 16 -180.564 287.344 4.162 -180.884 289.395 4.002 -181.899 289.158 2.840
3 16 -180.564 287.344 4.162 -179.186 287.628 4.836 -180.884 289.395 4.002
3 16 -179.186 287.628 4.836 -179.501 289.650 4.679 -180.884 289.395 4.002
3 16 -179.186 287.628 4.836 -177.650 287.890 4.923 -179.501 289.650 4.679
3 16 -177.650 287.890 4.923 -177.960 289.885 4.768 -179.501 289.650 4.679
3 16 -177.650 287.890 4.923 -176.190 288.091 4.409 -177.960 289.885 4.768
3 16 -176.190 288.091 4.409 -176.497 290.063 4.255 -177.960 289.885 4.768
3 16 -176.190 288.091 4.409 -175.028 288.198 3.372 -176.497 290.063 4.255
3 16 -175.028 288.198 3.372 -175.333 290.157 3.219 -176.497 290.063 4.255
3 16 -175.028 288.198 3.372 -174.342 288.197 1.970 -175.333 290.157 3.219
3 16 -174.342 288.197 1.970 -174.647 290.154 1.818 -175.333 290.157 3.219
3 16 -174.342 288.197 1.970 -174.236 288.087 0.417 -174.647 290.154 1.818
3 16 -174.236 288.087 0.417 -174.542 290.053 0.264 -174.647 290.154 1.818
3 16 -174.236 288.087 0.417 -174.725 287.885 -1.051 -174.542 290.053 0.264
3 16 -174.725 287.885 -1.051 -175.034 289.871 -1.206 -174.542 290.053 0.264
3 16 -174.373 285.931 -0.879 -175.376 285.627 -2.035 -174.725 287.885 -1.051
3 16 -175.376 285.627 -2.035 -175.736 287.621 -2.211 -174.725 287.885 -1.051
3 16 -175.376 285.627 -2.035 -176.747 285.296 -2.705 -175.736 287.621 -2.211
3 16 -176.747 285.296 -2.705 -177.115 287.337 -2.885 -175.736 287.621 -2.211
3 16 -176.747 285.296 -2.705 -178.275 284.991 -2.787 -177.115 287.337 -2.885
3 16 -178.275 284.991 -2.787 -178.651 287.075 -2.972 -177.115 287.337 -2.885
3 16 -178.275 284.991 -2.787 -179.729 284.757 -2.270 -178.651 287.075 -2.972
3 16 -179.729 284.757 -2.270 -180.111 286.875 -2.458 -178.651 287.075 -2.972
3 16 -179.729 284.757 -2.270 -180.886 284.631 -1.231 -180.111 286.875 -2.458
3 16 -180.886 284.631 -1.231 -181.272 286.767 -1.421 -180.111 286.875 -2.458
3 16 -180.886 284.631 -1.231 -181.572 284.630 0.171 -181.272 286.767 -1.421
3 16 -181.572 284.630 0.171 -181.958 286.769 -0.019 -181.272 286.767 -1.421
3 16 -181.572 284.630 0.171 -181.681 284.756 1.723 -181.958 286.769 -0.019
3 16 -181.681 284.756 1.723 -182.065 286.879 1.534 -181.958 286.769 -0.019
3 16 -181.681 284.756 1.723 -181.197 284.989 3.188 -182.065 286.879 1.534
3 16 -181.197 284.989 3.188 -181.575 287.081 3.002 -182.065 286.879 1.534
3 16 -181.197 284.989 3.188 -180.193 285.294 4.344 -181.575 287.081 3.002
3 16 -180.193 285.294 4.344 -180.564 287.344 4.162 -181.575 287.081 3.002
3 16 -180.193 285.294 4.344 -178.823 285.624 5.014 -180.564 287.344 4.162
3 16 -178.823 285.624 5.014 -179.186 287.628 4.836 -180.564 287.344 4.162
3 16 -178.823 285.624 5.014 -177.294 285.929 5.097 -179.186 287.628 4.836
3 16 -177.294 285.929 5.097 -177.650 287.890 4.923 -179.186 287.628 4.836
3 16 -177.294 285.929 5.097 -175.841 286.163 4.579 -177.650 287.890 4.923
3 16 -175.841 286.163 4.579 -176.190 288.091 4.409 -177.650 287.890 4.923
3 16 -175.841 286.163 4.579 -174.683 286.290 3.540 -176.190 288.091 4.409
3 16 -174.683 286.290 3.540 -175.028 288.198 3.372 -176.190 288.091 4.409
3 16 -174.683 286.290 3.540 -173.997 286.290 2.138 -175.028 288.198 3.372
3 16 -173.997 286.290 2.138 -174.342 288.197 1.970 -175.028 288.198 3.372
3 16 -173.997 286.290 2.138 -173.888 286.164 0.586 -174.342 288.197 1.970
3 16 -173.888 286.164 0.586 -174.236 288.087 0.417 -174.342 288.197 1.970
3 16 -173.888 286.164 0.586 -174.373 285.931 -0.879 -174.236 288.087 0.417
3 16 -174.373 285.931 -0.879 -174.725 287.885 -1.051 -174.236 288.087 0.417
3 16 -173.969 283.969 -0.684 -174.967 283.635 -1.837 -174.373 285.931 -0.879
3 16 -174.967 283.635 -1.837 -175.376 285.627 -2.035 -174.373 285.931 -0.879
3 16 -174.967 283.635 -1.837 -176.331 283.272 -2.504 -175.376 285.627 -2.035
3 16 -176.331 283.272 -2.504 -176.747 285.296 -2.705 -175.376 285.627 -2.035
3 16 -176.331 283.272 -2.504 -177.852 282.935 -2.583 -176.747 285.296 -2.705
3 16 -177.852 282.935 -2.583 -178.275 284.991 -2.787 -176.747 285.296 -2.705
3 16 -177.852 282.935 -2.583 -179.301 282.676 -2.063 -178.275 284.991 -2.787
3 16 -179.301 282.676 -2.063 -179.729 284.757 -2.270 -178.275 284.991 -2.787
3 16 -179.301 282.676 -2.063 -180.456 282.535 -1.022 -179.729 284.757 -2.270
3 16 -180.456 282.535 -1.022 -180.886 284.631 -1.231 -179.729 284.757 -2.270
3 16 -180.456 282.535 -1.022 -181.141 282.532 0.380 -180.886 284.631 -1.231
3 16 -181.141 282.532 0.380 -181.572 284.630 0.171 -180.886 284.631 -1.231
3 16 -181.141 282.532 0.380 -181.251 282.668 1.931 -181.572 284.630 0.171
3 16 -181.251 282.668 1.931 -181.681 284.756 1.723 -181.572 284.630 0.171
3 16 -181.251 282.668 1.931 -180.772 282.923 3.394 -181.681 284.756 1.723
3 16 -180.772 282.923 3.394 -181.197 284.989 3.188 -181.681 284.756 1.723
3 16 -180.772 282.923 3.394 -179.774 283.257 4.547 -181.197 284.989 3.188
3 16 -179.774 283.257 4.547 -180.193 285.294 4.344 -181.197 284.989 3.188
3 16 -179.774 283.257 4.547 -178.410 283.621 5.213 -180.193 285.294 4.344
3 16 -178.410 283.621 5.213 -178.823 285.624 5.014 -180.193 285.294 4.344
3 16 -178.410 283.621 5.213 -176.888 283.957 5.293 -178.823 285.624 5.014
3 16 -176.888 283.957 5.293 -177.294 285.929 5.097 -178.823 285.624 5.014
3 16 -176.888 283.957 5.293 -175.440 284.216 4.772 -177.294 285.929 5.097
3 16 -175.440 284.216 4.772 -175.841 286.163 4.579 -177.294 285.929 5.097
3 16 -175.440 284.216 4.772 -174.285 284.358 3.732 -175.841 286.163 4.579
3 16 -174.285 284.358 3.732 -174.683 286.290 3.540 -175.841 286.163 4.579
3 16 -174.285 284.358 3.732 -173.600 284.360 2.329 -174.683 286.290 3.540
3 16 -173.600 284.360 2.329 -173.997 286.290 2.138 -174.683 286.290 3.540
3 16 -173.600 284.360 2.329 -173.489 284.224 0.779 -173.997 286.290 2.138
3 16 -173.489 284.224 0.779 -173.888 286.164 0.586 -173.997 286.290 2.138
3 16 -173.489 284.224 0.779 -173.969 283.969 -0.684 -173.888 286.164 0.586
3 16 -173.969 283.969 -0.684 -174.373 285.931 -0.879 -173.888 286.164 0.586
3 16 -173.529 282.004 -0.476 -174.523 281.650 -1.627 -173.969 283.969 -0.684
3 16 -174.523 281.650 -1.627 -174.967 283.635 -1.837 -173.969 283.969 -0.684
3 16 -174.523 281.650 -1.627 -175.882 281.265 -2.291 -174.967 283.635 -1.837
3 16 -175.882 281.265 -2.291 -176.331 283.272 -2.504 -174.967 283.635 -1.837
3 16 -175.882 281.265 -2.291 -177.399 280.906 -2.368 -176.331 283.272 -2.504
3 16 -177.399 280.906 -2.368 -177.852 282.935 -2.583 -176.331 283.272 -2.504
3 16 -177.399 280.906 -2.368 -178.843 280.630 -1.846 -177.852 282.935 -2.583
3 16 -178.843 280.630 -1.846 -179.301 282.676 -2.063 -177.852 282.935 -2.583
3 16 -178.843 280.630 -1.846 -179.995 280.476 -0.804 -179.301 282.676 -2.063
3 16 -179.995 280.476 -0.804 -180.456 282.535 -1.022 -179.301 282.676 -2.063
3 16 -179.995 280.476 -0.804 -180.679 280.470 0.599 -180.456 282.535 -1.022
3 16 -180.679 280.470 0.599 -181.141 282.532 0.380 -180.456 282.535 -1.022
3 16 -180.679 280.470 0.599 -180.791 280.611 2.149 -181.141 282.532 0.380
3 16 -180.791 280.611 2.149 -181.251 282.668 1.931 -181.141 282.532 0.380
3 16 -180.791 280.611 2.149 -180.314 280.879 3.611 -181.251 282.668 1.931
3 16 -180.314 280.879 3.611 -180.772 282.923 3.394 -181.251 282.668 1.931
3 16 -180.314 280.879 3.611 -179.321 281.233 4.761 -180.772 282.923 3.394
3 16 -179.321 281.233 4.761 -179.774 283.257 4.547 -180.772 282.923 3.394
3 16 -179.321 281.233 4.761 -177.962 281.618 5.425 -179.774 283.257 4.547
3 16 -177.962 281.618 5.425 -178.410 283.621 5.213 -179.774 283.257 4.547
3 16 -177.962 281.618 5.425 -176.445 281.976 5.502 -178.410 283.621 5.213
3 16 -176.445 281.976 5.502 -176.888 283.957 5.293 -178.410 283.621 5.213
3 16 -176.445 281.976 5.502 -175.000 282.253 4.980 -176.888 283.957 5.293
3 16 -175.000 282.253 4.980 -175.440 284.216 4.772 -176.888 283.957 5.293
3 16 -175.000 282.253 4.980 -173.848 282.406 3.938 -175.440 284.216 4.772
3 16 -173.848 282.406 3.938 -174.285 284.358 3.732 -175.440 284.216 4.772
3 16 -173.848 282.406 3.938 -173.164 282.413 2.536 -174.285 284.358 3.732
3 16 -173.164 282.413 2.536 -173.600 284.360 2.329 -174.285 284.358 3.732
3 16 -173.164 282.413 2.536 -173.052 282.271 0.985 -173.600 284.360 2.329
3 16 -173.052 282.271 0.985 -173.489 284.224 0.779 -173.600 284.360 2.329
3 16 -173.052 282.271 0.985 -173.529 282.004 -0.476 -173.489 284.224 0.779
3 16 -173.529 282.004 -0.476 -173.969 283.969 -0.684 -173.489 284.224 0.779
3 16 -173.063 280.048 -0.260 -174.052 279.673 -1.408 -173.529 282.004 -0.476
3 16 -174.052 279.673 -1.408 -174.523 281.650 -1.627 -173.529 282.004 -0.476
3 16 -174.052 279.673 -1.408 -175.405 279.264 -2.070 -174.523 281.650 -1.627
3 16 -175.405 279.264 -2.070 -175.882 281.265 -2.291 -174.523 281.650 -1.627
3 16 -175.405 279.264 -2.070 -176.916 278.882 -2.144 -175.882 281.265 -2.291
3 16 -176.916 278.882 -2.144 -177.399 280.906 -2.368 -175.882 281.265 -2.291
3 16 -176.916 278.882 -2.144 -178.356 278.586 -1.620 -177.399 280.906 -2.368
3 16 -178.356 278.586 -1.620 -178.843 280.630 -1.846 -177.399 280.906 -2.368
3 16 -178.356 278.586 -1.620 -179.505 278.420 -0.576 -178.843 280.630 -1.846
3 16 -179.505 278.420 -0.576 -179.995 280.476 -0.804 -178.843 280.630 -1.846
3 16 -179.505 278.420 -0.576 -180.188 278.411 0.827 -179.995 280.476 -0.804
3 16 -180.188 278.411 0.827 -180.679 280.470 0.599 -179.995 280.476 -0.804
3 16 -180.188 278.411 0.827 -180.302 278.559 2.376 -180.679 280.470 0.599
3 16 -180.302 278.559 2.376 -180.791 280.611 2.149 -180.679 280.470 0.599
3 16 -180.302 278.559 2.376 -179.828 278.842 3.836 -180.791 280.611 2.149
3 16 -179.828 278.842 3.836 -180.314 280.879 3.611 -180.791 280.611 2.149
3 16 -179.828 278.842 3.836 -178.840 279.217 4.984 -180.314 280.879 3.611
3 16 -178.840 279.217 4.984 -179.321 281.233 4.761 -180.314 280.879 3.611
3 16 -178.840 279.217 4.984 -177.487 279.626 5.646 -179.321 281.233 4.761
3 16 -177.487 279.626 5.646 -177.962 281.618 5.425 -179.321 281.233 4.761
3 16 -177.487 279.626 5.646 -175.975 280.008 5.720 -177.962 281.618 5.425
3 16 -175.975 280.008 5.720 -176.445 281.976 5.502 -177.962 281.618 5.425
3 16 -175.975 280.008 5.720 -174.535 280.304 5.196 -176.445 281.976 5.502
3 16 -174.535 280.304 5.196 -175.000 282.253 4.980 -176.445 281.976 5.502
3 16 -174.535 280.304 5.196 -173.386 280.470 4.153 -175.000 282.253 4.980
3 16 -173.386 280.470 4.153 -173.848 282.406 3.938 -175.000 282.253 4.980
3 16 -173.386 280.470 4.153 -172.703 280.479 2.749 -173.848 282.406 3.938
3 16 -172.703 280.479 2.749 -173.164 282.413 2.536 -173.848 282.406 3.938
3 16 -172.703 280.479 2.749 -172.590 280.331 1.200 -173.164 282.413 2.536
3 16 -172.590 280.331 1.200 -173.052 282.271 0.985 -173.164 282.413 2.536
3 16 -172.590 280.331 1.200 -173.063 280.048 -0.260 -173.052 282.271 0.985
3 16 -173.063 280.048 -0.260 -173.529 282.004 -0.476 -173.052 282.271 0.985
3 16 -172.566 278.112 -0.034 -173.548 277.711 -1.179 -173.063 280.048 -0.260
3 16 -173.548 277.711 -1.179 -174.052 279.673 -1.408 -173.063 280.048 -0.260
3 16 -173.548 277.711 -1.179 -174.893 277.272 -1.837 -174.052 279.673 -1.408
3 16 -174.893 277.272 -1.837 -175.405 279.264 -2.070 -174.052 279.673 -1.408
3 16 -174.893 277.272 -1.837 -176.397 276.861 -1.908 -175.405 279.264 -2.070
3 16 -176.397 276.861 -1.908 -176.916 278.882 -2.144 -175.405 279.264 -2.070
3 16 -176.397 276.861 -1.908 -177.831 276.542 -1.380 -176.916 278.882 -2.144
3 16 -177.831 276.542 -1.380 -178.356 278.586 -1.620 -176.916 278.882 -2.144
3 16 -177.831 276.542 -1.380 -178.976 276.361 -0.335 -178.356 278.586 -1.620
3 16 -178.976 276.361 -0.335 -179.505 278.420 -0.576 -178.356 278.586 -1.620
3 16 -178.976 276.361 -0.335 -179.658 276.348 1.069 -179.505 278.420 -0.576
3 16 -179.658 276.348 1.069 -180.188 278.411 0.827 -179.505 278.420 -0.576
3 16 -179.658 276.348 1.069 -179.774 276.504 2.617 -180.188 278.411 0.827
3 16 -179.774 276.504 2.617 -180.302 278.559 2.376 -180.188 278.411 0.827
3 16 -179.774 276.504 2.617 -179.305 276.805 4.075 -180.302 278.559 2.376
3 16 -179.305 276.805 4.075 -179.828 278.842 3.836 -180.302 278.559 2.376
3 16 -179.305 276.805 4.075 -178.323 277.206 5.220 -179.828 278.842 3.836
3 16 -178.323 277.206 5.220 -178.840 279.217 4.984 -179.828 278.842 3.836
3 16 -178.323 277.206 5.220 -176.977 277.645 5.878 -178.840 279.217 4.984
3 16 -176.977 277.645 5.878 -177.487 279.626 5.646 -178.840 279.217 4.984
3 16 -176.977 277.645 5.878 -175.473 278.056 5.949 -177.487 279.626 5.646
3 16 -175.473 278.056 5.949 -175.975 280.008 5.720 -177.487 279.626 5.646
3 16 -175.473 278.056 5.949 -174.039 278.376 5.421 -175.975 280.008 5.720
3 16 -174.039 278.376 5.421 -174.535 280.304 5.196 -175.975 280.008 5.720
3 16 -174.039 278.376 5.421 -172.894 278.556 4.376 -174.535 280.304 5.196
3 16 -172.894 278.556 4.376 -173.386 280.470 4.153 -174.535 280.304 5.196
3 16 -172.894 278.556 4.376 -172.212 278.569 2.972 -173.386 280.470 4.153
3 16 -172.212 278.569 2.972 -172.703 280.479 2.749 -173.386 280.470 4.153
3 16 -172.212 278.569 2.972 -172.097 278.413 1.424 -172.703 280.479 2.749
3 16 -172.097 278.413 1.424 -172.590 280.331 1.200 -172.703 280.479 2.749
3 16 -172.097 278.413 1.424 -172.566 278.112 -0.034 -172.590 280.331 1.200
3 16 -172.566 278.112 -0.034 -173.063 280.048 -0.260 -172.590 280.331 1.200
3 16 -172.031 276.192 0.205 -173.005 275.763 -0.937 -172.566 278.112 -0.034
3 16 -173.005 275.763 -0.937 -173.548 277.711 -1.179 -172.566 278.112 -0.034
3 16 -173.005 275.763 -0.937 -174.342 275.292 -1.591 -173.548 277.711 -1.179
3 16 -174.342 275.292 -1.591 -174.893 277.272 -1.837 -173.548 277.711 -1.179
3 16 -174.342 275.292 -1.591 -175.837 274.850 -1.657 -174.893 277.272 -1.837
3 16 -175.837 274.850 -1.657 -176.397 276.861 -1.908 -174.893 277.272 -1.837
3 16 -175.837 274.850 -1.657 -177.264 274.505 -1.127 -176.397 276.861 -1.908
3 16 -177.264 274.505 -1.127 -177.831 276.542 -1.380 -176.397 276.861 -1.908
3 16 -177.264 274.505 -1.127 -178.404 274.309 -0.079 -177.831 276.542 -1.380
3 16 -178.404 274.309 -0.079 -178.976 276.361 -0.335 -177.831 276.542 -1.380
3 16 -178.404 274.309 -0.079 -179.085 274.292 1.325 -178.976 276.361 -0.335
3 16 -179.085 274.292 1.325 -179.658 276.348 1.069 -178.976 276.361 -0.335
3 16 -179.085 274.292 1.325 -179.203 274.457 2.872 -179.658 276.348 1.069
3 16 -179.203 274.457 2.872 -179.774 276.504 2.617 -179.658 276.348 1.069
3 16 -179.203 274.457 2.872 -178.739 274.778 4.328 -179.774 276.504 2.617
3 16 -178.739 274.778 4.328 -179.305 276.805 4.075 -179.774 276.504 2.617
3 16 -178.739 274.778 4.328 -177.765 275.206 5.469 -179.305 276.805 4.075
3 16 -177.765 275.206 5.469 -178.323 277.206 5.220 -179.305 276.805 4.075
3 16 -177.765 275.206 5.469 -176.428 275.677 6.123 -178.323 277.206 5.220
3 16 -176.428 275.677 6.123 -176.977 277.645 5.878 -178.323 277.206 5.220
3 16 -176.428 275.677 6.123 -174.933 276.119 6.190 -176.977 277.645 5.878
3 16 -174.933 276.119 6.190 -175.473 278.056 5.949 -176.977 277.645 5.878
3 16 -174.933 276.119 6.190 -173.506 276.464 5.659 -175.473 278.056 5.949
3 16 -173.506 276.464 5.659 -174.039 278.376 5.421 -175.473 278.056 5.949
3 16 -173.506 276.464 5.659 -172.366 276.660 4.612 -174.039 278.376 5.421
3 16 -172.366 276.660 4.612 -172.894 278.556 4.376 -174.039 278.376 5.421
3 16 -172.366 276.660 4.612 -171.685 276.677 3.207 -172.894 278.556 4.376
3 16 -171.685 276.677 3.207 -172.212 278.569 2.972 -172.894 278.556 4.376
3 16 -171.685 276.677 3.207 -171.567 276.513 1.660 -172.212 278.569 2.972
3 16 -171.567 276.513 1.660 -172.097 278.413 1.424 -172.212 278.569 2.972
3 16 -171.567 276.513 1.660 -172.031 276.192 0.205 -172.097 278.413 1.424
3 16 -172.031 276.192 0.205 -172.566 278.112 -0.034 -172.097 278.413 1.424
3 16 -171.457 274.280 0.456 -172.424 273.826 -0.682 -172.031 276.192 0.205
3 16 -172.424 273.826 -0.682 -173.005 275.763 -0.937 -172.031 276.192 0.205
3 16 -172.424 273.826 -0.682 -173.752 273.326 -1.332 -173.005 275.763 -0.937
3 16 -173.752 273.326 -1.332 -174.342 275.292 -1.591 -173.005 275.763 -0.937
3 16 -173.752 273.326 -1.332 -175.239 272.856 -1.395 -174.342 275.292 -1.591
3 16 -175.239 272.856 -1.395 -175.837 274.850 -1.657 -174.342 275.292 -1.591
3 16 -175.239 272.856 -1.395 -176.658 272.487 -0.861 -175.837 274.850 -1.657
3 16 -176.658 272.487 -0.861 -177.264 274.505 -1.127 -175.837 274.850 -1.657
3 16 -176.658 272.487 -0.861 -177.794 272.276 0.189 -177.264 274.505 -1.127
3 16 -177.794 272.276 0.189 -178.404 274.309 -0.079 -177.264 274.505 -1.127
3 16 -177.794 272.276 0.189 -178.474 272.254 1.594 -178.404 274.309 -0.079
3 16 -178.474 272.254 1.594 -179.085 274.292 1.325 -178.404 274.309 -0.079
3 16 -178.474 272.254 1.594 -178.593 272.426 3.140 -179.085 274.292 1.325
3 16 -178.593 272.426 3.140 -179.203 274.457 2.872 -179.085 274.292 1.325
3 16 -178.593 272.426 3.140 -178.135 272.764 4.593 -179.203 274.457 2.872
3 16 -178.135 272.764 4.593 -178.739 274.778 4.328 -179.203 274.457 2.872
3 16 -178.135 272.764 4.593 -177.168 273.218 5.731 -178.739 274.778 4.328
3 16 -177.168 273.218 5.731 -177.765 275.206 5.469 -178.739 274.778 4.328
3 16 -177.168 273.218 5.731 -175.840 273.719 6.381 -177.765 275.206 5.469
3 16 -175.840 273.719 6.381 -176.428 275.677 6.123 -177.765 275.206 5.469
3 16 -175.840 273.719 6.381 -174.353 274.189 6.444 -176.428 275.677 6.123
3 16 -174.353 274.189 6.444 -174.933 276.119 6.190 -176.428 275.677 6.123
3 16 -174.353 274.189 6.444 -172.934 274.558 5.910 -174.933 276.119 6.190
3 16 -172.934 274.558 5.910 -173.506 276.464 5.659 -174.933 276.119 6.190
3 16 -172.934 274.558 5.910 -171.798 274.769 4.860 -173.506 276.464 5.659
3 16 -171.798 274.769 4.860 -172.366 276.660 4.612 -173.506 276.464 5.659
3 16 -171.798 274.769 4.860 -171.118 274.790 3.456 -172.366 276.660 4.612
3 16 -171.118 274.790 3.456 -171.685 276.677 3.207 -172.366 276.660 4.612
3 16 -171.118 274.790 3.456 -170.999 274.619 1.909 -171.685 276.677 3.207
3 16 -170.999 274.619 1.909 -171.567 276.513 1.660 -171.685 276.677 3.207
3 16 -170.999 274.619 1.909 -171.457 274.280 0.456 -171.567 276.513 1.660
3 16 -171.457 274.280 0.456 -172.031 276.192 0.205 -171.567 276.513 1.660
3 16 -170.848 272.381 0.717 -171.808 271.904 -0.417 -171.457 274.280 0.456
3 16 -171.808 271.904 -0.417 -172.424 273.826 -0.682 -171.457 274.280 0.456
3 16 -171.808 271.904 -0.417 -173.127 271.376 -1.063 -172.424 273.826 -0.682
3 16 -173.127 271.376 -1.063 -173.752 273.326 -1.332 -172.424 273.826 -0.682
3 16 -173.127 271.376 -1.063 -174.605 270.879 -1.122 -173.752 273.326 -1.332
3 16 -174.605 270.879 -1.122 -175.239 272.856 -1.395 -173.752 273.326 -1.332
3 16 -174.605 270.879 -1.122 -176.017 270.487 -0.585 -175.239 272.856 -1.395
3 16 -176.017 270.487 -0.585 -176.658 272.487 -0.861 -175.239 272.856 -1.395
3 16 -176.017 270.487 -0.585 -177.148 270.261 0.467 -176.658 272.487 -0.861
3 16 -177.148 270.261 0.467 -177.794 272.276 0.189 -176.658 272.487 -0.861
3 16 -177.148 270.261 0.467 -177.826 270.234 1.872 -177.794 272.276 0.189
3 16 -177.826 270.234 1.872 -178.474 272.254 1.594 -177.794 272.276 0.189
3 16 -177.826 270.234 1.872 -177.947 270.411 3.418 -178.474 272.254 1.594
3 16 -177.947 270.411 3.418 -178.593 272.426 3.140 -178.474 272.254 1.594
3 16 -177.947 270.411 3.418 -177.493 270.766 4.869 -178.593 272.426 3.140
3 16 -177.493 270.766 4.869 -178.135 272.764 4.593 -178.593 272.426 3.140
3 16 -177.493 270.766 4.869 -176.534 271.243 6.004 -178.135 272.764 4.593
3 16 -176.534 271.243 6.004 -177.168 273.218 5.731 -178.135 272.764 4.593
3 16 -176.534 271.243 6.004 -175.214 271.770 6.650 -177.168 273.218 5.731
3 16 -175.214 271.770 6.650 -175.840 273.719 6.381 -177.168 273.218 5.731
3 16 -175.214 271.770 6.650 -173.736 272.268 6.708 -175.840 273.719 6.381
3 16 -173.736 272.268 6.708 -174.353 274.189 6.444 -175.840 273.719 6.381
3 16 -173.736 272.268 6.708 -172.324 272.660 6.171 -174.353 274.189 6.444
3 16 -172.324 272.660 6.171 -172.934 274.558 5.910 -174.353 274.189 6.444
3 16 -172.324 272.660 6.171 -171.193 272.886 5.120 -172.934 274.558 5.910
3 16 -171.193 272.886 5.120 -171.798 274.769 4.860 -172.934 274.558 5.910
3 16 -171.193 272.886 5.120 -170.516 272.913 3.714 -171.798 274.769 4.860
3 16 -170.516 272.913 3.714 -171.118 274.790 3.456 -171.798 274.769 4.860
3 16 -170.516 272.913 3.714 -170.395 272.735 2.168 -171.118 274.790 3.456
3 16 -170.395 272.735 2.168 -170.999 274.619 1.909 -171.118 274.790 3.456
3 16 -170.395 272.735 2.168 -170.848 272.381 0.717 -170.999 274.619 1.909
3 16 -170.848 272.381 0.717 -171.457 274.280 0.456 -170.999 274.619 1.909
3 16 -170.205 270.495 0.988 -171.156 269.994 -0.143 -170.848 272.381 0.717
3 16 -171.156 269.994 -0.143 -171.808 271.904 -0.417 -170.848 272.381 0.717
3 16 -171.156 269.994 -0.143 -172.466 269.439 -0.785 -171.808 271.904 -0.417
3 16 -172.466 269.439 -0.785 -173.127 271.376 -1.063 -171.808 271.904 -0.417
3 16 -172.466 269.439 -0.785 -173.935 268.914 -0.839 -173.127 271.376 -1.063
3 16 -173.935 268.914 -0.839 -174.605 270.879 -1.122 -173.127 271.376 -1.063
3 16 -173.935 268.914 -0.839 -175.339 268.499 -0.299 -174.605 270.879 -1.122
3 16 -175.339 268.499 -0.299 -176.017 270.487 -0.585 -174.605 270.879 -1.122
3 16 -175.339 268.499 -0.299 -176.464 268.257 0.755 -176.017 270.487 -0.585
3 16 -176.464 268.257 0.755 -177.148 270.261 0.467 -176.017 270.487 -0.585
3 16 -176.464 268.257 0.755 -177.140 268.226 2.161 -177.148 270.261 0.467
3 16 -177.140 268.226 2.161 -177.826 270.234 1.872 -177.148 270.261 0.467
3 16 -177.140 268.226 2.161 -177.263 268.410 3.706 -177.826 270.234 1.872
3 16 -177.263 268.410 3.706 -177.947 270.411 3.418 -177.826 270.234 1.872
3 16 -177.263 268.410 3.706 -176.815 268.780 5.155 -177.947 270.411 3.418
3 16 -176.815 268.780 5.155 -177.493 270.766 4.869 -177.947 270.411 3.418
3 16 -176.815 268.780 5.155 -175.864 269.281 6.286 -177.493 270.766 4.869
3 16 -175.864 269.281 6.286 -176.534 271.243 6.004 -177.493 270.766 4.869
3 16 -175.864 269.281 6.286 -174.554 269.836 6.928 -176.534 271.243 6.004
3 16 -174.554 269.836 6.928 -175.214 271.770 6.650 -176.534 271.243 6.004
3 16 -174.554 269.836 6.928 -173.085 270.361 6.982 -175.214 271.770 6.650
3 16 -173.085 270.361 6.982 -173.736 272.268 6.708 -175.214 271.770 6.650
3 16 -173.085 270.361 6.982 -171.681 270.776 6.442 -173.736 272.268 6.708
3 16 -171.681 270.776 6.442 -172.324 272.660 6.171 -173.736 272.268 6.708
3 16 -171.681 270.776 6.442 -170.555 271.018 5.388 -172.324 272.660 6.171
3 16 -170.555 271.018 5.388 -171.193 272.886 5.120 -172.324 272.660 6.171
3 16 -170.555 271.018 5.388 -169.879 271.049 3.982 -171.193 272.886 5.120
3 16 -169.879 271.049 3.982 -170.516 272.913 3.714 -171.193 272.886 5.120
3 16 -169.879 271.049 3.982 -169.756 270.865 2.437 -170.516 272.913 3.714
3 16 -169.756 270.865 2.437 -170.395 272.735 2.168 -170.516 272.913 3.714
3 16 -169.756 270.865 2.437 -170.205 270.495 0.988 -170.395 272.735 2.168
3 16 -170.205 270.495 0.988 -170.848 272.381 0.717 -170.395 272.735 2.168
3 16 -169.527 268.627 1.268 -170.469 268.101 0.140 -170.205 270.495 0.988
3 16 -170.469 268.101 0.140 -171.156 269.994 -0.143 -170.205 270.495 0.988
3 16 -170.469 268.101 0.140 -171.769 267.517 -0.497 -171.156 269.994 -0.143
3 16 -171.769 267.517 -0.497 -172.466 269.439 -0.785 -171.156 269.994 -0.143
3 16 -171.769 267.517 -0.497 -173.227 266.963 -0.547 -172.466 269.439 -0.785
3 16 -173.227 266.963 -0.547 -173.935 268.914 -0.839 -172.466 269.439 -0.785
3 16 -173.227 266.963 -0.547 -174.622 266.524 -0.003 -173.935 268.914 -0.839
3 16 -174.622 266.524 -0.003 -175.339 268.499 -0.299 -173.935 268.914 -0.839
3 16 -174.622 266.524 -0.003 -175.742 266.266 1.054 -175.339 268.499 -0.299
3 16 -175.742 266.266 1.054 -176.464 268.257 0.755 -175.339 268.499 -0.299
3 16 -175.742 266.266 1.054 -176.415 266.229 2.461 -176.464 268.257 0.755
3 16 -176.415 266.229 2.461 -177.140 268.226 2.161 -176.464 268.257 0.755
3 16 -176.415 266.229 2.461 -176.540 266.418 4.005 -177.140 268.226 2.161
3 16 -176.540 266.418 4.005 -177.263 268.410 3.706 -177.140 268.226 2.161
3 16 -176.540 266.418 4.005 -176.098 266.805 5.451 -177.263 268.410 3.706
3 16 -176.098 266.805 5.451 -176.815 268.780 5.155 -177.263 268.410 3.706
3 16 -176.098 266.805 5.451 -175.155 267.331 6.579 -176.815 268.780 5.155
3 16 -175.155 267.331 6.579 -175.864 269.281 6.286 -176.815 268.780 5.155
3 16 -175.155 267.331 6.579 -173.856 267.915 7.216 -175.864 269.281 6.286
3 16 -173.856 267.915 7.216 -174.554 269.836 6.928 -175.864 269.281 6.286
3 16 -173.856 267.915 7.216 -172.397 268.469 7.266 -174.554 269.836 6.928
3 16 -172.397 268.469 7.266 -173.085 270.361 6.982 -174.554 269.836 6.928
3 16 -172.397 268.469 7.266 -171.002 268.908 6.722 -173.085 270.361 6.982
3 16 -171.002 268.908 6.722 -171.681 270.776 6.442 -173.085 270.361 6.982
3 16 -171.002 268.908 6.722 -169.883 269.166 5.665 -171.681 270.776 6.442
3 16 -169.883 269.166 5.665 -170.555 271.018 5.388 -171.681 270.776 6.442
3 16 -169.883 269.166 5.665 -169.209 269.203 4.258 -170.555 271.018 5.388
3 16 -169.209 269.203 4.258 -169.879 271.049 3.982 -170.555 271.018 5.388
3 16 -169.209 269.203 4.258 -169.084 269.014 2.714 -169.879 271.049 3.982
3 16 -169.084 269.014 2.714 -169.756 270.865 2.437 -169.879 271.049 3.982
3 16 -169.084 269.014 2.714 -169.527 268.627 1.268 -169.756 270.865 2.437
3 16 -169.527 268.627 1.268 -170.205 270.495 0.988 -169.756 270.865 2.437
3 16 -168.811 266.774 1.557 -169.745 266.224 0.433 -169.527 268.627 1.268
3 16 -169.745 266.224 0.433 -170.469 268.101 0.140 -169.527 268.627 1.268
3 16 -169.745 266.224 0.433 -171.033 265.611 -0.199 -170.469 268.101 0.140
3 16 -171.033 265.611 -0.199 -171.769 267.517 -0.497 -170.469 268.101 0.140
3 16 -171.033 265.611 -0.199 -172.480 265.028 -0.245 -171.769 267.517 -0.497
3 16 -172.480 265.028 -0.245 -173.227 266.963 -0.547 -171.769 267.517 -0.497
3 16 -172.480 265.028 -0.245 -173.866 264.565 0.304 -173.227 266.963 -0.547
3 16 -173.866 264.565 0.304 -174.622 266.524 -0.003 -173.227 266.963 -0.547
3 16 -173.866 264.565 0.304 -174.979 264.291 1.363 -174.622 266.524 -0.003
3 16 -174.979 264.291 1.363 -175.742 266.266 1.054 -174.622 266.524 -0.003
3 16 -174.979 264.291 1.363 -175.650 264.248 2.771 -175.742 266.266 1.054
3 16 -175.650 264.248 2.771 -176.415 266.229 2.461 -175.742 266.266 1.054
3 16 -175.650 264.248 2.771 -175.777 264.443 4.314 -176.415 266.229 2.461
3 16 -175.777 264.443 4.314 -176.540 266.418 4.005 -176.415 266.229 2.461
3 16 -175.777 264.443 4.314 -175.341 264.847 5.757 -176.540 266.418 4.005
3 16 -175.341 264.847 5.757 -176.098 266.805 5.451 -176.540 266.418 4.005
3 16 -175.341 264.847 5.757 -174.408 265.397 6.881 -176.098 266.805 5.451
3 16 -174.408 265.397 6.881 -175.155 267.331 6.579 -176.098 266.805 5.451
3 16 -174.408 265.397 6.881 -173.120 266.010 7.513 -175.155 267.331 6.579
3 16 -173.120 266.010 7.513 -173.856 267.915 7.216 -175.155 267.331 6.579
3 16 -173.120 266.010 7.513 -171.673 266.593 7.559 -173.856 267.915 7.216
3 16 -171.673 266.593 7.559 -172.397 268.469 7.266 -173.856 267.915 7.216
3 16 -171.673 266.593 7.559 -170.287 267.057 7.010 -172.397 268.469 7.266
3 16 -170.287 267.057 7.010 -171.002 268.908 6.722 -172.397 268.469 7.266
3 16 -170.287 267.057 7.010 -169.174 267.331 5.951 -171.002 268.908 6.722
3 16 -169.174 267.331 5.951 -169.883 269.166 5.665 -171.002 268.908 6.722
3 16 -169.174 267.331 5.951 -168.502 267.373 4.543 -169.883 269.166 5.665
3 16 -168.502 267.373 4.543 -169.209 269.203 4.258 -169.883 269.166 5.665
3 16 -168.502 267.373 4.543 -168.375 267.178 3.000 -169.209 269.203 4.258
3 16 -168.375 267.178 3.000 -169.084 269.014 2.714 -169.209 269.203 4.258
3 16 -168.375 267.178 3.000 -168.811 266.774 1.557 -169.084 269.014 2.714
3 16 -168.811 266.774 1.557 -169.527 268.627 1.268 -169.084 269.014 2.714
3 16 -168.060 264.938 1.854 -168.984 264.364 0.735 -168.811 266.774 1.557
3 16 -168.984 264.364 0.735 -169.745 266.224 0.433 -168.811 266.774 1.557
3 16 -168.984 264.364 0.735 -170.260 263.723 0.107 -169.745 266.224 0.433
3 16 -170.260 263.723 0.107 -171.033 265.611 -0.199 -169.745 266.224 0.433
3 16 -170.260 263.723 0.107 -171.696 263.111 0.066 -171.033 265.611 -0.199
3 16 -171.696 263.111 0.066 -172.480 265.028 -0.245 -171.033 265.611 -0.199
3 16 -171.696 263.111 0.066 -173.071 262.623 0.619 -172.480 265.028 -0.245
3 16 -173.071 262.623 0.619 -173.866 264.565 0.304 -172.480 265.028 -0.245
3 16 -173.071 262.623 0.619 -174.178 262.333 1.681 -173.866 264.565 0.304
3 16 -174.178 262.333 1.681 -174.979 264.291 1.363 -173.866 264.565 0.304
3 16 -174.178 262.333 1.681 -174.846 262.284 3.090 -174.979 264.291 1.363
3 16 -174.846 262.284 3.090 -175.650 264.248 2.771 -174.979 264.291 1.363
3 16 -174.846 262.284 3.090 -174.976 262.485 4.633 -175.650 264.248 2.771
3 16 -174.976 262.485 4.633 -175.777 264.443 4.314 -175.650 264.248 2.771
3 16 -174.976 262.485 4.633 -174.546 262.904 6.073 -175.777 264.443 4.314
3 16 -174.546 262.904 6.073 -175.341 264.847 5.757 -175.777 264.443 4.314
3 16 -174.546 262.904 6.073 -173.622 263.478 7.193 -175.341 264.847 5.757
3 16 -173.622 263.478 7.193 -174.408 265.397 6.881 -175.341 264.847 5.757
3 16 -173.622 263.478 7.193 -172.345 264.119 7.820 -174.408 265.397 6.881
3 16 -172.345 264.119 7.820 -173.120 266.010 7.513 -174.408 265.397 6.881
3 16 -172.345 264.119 7.820 -170.910 264.731 7.861 -173.120 266.010 7.513
3 16 -170.910 264.731 7.861 -171.673 266.593 7.559 -173.120 266.010 7.513
3 16 -170.910 264.731 7.861 -169.534 265.219 7.309 -171.673 266.593 7.559
3 16 -169.534 265.219 7.309 -170.287 267.057 7.010 -171.673 266.593 7.559
3 16 -169.534 265.219 7.309 -168.428 265.509 6.247 -170.287 267.057 7.010
3 16 -168.428 265.509 6.247 -169.174 267.331 5.951 -170.287 267.057 7.010
3 16 -168.428 265.509 6.247 -167.759 265.558 4.837 -169.174 267.331 5.951
3 16 -167.759 265.558 4.837 -168.502 267.373 4.543 -169.174 267.331 5.951
3 16 -167.759 265.558 4.837 -167.630 265.357 3.295 -168.502 267.373 4.543
3 16 -167.630 265.357 3.295 -168.375 267.178 3.000 -168.502 267.373 4.543
3 16 -167.630 265.357 3.295 -168.060 264.938 1.854 -168.375 267.178 3.000
3 16 -168.060 264.938 1.854 -168.811 266.774 1.557 -168.375 267.178 3.000
3 16 -167.273 263.120 2.160 -168.186 262.523 1.044 -168.060 264.938 1.854
3 16 -168.186 262.523 1.044 -168.984 264.364 0.735 -168.060 264.938 1.854
3 16 -168.186 262.523 1.044 -169.451 261.853 0.421 -168.984 264.364 0.735
3 16 -169.451 261.853 0.421 -170.260 263.723 0.107 -168.984 264.364 0.735
3 16 -169.451 261.853 0.421 -170.874 261.214 0.385 -170.260 263.723 0.107
3 16 -170.874 261.214 0.385 -171.696 263.111 0.066 -170.260 263.723 0.107
3 16 -170.874 261.214 0.385 -172.239 260.701 0.942 -171.696 263.111 0.066
3 16 -172.239 260.701 0.942 -173.071 262.623 0.619 -171.696 263.111 0.066
3 16 -172.239 260.701 0.942 -173.338 260.394 2.007 -173.071 262.623 0.619
3 16 -173.338 260.394 2.007 -174.178 262.333 1.681 -173.071 262.623 0.619
3 16 -173.338 260.394 2.007 -174.004 260.339 3.417 -174.178 262.333 1.681
3 16 -174.004 260.339 3.417 -174.846 262.284 3.090 -174.178 262.333 1.681
3 16 -174.004 260.339 3.417 -174.135 260.544 4.959 -174.846 262.284 3.090
3 16 -174.135 260.544 4.959 -174.976 262.485 4.633 -174.846 262.284 3.090
3 16 -174.135 260.544 4.959 -173.711 260.978 6.397 -174.976 262.485 4.633
3 16 -173.711 260.978 6.397 -174.546 262.904 6.073 -174.976 262.485 4.633
3 16 -173.711 260.978 6.397 -172.797 261.575 7.512 -174.546 262.904 6.073
3 16 -172.797 261.575 7.512 -173.622 263.478 7.193 -174.546 262.904 6.073
3 16 -172.797 261.575 7.512 -171.533 262.245 8.136 -173.622 263.478 7.193
3 16 -171.533 262.245 8.136 -172.345 264.119 7.820 -173.622 263.478 7.193
3 16 -171.533 262.245 8.136 -170.110 262.885 8.171 -172.345 264.119 7.820
3 16 -170.110 262.885 8.171 -170.910 264.731 7.861 -172.345 264.119 7.820
3 16 -170.110 262.885 8.171 -168.745 263.397 7.614 -170.910 264.731 7.861
3 16 -168.745 263.397 7.614 -169.534 265.219 7.309 -170.910 264.731 7.861
3 16 -168.745 263.397 7.614 -167.646 263.704 6.550 -169.534 265.219 7.309
3 16 -167.646 263.704 6.550 -168.428 265.509 6.247 -169.534 265.219 7.309
3 16 -167.646 263.704 6.550 -166.980 263.760 5.139 -168.428 265.509 6.247
3 16 -166.980 263.760 5.139 -167.759 265.558 4.837 -168.428 265.509 6.247
3 16 -166.980 263.760 5.139 -166.849 263.555 3.598 -167.759 265.558 4.837
3 16 -166.849 263.555 3.598 -167.630 265.357 3.295 -167.759 265.558 4.837
3 16 -166.849 263.555 3.598 -167.273 263.120 2.160 -167.630 265.357 3.295
3 16 -167.273 263.120 2.160 -168.060 264.938 1.854 -167.630 265.357 3.295
3 16 -166.449 261.319 2.472 -167.352 260.698 1.361 -167.273 263.120 2.160
3 16 -167.352 260.698 1.361 -168.186 262.523 1.044 -167.273 263.120 2.160
3 16 -167.352 260.698 1.361 -168.604 260.001 0.743 -168.186 262.523 1.044
3 16 -168.604 260.001 0.743 -169.451 261.853 0.421 -168.186 262.523 1.044
3 16 -168.604 260.001 0.743 -170.015 259.333 0.712 -169.451 261.853 0.421
3 16 -170.015 259.333 0.712 -170.874 261.214 0.385 -169.451 261.853 0.421
3 16 -170.015 259.333 0.712 -171.368 258.796 1.273 -170.874 261.214 0.385
3 16 -171.368 258.796 1.273 -172.239 260.701 0.942 -170.874 261.214 0.385
3 16 -171.368 258.796 1.273 -172.460 258.473 2.341 -172.239 260.701 0.942
3 16 -172.460 258.473 2.341 -173.338 260.394 2.007 -172.239 260.701 0.942
3 16 -172.460 258.473 2.341 -173.122 258.411 3.753 -173.338 260.394 2.007
3 16 -173.122 258.411 3.753 -174.004 260.339 3.417 -173.338 260.394 2.007
3 16 -173.122 258.411 3.753 -173.255 258.621 5.294 -174.004 260.339 3.417
3 16 -173.255 258.621 5.294 -174.135 260.544 4.959 -174.004 260.339 3.417
3 16 -173.255 258.621 5.294 -172.838 259.070 6.729 -174.135 260.544 4.959
3 16 -172.838 259.070 6.729 -173.711 260.978 6.397 -174.135 260.544 4.959
3 16 -172.838 259.070 6.729 -171.935 259.691 7.840 -173.711 260.978 6.397
3 16 -171.935 259.691 7.840 -172.797 261.575 7.512 -173.711 260.978 6.397
3 16 -171.935 259.691 7.840 -170.683 260.388 8.458 -172.797 261.575 7.512
3 16 -170.683 260.388 8.458 -171.533 262.245 8.136 -172.797 261.575 7.512
3 16 -170.683 260.388 8.458 -169.273 261.056 8.489 -171.533 262.245 8.136
3 16 -169.273 261.056 8.489 -170.110 262.885 8.171 -171.533 262.245 8.136
3 16 -169.273 261.056 8.489 -167.919 261.593 7.928 -170.110 262.885 8.171
3 16 -167.919 261.593 7.928 -168.745 263.397 7.614 -170.110 262.885 8.171
3 16 -167.919 261.593 7.928 -166.828 261.917 6.860 -168.745 263.397 7.614
3 16 -166.828 261.917 6.860 -167.646 263.704 6.550 -168.745 263.397 7.614
3 16 -166.828 261.917 6.860 -166.165 261.978 5.448 -167.646 263.704 6.550
3 16 -166.165 261.978 5.448 -166.980 263.760 5.139 -167.646 263.704 6.550
3 16 -166.165 261.978 5.448 -166.032 261.768 3.908 -166.980 263.760 5.139
3 16 -166.032 261.768 3.908 -166.849 263.555 3.598 -166.980 263.760 5.139
3 16 -166.032 261.768 3.908 -166.449 261.319 2.472 -166.849 263.555 3.598
3 16 -166.449 261.319 2.472 -167.273 263.120 2.160 -166.849 263.555 3.598
3 16 -165.591 259.540 2.791 -166.483 258.896 1.684 -166.449 261.319 2.472
3 16 -166.483 258.896 1.684 -167.352 260.698 1.361 -166.449 261.319 2.472
3 16 -166.483 258.896 1.684 -167.721 258.170 1.071 -167.352 260.698 1.361
3 16 -167.721 258.170 1.071 -168.604 260.001 0.743 -167.352 260.698 1.361
3 16 -167.721 258.170 1.071 -169.118 257.473 1.046 -168.604 260.001 0.743
3 16 -169.118 257.473 1.046 -170.015 259.333 0.712 -168.604 260.001 0.743
3 16 -169.118 257.473 1.046 -170.459 256.912 1.612 -170.015 259.333 0.712
3 16 -170.459 256.912 1.612 -171.368 258.796 1.273 -170.015 259.333 0.712
3 16 -170.459 256.912 1.612 -171.542 256.570 2.683 -171.368 258.796 1.273
3 16 -171.542 256.570 2.683 -172.460 258.473 2.341 -171.368 258.796 1.273
3 16 -171.542 256.570 2.683 -172.201 256.501 4.096 -172.460 258.473 2.341
3 16 -172.201 256.501 4.096 -173.122 258.411 3.753 -172.460 258.473 2.341
3 16 -172.201 256.501 4.096 -172.335 256.715 5.636 -173.122 258.411 3.753
3 16 -172.335 256.715 5.636 -173.255 258.621 5.294 -173.122 258.411 3.753
3 16 -172.335 256.715 5.636 -171.925 257.179 7.069 -173.255 258.621 5.294
3 16 -171.925 257.179 7.069 -172.838 259.070 6.729 -173.255 258.621 5.294
3 16 -171.925 257.179 7.069 -171.033 257.823 8.176 -172.838 259.070 6.729
3 16 -171.033 257.823 8.176 -171.935 259.691 7.840 -172.838 259.070 6.729
3 16 -171.033 257.823 8.176 -169.795 258.548 8.789 -171.935 259.691 7.840
3 16 -169.795 258.548 8.789 -170.683 260.388 8.458 -171.935 259.691 7.840
3 16 -169.795 258.548 8.789 -168.399 259.245 8.814 -170.683 260.388 8.458
3 16 -168.399 259.245 8.814 -169.273 261.056 8.489 -170.683 260.388 8.458
3 16 -168.399 259.245 8.814 -167.057 259.807 8.248 -169.273 261.056 8.489
3 16 -167.057 259.807 8.248 -167.919 261.593 7.928 -169.273 261.056 8.489
3 16 -167.057 259.807 8.248 -165.974 260.148 7.177 -167.919 261.593 7.928
3 16 -165.974 260.148 7.177 -166.828 261.917 6.860 -167.919 261.593 7.928
3 16 -165.974 260.148 7.177 -165.316 260.218 5.764 -166.828 261.917 6.860
3 16 -165.316 260.218 5.764 -166.165 261.978 5.448 -166.828 261.917 6.860
3 16 -165.316 260.218 5.764 -165.181 260.004 4.224 -166.165 261.978 5.448
3 16 -165.181 260.004 4.224 -166.032 261.768 3.908 -166.165 261.978 5.448
3 16 -165.181 260.004 4.224 -165.591 259.540 2.791 -166.032 261.768 3.908
3 16 -165.591 259.540 2.791 -166.449 261.319 2.472 -166.032 261.768 3.908
3 16 -164.695 257.778 3.117 -165.576 257.111 2.014 -165.591 259.540 2.791
3 16 -165.576 257.111 2.014 -166.483 258.896 1.684 -165.591 259.540 2.791
3 16 -165.576 257.111 2.014 -166.800 256.358 1.407 -166.483 258.896 1.684
3 16 -166.800 256.358 1.407 -167.721 258.170 1.071 -166.483 258.896 1.684
3 16 -166.800 256.358 1.407 -168.182 255.633 1.387 -167.721 258.170 1.071
3 16 -168.182 255.633 1.387 -169.118 257.473 1.046 -167.721 258.170 1.071
3 16 -168.182 255.633 1.387 -169.511 255.047 1.957 -169.118 257.473 1.046
3 16 -169.511 255.047 1.957 -170.459 256.912 1.612 -169.118 257.473 1.046
3 16 -169.511 255.047 1.957 -170.585 254.688 3.032 -170.459 256.912 1.612
3 16 -170.585 254.688 3.032 -171.542 256.570 2.683 -170.459 256.912 1.612
3 16 -170.585 254.688 3.032 -171.240 254.613 4.446 -171.542 256.570 2.683
3 16 -171.240 254.613 4.446 -172.201 256.501 4.096 -171.542 256.570 2.683
3 16 -171.240 254.613 4.446 -171.377 254.831 5.986 -172.201 256.501 4.096
3 16 -171.377 254.831 5.986 -172.335 256.715 5.636 -172.201 256.501 4.096
3 16 -171.377 254.831 5.986 -170.974 255.310 7.415 -172.335 256.715 5.636
3 16 -170.974 255.310 7.415 -171.925 257.179 7.069 -172.335 256.715 5.636
3 16 -170.974 255.310 7.415 -170.094 255.976 8.518 -171.925 257.179 7.069
3 16 -170.094 255.976 8.518 -171.033 257.823 8.176 -171.925 257.179 7.069
3 16 -170.094 255.976 8.518 -168.869 256.730 9.126 -171.033 257.823 8.176
3 16 -168.869 256.730 9.126 -169.795 258.548 8.789 -171.033 257.823 8.176
3 16 -168.869 256.730 9.126 -167.487 257.455 9.146 -169.795 258.548 8.789
3 16 -167.487 257.455 9.146 -168.399 259.245 8.814 -169.795 258.548 8.789
3 16 -167.487 257.455 9.146 -166.158 258.041 8.575 -168.399 259.245 8.814
3 16 -166.158 258.041 8.575 -167.057 259.807 8.248 -168.399 259.245 8.814
3 16 -166.158 258.041 8.575 -165.084 258.399 7.501 -167.057 259.807 8.248
3 16 -165.084 258.399 7.501 -165.974 260.148 7.177 -167.057 259.807 8.248
3 16 -165.084 258.399 7.501 -164.429 258.475 6.086 -165.974 260.148 7.177
3 16 -164.429 258.475 6.086 -165.316 260.218 5.764 -165.974 260.148 7.177
3 16 -164.429 258.475 6.086 -164.292 258.257 4.547 -165.316 260.218 5.764
3 16 -164.292 258.257 4.547 -165.181 260.004 4.224 -165.316 260.218 5.764
3 16 -164.292 258.257 4.547 -164.695 257.778 3.117 -165.181 260.004 4.224
3 16 -164.695 257.778 3.117 -165.591 259.540 2.791 -165.181 260.004 4.224
3 16 -163.764 256.039 3.448 -164.633 255.349 2.350 -164.695 257.778 3.117
3 16 -164.633 255.349 2.350 -165.576 257.111 2.014 -164.695 257.778 3.117
3 16 -164.633 255.349 2.350 -165.842 254.569 1.748 -165.576 257.111 2.014
3 16 -165.842 254.569 1.748 -166.800 256.358 1.407 -165.576 257.111 2.014
3 16 -165.842 254.569 1.748 -167.209 253.815 1.734 -166.800 256.358 1.407
3 16 -167.209 253.815 1.734 -168.182 255.633 1.387 -166.800 256.358 1.407
3 16 -167.209 253.815 1.734 -168.525 253.204 2.309 -168.182 255.633 1.387
3 16 -168.525 253.204 2.309 -169.511 255.047 1.957 -168.182 255.633 1.387
3 16 -168.525 253.204 2.309 -169.589 252.828 3.387 -169.511 255.047 1.957
3 16 -169.589 252.828 3.387 -170.585 254.688 3.032 -169.511 255.047 1.957
3 16 -169.589 252.828 3.387 -170.240 252.744 4.803 -170.585 254.688 3.032
3 16 -170.240 252.744 4.803 -171.240 254.613 4.446 -170.585 254.688 3.032
3 16 -170.240 252.744 4.803 -170.379 252.966 6.342 -171.240 254.613 4.446
3 16 -170.379 252.966 6.342 -171.377 254.831 5.986 -171.240 254.613 4.446
3 16 -170.379 252.966 6.342 -169.983 253.459 7.769 -171.377 254.831 5.986
3 16 -169.983 253.459 7.769 -170.974 255.310 7.415 -171.377 254.831 5.986
3 16 -169.983 253.459 7.769 -169.115 254.148 8.867 -170.974 255.310 7.415
3 16 -169.115 254.148 8.867 -170.094 255.976 8.518 -170.974 255.310 7.415
3 16 -169.115 254.148 8.867 -167.905 254.929 9.469 -170.094 255.976 8.518
3 16 -167.905 254.929 9.469 -168.869 256.730 9.126 -170.094 255.976 8.518
3 16 -167.905 254.929 9.469 -166.538 255.683 9.484 -168.869 256.730 9.126
3 16 -166.538 255.683 9.484 -167.487 257.455 9.146 -168.869 256.730 9.126
3 16 -166.538 255.683 9.484 -165.222 256.294 8.908 -167.487 257.455 9.146
3 16 -165.222 256.294 8.908 -166.158 258.041 8.575 -167.487 257.455 9.146
3 16 -165.222 256.294 8.908 -164.158 256.670 7.830 -166.158 258.041 8.575
3 16 -164.158 256.670 7.830 -165.084 258.399 7.501 -166.158 258.041 8.575
3 16 -164.158 256.670 7.830 -163.507 256.753 6.414 -165.084 258.399 7.501
3 16 -163.507 256.753 6.414 -164.429 258.475 6.086 -165.084 258.399 7.501
3 16 -163.507 256.753 6.414 -163.369 256.532 4.876 -164.429 258.475 6.086
3 16 -163.369 256.532 4.876 -164.292 258.257 4.547 -164.429 258.475 6.086
3 16 -163.369 256.532 4.876 -163.764 256.039 3.448 -164.292 258.257 4.547
3 16 -163.764 256.039 3.448 -164.695 257.778 3.117 -164.292 258.257 4.547
3 16 -162.797 254.321 3.785 -163.653 253.610 2.691 -163.764 256.039 3.448
3 16 -163.653 253.610 2.691 -164.633 255.349 2.350 -163.764 256.039 3.448
3 16 -163.653 253.610 2.691 -164.848 252.802 2.094 -164.633 255.349 2.350
3 16 -164.848 252.802 2.094 -165.842 254.569 1.748 -164.633 255.349 2.350
3 16 -164.848 252.802 2.094 -166.199 252.020 2.085 -165.842 254.569 1.748
3 16 -166.199 252.020 2.085 -167.209 253.815 1.734 -165.842 254.569 1.748
3 16 -166.199 252.020 2.085 -167.501 251.384 2.666 -167.209 253.815 1.734
3 16 -167.501 251.384 2.666 -168.525 253.204 2.309 -167.209 253.815 1.734
3 16 -167.501 251.384 2.666 -168.555 250.991 3.747 -168.525 253.204 2.309
3 16 -168.555 250.991 3.747 -169.589 252.828 3.387 -168.525 253.204 2.309
3 16 -168.555 250.991 3.747 -169.201 250.899 5.165 -169.589 252.828 3.387
3 16 -169.201 250.899 5.165 -170.240 252.744 4.803 -169.589 252.828 3.387
3 16 -169.201 250.899 5.165 -169.341 251.124 6.703 -170.240 252.744 4.803
3 16 -169.341 251.124 6.703 -170.379 252.966 6.342 -170.240 252.744 4.803
3 16 -169.341 251.124 6.703 -168.954 251.631 8.127 -170.379 252.966 6.342
3 16 -168.954 251.631 8.127 -169.983 253.459 7.769 -170.379 252.966 6.342
3 16 -168.954 251.631 8.127 -168.097 252.343 9.221 -169.983 253.459 7.769
3 16 -168.097 252.343 9.221 -169.115 254.148 8.867 -169.983 253.459 7.769
3 16 -168.097 252.343 9.221 -166.903 253.151 9.818 -169.115 254.148 8.867
3 16 -166.903 253.151 9.818 -167.905 254.929 9.469 -169.115 254.148 8.867
3 16 -166.903 253.151 9.818 -165.552 253.932 9.827 -167.905 254.929 9.469
3 16 -165.552 253.932 9.827 -166.538 255.683 9.484 -167.905 254.929 9.469
3 16 -165.552 253.932 9.827 -164.250 254.568 9.246 -166.538 255.683 9.484
3 16 -164.250 254.568 9.246 -165.222 256.294 8.908 -166.538 255.683 9.484
3 16 -164.250 254.568 9.246 -163.196 254.962 8.165 -165.222 256.294 8.908
3 16 -163.196 254.962 8.165 -164.158 256.670 7.830 -165.222 256.294 8.908
3 16 -163.196 254.962 8.165 -162.550 255.053 6.747 -164.158 256.670 7.830
3 16 -162.550 255.053 6.747 -163.507 256.753 6.414 -164.158 256.670 7.830
3 16 -162.550 255.053 6.747 -162.410 254.828 5.209 -163.507 256.753 6.414
3 16 -162.410 254.828 5.209 -163.369 256.532 4.876 -163.507 256.753 6.414
3 16 -162.410 254.828 5.209 -162.797 254.321 3.785 -163.369 256.532 4.876
3 16 -162.797 254.321 3.785 -163.764 256.039 3.448 -163.369 256.532 4.876
3 16 -161.794 252.625 4.126 -162.638 251.892 3.037 -162.797 254.321 3.785
3 16 -162.638 251.892 3.037 -163.653 253.610 2.691 -162.797 254.321 3.785
3 16 -162.638 251.892 3.037 -163.816 251.057 2.446 -163.653 253.610 2.691
3 16 -163.816 251.057 2.446 -164.848 252.802 2.094 -163.653 253.610 2.691
3 16 -163.816 251.057 2.446 -165.151 250.247 2.443 -164.848 252.802 2.094
3 16 -165.151 250.247 2.443 -166.199 252.020 2.085 -164.848 252.802 2.094
3 16 -165.151 250.247 2.443 -166.438 249.587 3.028 -166.199 252.020 2.085
3 16 -166.438 249.587 3.028 -167.501 251.384 2.666 -166.199 252.020 2.085
3 16 -166.438 249.587 3.028 -167.482 249.176 4.113 -167.501 251.384 2.666
3 16 -167.482 249.176 4.113 -168.555 250.991 3.747 -167.501 251.384 2.666
3 16 -167.482 249.176 4.113 -168.123 249.077 5.533 -168.555 250.991 3.747
3 16 -168.123 249.077 5.533 -169.201 250.899 5.165 -168.555 250.991 3.747
3 16 -168.123 249.077 5.533 -168.265 249.305 7.070 -169.201 250.899 5.165
3 16 -168.265 249.305 7.070 -169.341 251.124 6.703 -169.201 250.899 5.165
3 16 -168.265 249.305 7.070 -167.885 249.825 8.492 -169.341 251.124 6.703
3 16 -167.885 249.825 8.492 -168.954 251.631 8.127 -169.341 251.124 6.703
3 16 -167.885 249.825 8.492 -167.042 250.559 9.581 -168.954 251.631 8.127
3 16 -167.042 250.559 9.581 -168.097 252.343 9.221 -168.954 251.631 8.127
3 16 -167.042 250.559 9.581 -165.863 251.394 10.172 -168.097 252.343 9.221
3 16 -165.863 251.394 10.172 -166.903 253.151 9.818 -168.097 252.343 9.221
3 16 -165.863 251.394 10.172 -164.529 252.203 10.175 -166.903 253.151 9.818
3 16 -164.529 252.203 10.175 -165.552 253.932 9.827 -166.903 253.151 9.818
3 16 -164.529 252.203 10.175 -163.242 252.864 9.589 -165.552 253.932 9.827
3 16 -163.242 252.864 9.589 -164.250 254.568 9.246 -165.552 253.932 9.827
3 16 -163.242 252.864 9.589 -162.198 253.275 8.504 -164.250 254.568 9.246
3 16 -162.198 253.275 8.504 -163.196 254.962 8.165 -164.250 254.568 9.246
3 16 -162.198 253.275 8.504 -161.556 253.374 7.085 -163.196 254.962 8.165
3 16 -161.556 253.374 7.085 -162.550 255.053 6.747 -163.196 254.962 8.165
3 16 -161.556 253.374 7.085 -161.415 253.146 5.548 -162.550 255.053 6.747
3 16 -161.415 253.146 5.548 -162.410 254.828 5.209 -162.550 255.053 6.747
3 16 -161.415 253.146 5.548 -161.794 252.625 4.126 -162.410 254.828 5.209
3 16 -161.794 252.625 4.126 -162.797 254.321 3.785 -162.410 254.828 5.209
3 16 -160.757 250.955 4.471 -161.587 250.200 3.386 -161.794 252.625 4.126
3 16 -161.587 250.200 3.386 -162.638 251.892 3.037 -161.794 252.625 4.126
3 16 -161.587 250.200 3.386 -162.749 249.338 2.801 -162.638 251.892 3.037
3 16 -162.749 249.338 2.801 -163.816 251.057 2.446 -162.638 251.892 3.037
3 16 -162.749 249.338 2.801 -164.066 248.500 2.804 -163.816 251.057 2.446
3 16 -164.066 248.500 2.804 -165.151 250.247 2.443 -163.816 251.057 2.446
3 16 -164.066 248.500 2.804 -165.337 247.815 3.395 -165.151 250.247 2.443
3 16 -165.337 247.815 3.395 -166.438 249.587 3.028 -165.151 250.247 2.443
3 16 -165.337 247.815 3.395 -166.370 247.385 4.484 -166.438 249.587 3.028
3 16 -166.370 247.385 4.484 -167.482 249.176 4.113 -166.438 249.587 3.028
3 16 -166.370 247.385 4.484 -167.006 247.278 5.905 -167.482 249.176 4.113
3 16 -167.006 247.278 5.905 -168.123 249.077 5.533 -167.482 249.176 4.113
3 16 -167.006 247.278 5.905 -167.149 247.508 7.442 -168.123 249.077 5.533
3 16 -167.149 247.508 7.442 -168.265 249.305 7.070 -168.123 249.077 5.533
3 16 -167.149 247.508 7.442 -166.777 248.041 8.861 -168.265 249.305 7.070
3 16 -166.777 248.041 8.861 -167.885 249.825 8.492 -168.265 249.305 7.070
3 16 -166.777 248.041 8.861 -165.947 248.797 9.945 -167.885 249.825 8.492
3 16 -165.947 248.797 9.945 -167.042 250.559 9.581 -167.885 249.825 8.492
3 16 -165.947 248.797 9.945 -164.785 249.659 10.531 -167.042 250.559 9.581
3 16 -164.785 249.659 10.531 -165.863 251.394 10.172 -167.042 250.559 9.581
3 16 -164.785 249.659 10.531 -163.468 250.496 10.528 -165.863 251.394 10.172
3 16 -163.468 250.496 10.528 -164.529 252.203 10.175 -165.863 251.394 10.172
3 16 -163.468 250.496 10.528 -162.197 251.182 9.937 -164.529 252.203 10.175
3 16 -162.197 251.182 9.937 -163.242 252.864 9.589 -164.529 252.203 10.175
3 16 -162.197 251.182 9.937 -161.164 251.612 8.848 -163.242 252.864 9.589
3 16 -161.164 251.612 8.848 -162.198 253.275 8.504 -163.242 252.864 9.589
3 16 -161.164 251.612 8.848 -160.528 251.719 7.426 -162.198 253.275 8.504
3 16 -160.528 251.719 7.426 -161.556 253.374 7.085 -162.198 253.275 8.504
3 16 -160.528 251.719 7.426 -160.385 251.489 5.889 -161.556 253.374 7.085
3 16 -160.385 251.489 5.889 -161.415 253.146 5.548 -161.556 253.374 7.085
3 16 -160.385 251.489 5.889 -160.757 250.955 4.471 -161.415 253.146 5.548
3 16 -160.757 250.955 4.471 -161.794 252.625 4.126 -161.415 253.146 5.548
3 16 -159.683 249.307 4.819 -160.499 248.531 3.740 -160.757 250.955 4.471
3 16 -160.499 248.531 3.740 -161.587 250.200 3.386 -160.757 250.955 4.471
3 16 -160.499 248.531 3.740 -161.644 247.642 3.160 -161.587 250.200 3.386
3 16 -161.644 247.642 3.160 -162.749 249.338 2.801 -161.587 250.200 3.386
3 16 -161.644 247.642 3.160 -162.943 246.777 3.169 -162.749 249.338 2.801
3 16 -162.943 246.777 3.169 -164.066 248.500 2.804 -162.749 249.338 2.801
3 16 -162.943 246.777 3.169 -164.198 246.067 3.765 -164.066 248.500 2.804
3 16 -164.198 246.067 3.765 -165.337 247.815 3.395 -164.066 248.500 2.804
3 16 -164.198 246.067 3.765 -165.219 245.620 4.858 -165.337 247.815 3.395
3 16 -165.219 245.620 4.858 -166.370 247.385 4.484 -165.337 247.815 3.395
3 16 -165.219 245.620 4.858 -165.850 245.504 6.281 -166.370 247.385 4.484
3 16 -165.850 245.504 6.281 -167.006 247.278 5.905 -166.370 247.385 4.484
3 16 -165.850 245.504 6.281 -165.994 245.737 7.818 -167.006 247.278 5.905
3 16 -165.994 245.737 7.818 -167.149 247.508 7.442 -167.006 247.278 5.905
3 16 -165.994 245.737 7.818 -165.631 246.284 9.234 -167.149 247.508 7.442
3 16 -165.631 246.284 9.234 -166.777 248.041 8.861 -167.149 247.508 7.442
3 16 -165.631 246.284 9.234 -164.815 247.061 10.314 -166.777 248.041 8.861
3 16 -164.815 247.061 10.314 -165.947 248.797 9.945 -166.777 248.041 8.861
3 16 -164.815 247.061 10.314 -163.670 247.949 10.893 -165.947 248.797 9.945
3 16 -163.670 247.949 10.893 -164.785 249.659 10.531 -165.947 248.797 9.945
3 16 -163.670 247.949 10.893 -162.371 248.814 10.884 -164.785 249.659 10.531
3 16 -162.371 248.814 10.884 -163.468 250.496 10.528 -164.785 249.659 10.531
3 16 -162.371 248.814 10.884 -161.115 249.524 10.288 -163.468 250.496 10.528
3 16 -161.115 249.524 10.288 -162.197 251.182 9.937 -163.468 250.496 10.528
3 16 -161.115 249.524 10.288 -160.095 249.971 9.195 -162.197 251.182 9.937
3 16 -160.095 249.971 9.195 -161.164 251.612 8.848 -162.197 251.182 9.937
3 16 -160.095 249.971 9.195 -159.464 250.087 7.772 -161.164 251.612 8.848
3 16 -159.464 250.087 7.772 -160.528 251.719 7.426 -161.164 251.612 8.848
3 16 -159.464 250.087 7.772 -159.319 249.854 6.235 -160.528 251.719 7.426
3 16 -159.319 249.854 6.235 -160.385 251.489 5.889 -160.528 251.719 7.426
3 16 -159.319 249.854 6.235 -159.683 249.307 4.819 -160.385 251.489 5.889
3 16 -159.683 249.307 4.819 -160.757 250.955 4.471 -160.385 251.489 5.889
3 16 -158.575 247.686 5.171 -159.377 246.888 4.096 -159.683 249.307 4.819
3 16 -159.377 246.888 4.096 -160.499 248.531 3.740 -159.683 249.307 4.819
3 16 -159.377 246.888 4.096 -160.504 245.973 3.522 -160.499 248.531 3.740
3 16 -160.504 245.973 3.522 -161.644 247.642 3.160 -160.499 248.531 3.740
3 16 -160.504 245.973 3.522 -161.784 245.080 3.537 -161.644 247.642 3.160
3 16 -161.784 245.080 3.537 -162.943 246.777 3.169 -161.644 247.642 3.160
3 16 -161.784 245.080 3.537 -163.022 244.346 4.139 -162.943 246.777 3.169
3 16 -163.022 244.346 4.139 -164.198 246.067 3.765 -162.943 246.777 3.169
3 16 -163.022 244.346 4.139 -164.030 243.881 5.236 -164.198 246.067 3.765
3 16 -164.030 243.881 5.236 -165.219 245.620 4.858 -164.198 246.067 3.765
3 16 -164.030 243.881 5.236 -164.655 243.756 6.661 -165.219 245.620 4.858
3 16 -164.655 243.756 6.661 -165.850 245.504 6.281 -165.219 245.620 4.858
3 16 -164.655 243.756 6.661 -164.800 243.991 8.197 -165.850 245.504 6.281
3 16 -164.800 243.991 8.197 -165.994 245.737 7.818 -165.850 245.504 6.281
3 16 -164.800 243.991 8.197 -164.445 244.550 9.610 -165.994 245.737 7.818
3 16 -164.445 244.550 9.610 -165.631 246.284 9.234 -165.994 245.737 7.818
3 16 -164.445 244.550 9.610 -163.643 245.348 10.686 -165.631 246.284 9.234
3 16 -163.643 245.348 10.686 -164.815 247.061 10.314 -165.631 246.284 9.234
3 16 -163.643 245.348 10.686 -162.516 246.263 11.259 -164.815 247.061 10.314
3 16 -162.516 246.263 11.259 -163.670 247.949 10.893 -164.815 247.061 10.314
3 16 -162.516 246.263 11.259 -161.236 247.156 11.244 -163.670 247.949 10.893
3 16 -161.236 247.156 11.244 -162.371 248.814 10.884 -163.670 247.949 10.893
3 16 -161.236 247.156 11.244 -159.998 247.890 10.642 -162.371 248.814 10.884
3 16 -159.998 247.890 10.642 -161.115 249.524 10.288 -162.371 248.814 10.884
3 16 -159.998 247.890 10.642 -158.990 248.355 9.545 -161.115 249.524 10.288
3 16 -158.990 248.355 9.545 -160.095 249.971 9.195 -161.115 249.524 10.288
3 16 -158.990 248.355 9.545 -158.365 248.480 8.120 -160.095 249.971 9.195
3 16 -158.365 248.480 8.120 -159.464 250.087 7.772 -160.095 249.971 9.195
3 16 -158.365 248.480 8.120 -158.220 248.245 6.584 -159.464 250.087 7.772
3 16 -158.220 248.245 6.584 -159.319 249.854 6.235 -159.464 250.087 7.772
3 16 -158.220 248.245 6.584 -158.575 247.686 5.171 -159.319 249.854 6.235
3 16 -158.575 247.686 5.171 -159.683 249.307 4.819 -159.319 249.854 6.235
3 16 -157.431 246.090 5.525 -158.219 245.272 4.454 -158.575 247.686 5.171
3 16 -158.219 245.272 4.454 -159.377 246.888 4.096 -158.575 247.686 5.171
3 16 -158.219 245.272 4.454 -159.327 244.331 3.886 -159.377 246.888 4.096
3 16 -159.327 244.331 3.886 -160.504 245.973 3.522 -159.377 246.888 4.096
3 16 -159.327 244.331 3.886 -160.588 243.411 3.908 -160.504 245.973 3.522
3 16 -160.588 243.411 3.908 -161.784 245.080 3.537 -160.504 245.973 3.522
3 16 -160.588 243.411 3.908 -161.808 242.652 4.515 -161.784 245.080 3.537
3 16 -161.808 242.652 4.515 -163.022 244.346 4.139 -161.784 245.080 3.537
3 16 -161.808 242.652 4.515 -162.804 242.169 5.616 -163.022 244.346 4.139
3 16 -162.804 242.169 5.616 -164.030 243.881 5.236 -163.022 244.346 4.139
3 16 -162.804 242.169 5.616 -163.422 242.036 7.043 -164.030 243.881 5.236
3 16 -163.422 242.036 7.043 -164.655 243.756 6.661 -164.030 243.881 5.236
3 16 -163.422 242.036 7.043 -163.569 242.273 8.579 -164.655 243.756 6.661
3 16 -163.569 242.273 8.579 -164.800 243.991 8.197 -164.655 243.756 6.661
3 16 -163.569 242.273 8.579 -163.222 242.844 9.989 -164.800 243.991 8.197
3 16 -163.222 242.844 9.989 -164.445 244.550 9.610 -164.800 243.991 8.197
3 16 -163.222 242.844 9.989 -162.434 243.663 11.060 -164.445 244.550 9.610
3 16 -162.434 243.663 11.060 -163.643 245.348 10.686 -164.445 244.550 9.610
3 16 -162.434 243.663 11.060 -161.326 244.603 11.628 -163.643 245.348 10.686
3 16 -161.326 244.603 11.628 -162.516 246.263 11.259 -163.643 245.348 10.686
3 16 -161.326 244.603 11.628 -160.066 245.523 11.606 -162.516 246.263 11.259
3 16 -160.066 245.523 11.606 -161.236 247.156 11.244 -162.516 246.263 11.259
3 16 -160.066 245.523 11.606 -158.845 246.283 10.999 -161.236 247.156 11.244
3 16 -158.845 246.283 10.999 -159.998 247.890 10.642 -161.236 247.156 11.244
3 16 -158.845 246.283 10.999 -157.850 246.765 9.898 -159.998 247.890 10.642
3 16 -157.850 246.765 9.898 -158.990 248.355 9.545 -159.998 247.890 10.642
3 16 -157.850 246.765 9.898 -157.232 246.898 8.471 -158.990 248.355 9.545
3 16 -157.232 246.898 8.471 -158.365 248.480 8.120 -158.990 248.355 9.545
3 16 -157.232 246.898 8.471 -157.085 246.661 6.935 -158.365 248.480 8.120
3 16 -157.085 246.661 6.935 -158.220 248.245 6.584 -158.365 248.480 8.120
3 16 -157.085 246.661 6.935 -157.431 246.090 5.525 -158.220 248.245 6.584
3 16 -157.431 246.090 5.525 -158.575 247.686 5.171 -158.220 248.245 6.584
3 16 -156.253 244.521 5.881 -157.026 243.682 4.815 -157.431 246.090 5.525
3 16 -157.026 243.682 4.815 -158.219 245.272 4.454 -157.431 246.090 5.525
3 16 -157.026 243.682 4.815 -158.115 242.716 4.253 -158.219 245.272 4.454
3 16 -158.115 242.716 4.253 -159.327 244.331 3.886 -158.219 245.272 4.454
3 16 -158.115 242.716 4.253 -159.355 241.769 4.281 -159.327 244.331 3.886
3 16 -159.355 241.769 4.281 -160.588 243.411 3.908 -159.327 244.331 3.886
3 16 -159.355 241.769 4.281 -160.557 240.986 4.894 -160.588 243.411 3.908
3 16 -160.557 240.986 4.894 -161.808 242.652 4.515 -160.588 243.411 3.908
3 16 -160.557 240.986 4.894 -161.539 240.485 5.999 -161.808 242.652 4.515
3 16 -161.539 240.485 5.999 -162.804 242.169 5.616 -161.808 242.652 4.515
3 16 -161.539 240.485 5.999 -162.150 240.343 7.428 -162.804 242.169 5.616
3 16 -162.150 240.343 7.428 -163.422 242.036 7.043 -162.804 242.169 5.616
3 16 -162.150 240.343 7.428 -162.298 240.582 8.964 -163.422 242.036 7.043
3 16 -162.298 240.582 8.964 -163.569 242.273 8.579 -163.422 242.036 7.043
3 16 -162.298 240.582 8.964 -161.960 241.165 10.371 -163.569 242.273 8.579
3 16 -161.960 241.165 10.371 -163.222 242.844 9.989 -163.569 242.273 8.579
3 16 -161.960 241.165 10.371 -161.188 242.003 11.437 -163.222 242.844 9.989
3 16 -161.188 242.003 11.437 -162.434 243.663 11.060 -163.222 242.844 9.989
3 16 -161.188 242.003 11.437 -160.099 242.970 11.999 -162.434 243.663 11.060
3 16 -160.099 242.970 11.999 -161.326 244.603 11.628 -162.434 243.663 11.060
3 16 -160.099 242.970 11.999 -158.858 243.917 11.971 -161.326 244.603 11.628
3 16 -158.858 243.917 11.971 -160.066 245.523 11.606 -161.326 244.603 11.628
3 16 -158.858 243.917 11.971 -157.656 244.700 11.358 -160.066 245.523 11.606
3 16 -157.656 244.700 11.358 -158.845 246.283 10.999 -160.066 245.523 11.606
3 16 -157.656 244.700 11.358 -156.674 245.201 10.253 -158.845 246.283 10.999
3 16 -156.674 245.201 10.253 -157.850 246.765 9.898 -158.845 246.283 10.999
3 16 -156.674 245.201 10.253 -156.063 245.343 8.824 -157.850 246.765 9.898
3 16 -156.063 245.343 8.824 -157.232 246.898 8.471 -157.850 246.765 9.898
3 16 -156.063 245.343 8.824 -155.915 245.104 7.289 -157.232 246.898 8.471
3 16 -155.915 245.104 7.289 -157.085 246.661 6.935 -157.232 246.898 8.471
3 16 -155.915 245.104 7.289 -156.253 244.521 5.881 -157.085 246.661 6.935
3 16 -156.253 244.521 5.881 -157.431 246.090 5.525 -157.085 246.661 6.935
3 16 -155.042 242.981 6.237 -155.798 242.123 5.176 -156.253 244.521 5.881
3 16 -155.798 242.123 5.176 -157.026 243.682 4.815 -156.253 244.521 5.881
3 16 -155.798 242.123 5.176 -156.868 241.131 4.621 -157.026 243.682 4.815
3 16 -156.868 241.131 4.621 -158.115 242.716 4.253 -157.026 243.682 4.815
3 16 -156.868 241.131 4.621 -158.087 240.157 4.655 -158.115 242.716 4.253
3 16 -158.087 240.157 4.655 -159.355 241.769 4.281 -158.115 242.716 4.253
3 16 -158.087 240.157 4.655 -159.270 239.349 5.274 -159.355 241.769 4.281
3 16 -159.270 239.349 5.274 -160.557 240.986 4.894 -159.355 241.769 4.281
3 16 -159.270 239.349 5.274 -160.237 238.830 6.383 -160.557 240.986 4.894
3 16 -160.237 238.830 6.383 -161.539 240.485 5.999 -160.557 240.986 4.894
3 16 -160.237 238.830 6.383 -160.841 238.679 7.815 -161.539 240.485 5.999
3 16 -160.841 238.679 7.815 -162.150 240.343 7.428 -161.539 240.485 5.999
3 16 -160.841 238.679 7.815 -160.990 238.919 9.350 -162.150 240.343 7.428
3 16 -160.990 238.919 9.350 -162.298 240.582 8.964 -162.150 240.343 7.428
3 16 -160.990 238.919 9.350 -160.660 239.514 10.755 -162.298 240.582 8.964
3 16 -160.660 239.514 10.755 -161.960 241.165 10.371 -162.298 240.582 8.964
3 16 -160.660 239.514 10.755 -159.903 240.372 11.816 -161.960 241.165 10.371
3 16 -159.903 240.372 11.816 -161.188 242.003 11.437 -161.960 241.165 10.371
3 16 -159.903 240.372 11.816 -158.834 241.363 12.372 -161.188 242.003 11.437
3 16 -158.834 241.363 12.372 -160.099 242.970 11.999 -161.188 242.003 11.437
3 16 -158.834 241.363 12.372 -157.615 242.337 12.337 -160.099 242.970 11.999
3 16 -157.615 242.337 12.337 -158.858 243.917 11.971 -160.099 242.970 11.999
3 16 -157.615 242.337 12.337 -156.432 243.145 11.718 -158.858 243.917 11.971
3 16 -156.432 243.145 11.718 -157.656 244.700 11.358 -158.858 243.917 11.971
3 16 -156.432 243.145 11.718 -155.465 243.664 10.609 -157.656 244.700 11.358
3 16 -155.465 243.664 10.609 -156.674 245.201 10.253 -157.656 244.700 11.358
3 16 -155.465 243.664 10.609 -154.861 243.815 9.178 -156.674 245.201 10.253
3 16 -154.861 243.815 9.178 -156.063 245.343 8.824 -156.674 245.201 10.253
3 16 -154.861 243.815 9.178 -154.712 243.575 7.643 -156.063 245.343 8.824
3 16 -154.712 243.575 7.643 -155.915 245.104 7.289 -156.063 245.343 8.824
3 16 -154.712 243.575 7.643 -155.042 242.981 6.237 -155.915 245.104 7.289
3 16 -155.042 242.981 6.237 -156.253 244.521 5.881 -155.915 245.104 7.289
3 16 -153.795 241.468 6.595 -154.536 240.590 5.539 -155.042 242.981 6.237
3 16 -154.536 240.590 5.539 -155.798 242.123 5.176 -155.042 242.981 6.237
3 16 -154.536 240.590 5.539 -155.585 239.574 4.989 -155.798 242.123 5.176
3 16 -155.585 239.574 4.989 -156.868 241.131 4.621 -155.798 242.123 5.176
3 16 -155.585 239.574 4.989 -156.782 238.573 5.030 -156.868 241.131 4.621
3 16 -156.782 238.573 5.030 -158.087 240.157 4.655 -156.868 241.131 4.621
3 16 -156.782 238.573 5.030 -157.946 237.742 5.655 -158.087 240.157 4.655
3 16 -157.946 237.742 5.655 -159.270 239.349 5.274 -158.087 240.157 4.655
3 16 -157.946 237.742 5.655 -158.898 237.205 6.769 -159.270 239.349 5.274
3 16 -158.898 237.205 6.769 -160.237 238.830 6.383 -159.270 239.349 5.274
3 16 -158.898 237.205 6.769 -159.495 237.045 8.202 -160.237 238.830 6.383
3 16 -159.495 237.045 8.202 -160.841 238.679 7.815 -160.237 238.830 6.383
3 16 -159.495 237.045 8.202 -159.644 237.287 9.737 -160.841 238.679 7.815
3 16 -159.644 237.287 9.737 -160.990 238.919 9.350 -160.841 238.679 7.815
3 16 -159.644 237.287 9.737 -159.324 237.892 11.139 -160.990 238.919 9.350
3 16 -159.324 237.892 11.139 -160.660 239.514 10.755 -160.990 238.919 9.350
3 16 -159.324 237.892 11.139 -158.583 238.770 12.196 -160.660 239.514 10.755
3 16 -158.583 238.770 12.196 -159.903 240.372 11.816 -160.660 239.514 10.755
3 16 -158.583 238.770 12.196 -157.534 239.786 12.745 -159.903 240.372 11.816
3 16 -157.534 239.786 12.745 -158.834 241.363 12.372 -159.903 240.372 11.816
3 16 -157.534 239.786 12.745 -156.336 240.787 12.705 -158.834 241.363 12.372
3 16 -156.336 240.787 12.705 -157.615 242.337 12.337 -158.834 241.363 12.372
3 16 -156.336 240.787 12.705 -155.173 241.618 12.080 -157.615 242.337 12.337
3 16 -155.173 241.618 12.080 -156.432 243.145 11.718 -157.615 242.337 12.337
3 16 -155.173 241.618 12.080 -154.220 242.155 10.966 -156.432 243.145 11.718
3 16 -154.220 242.155 10.966 -155.465 243.664 10.609 -156.432 243.145 11.718
3 16 -154.220 242.155 10.966 -153.624 242.315 9.532 -155.465 243.664 10.609
3 16 -153.624 242.315 9.532 -154.861 243.815 9.178 -155.465 243.664 10.609
3 16 -153.624 242.315 9.532 -153.475 242.074 7.998 -154.861 243.815 9.178
3 16 -153.475 242.074 7.998 -154.712 243.575 7.643 -154.861 243.815 9.178
3 16 -153.475 242.074 7.998 -153.795 241.468 6.595 -154.712 243.575 7.643
3 16 -153.795 241.468 6.595 -155.042 242.981 6.237 -154.712 243.575 7.643
3 16 -152.516 239.986 6.953 -153.241 239.089 5.901 -153.795 241.468 6.595
3 16 -153.241 239.089 5.901 -154.536 240.590 5.539 -153.795 241.468 6.595
3 16 -153.241 239.089 5.901 -154.269 238.048 5.358 -154.536 240.590 5.539
3 16 -154.269 238.048 5.358 -155.585 239.574 4.989 -154.536 240.590 5.539
3 16 -154.269 238.048 5.358 -155.443 237.022 5.405 -155.585 239.574 4.989
3 16 -155.443 237.022 5.405 -156.782 238.573 5.030 -155.585 239.574 4.989
3 16 -155.443 237.022 5.405 -156.586 236.166 6.036 -156.782 238.573 5.030
3 16 -156.586 236.166 6.036 -157.946 237.742 5.655 -156.782 238.573 5.030
3 16 -156.586 236.166 6.036 -157.522 235.611 7.154 -157.946 237.742 5.655
3 16 -157.522 235.611 7.154 -158.898 237.205 6.769 -157.946 237.742 5.655
3 16 -157.522 235.611 7.154 -158.110 235.442 8.590 -158.898 237.205 6.769
3 16 -158.110 235.442 8.590 -159.495 237.045 8.202 -158.898 237.205 6.769
3 16 -158.110 235.442 8.590 -158.260 235.684 10.125 -159.495 237.045 8.202
3 16 -158.260 235.684 10.125 -159.644 237.287 9.737 -159.495 237.045 8.202
3 16 -158.260 235.684 10.125 -157.949 236.300 11.524 -159.644 237.287 9.737
3 16 -157.949 236.300 11.524 -159.324 237.892 11.139 -159.644 237.287 9.737
3 16 -157.949 236.300 11.524 -157.224 237.197 12.576 -159.324 237.892 11.139
3 16 -157.224 237.197 12.576 -158.583 238.770 12.196 -159.324 237.892 11.139
3 16 -157.224 237.197 12.576 -156.196 238.238 13.120 -158.583 238.770 12.196
3 16 -156.196 238.238 13.120 -157.534 239.786 12.745 -158.583 238.770 12.196
3 16 -156.196 238.238 13.120 -155.021 239.264 13.073 -157.534 239.786 12.745
3 16 -155.021 239.264 13.073 -156.336 240.787 12.705 -157.534 239.786 12.745
3 16 -155.021 239.264 13.073 -153.879 240.120 12.442 -156.336 240.787 12.705
3 16 -153.879 240.120 12.442 -155.173 241.618 12.080 -156.336 240.787 12.705
3 16 -153.879 240.120 12.442 -152.942 240.675 11.323 -155.173 241.618 12.080
3 16 -152.942 240.675 11.323 -154.220 242.155 10.966 -155.173 241.618 12.080
3 16 -152.942 240.675 11.323 -152.354 240.844 9.887 -154.220 242.155 10.966
3 16 -152.354 240.844 9.887 -153.624 242.315 9.532 -154.220 242.155 10.966
3 16 -152.354 240.844 9.887 -152.205 240.602 8.353 -153.624 242.315 9.532
3 16 -152.205 240.602 8.353 -153.475 242.074 7.998 -153.624 242.315 9.532
3 16 -152.205 240.602 8.353 -152.516 239.986 6.953 -153.475 242.074 7.998
3 16 -152.516 239.986 6.953 -153.795 241.468 6.595 -153.475 242.074 7.998
3 16 -151.203 238.533 7.310 -151.911 237.618 6.263 -152.516 239.986 6.953
3 16 -151.911 237.618 6.263 -153.241 239.089 5.901 -152.516 239.986 6.953
3 16 -151.911 237.618 6.263 -152.917 236.553 5.726 -153.241 239.089 5.901
3 16 -152.917 236.553 5.726 -154.269 238.048 5.358 -153.241 239.089 5.901
3 16 -152.917 236.553 5.726 -154.069 235.501 5.780 -154.269 238.048 5.358
3 16 -154.069 235.501 5.780 -155.443 237.022 5.405 -154.269 238.048 5.358
3 16 -154.069 235.501 5.780 -155.190 234.621 6.416 -155.443 237.022 5.405
3 16 -155.190 234.621 6.416 -156.586 236.166 6.036 -155.443 237.022 5.405
3 16 -155.190 234.621 6.416 -156.111 234.049 7.539 -156.586 236.166 6.036
3 16 -156.111 234.049 7.539 -157.522 235.611 7.154 -156.586 236.166 6.036
3 16 -156.111 234.049 7.539 -156.690 233.871 8.977 -157.522 235.611 7.154
3 16 -156.690 233.871 8.977 -158.110 235.442 8.590 -157.522 235.611 7.154
3 16 -156.690 233.871 8.977 -156.840 234.114 10.512 -158.110 235.442 8.590
3 16 -156.840 234.114 10.512 -158.260 235.684 10.125 -158.110 235.442 8.590
3 16 -156.840 234.114 10.512 -156.538 234.741 11.909 -158.260 235.684 10.125
3 16 -156.538 234.741 11.909 -157.949 236.300 11.524 -158.260 235.684 10.125
3 16 -156.538 234.741 11.909 -155.830 235.656 12.956 -157.949 236.300 11.524
3 16 -155.830 235.656 12.956 -157.224 237.197 12.576 -157.949 236.300 11.524
3 16 -155.830 235.656 12.956 -154.824 236.721 13.493 -157.224 237.197 12.576
3 16 -154.824 236.721 13.493 -156.196 238.238 13.120 -157.224 237.197 12.576
3 16 -154.824 236.721 13.493 -153.673 237.773 13.440 -156.196 238.238 13.120
3 16 -153.673 237.773 13.440 -155.021 239.264 13.073 -156.196 238.238 13.120
3 16 -153.673 237.773 13.440 -152.551 238.652 12.803 -155.021 239.264 13.073
3 16 -152.551 238.652 12.803 -153.879 240.120 12.442 -155.021 239.264 13.073
3 16 -152.551 238.652 12.803 -151.631 239.225 11.680 -153.879 240.120 12.442
3 16 -151.631 239.225 11.680 -152.942 240.675 11.323 -153.879 240.120 12.442
3 16 -151.631 239.225 11.680 -151.051 239.403 10.242 -152.942 240.675 11.323
3 16 -151.051 239.403 10.242 -152.354 240.844 9.887 -152.942 240.675 11.323
3 16 -151.051 239.403 10.242 -150.901 239.160 8.708 -152.354 240.844 9.887
3 16 -150.901 239.160 8.708 -152.205 240.602 8.353 -152.354 240.844 9.887
3 16 -150.901 239.160 8.708 -151.203 238.533 7.310 -152.205 240.602 8.353
3 16 -151.203 238.533 7.310 -152.516 239.986 6.953 -152.205 240.602 8.353
3 16 -149.857 237.112 7.667 -150.548 236.178 6.625 -151.203 238.533 7.310
3 16 -150.548 236.178 6.625 -151.911 237.618 6.263 -151.203 238.533 7.310
3 16 -150.548 236.178 6.625 -151.532 235.090 6.093 -151.911 237.618 6.263
3 16 -151.532 235.090 6.093 -152.917 236.553 5.726 -151.911 237.618 6.263
3 16 -151.532 235.090 6.093 -152.660 234.012 6.154 -152.917 236.553 5.726
3 16 -152.660 234.012 6.154 -154.069 235.501 5.780 -152.917 236.553 5.726
3 16 -152.660 234.012 6.154 -153.759 233.110 6.796 -154.069 235.501 5.780
3 16 -153.759 233.110 6.796 -155.190 234.621 6.416 -154.069 235.501 5.780
3 16 -153.759 233.110 6.796 -154.663 232.520 7.924 -155.190 234.621 6.416
3 16 -154.663 232.520 7.924 -156.111 234.049 7.539 -155.190 234.621 6.416
3 16 -154.663 232.520 7.924 -155.233 232.332 9.364 -156.111 234.049 7.539
3 16 -155.233 232.332 9.364 -156.690 233.871 8.977 -156.111 234.049 7.539
3 16 -155.233 232.332 9.364 -155.383 232.575 10.899 -156.690 233.871 8.977
3 16 -155.383 232.575 10.899 -156.840 234.114 10.512 -156.690 233.871 8.977
3 16 -155.383 232.575 10.899 -155.091 233.212 12.293 -156.840 234.114 10.512
3 16 -155.091 233.212 12.293 -156.538 234.741 11.909 -156.840 234.114 10.512
3 16 -155.091 233.212 12.293 -154.400 234.146 13.336 -156.538 234.741 11.909
3 16 -154.400 234.146 13.336 -155.830 235.656 12.956 -156.538 234.741 11.909
3 16 -154.400 234.146 13.336 -153.416 235.234 13.867 -155.830 235.656 12.956
3 16 -153.416 235.234 13.867 -154.824 236.721 13.493 -155.830 235.656 12.956
3 16 -153.416 235.234 13.867 -152.288 236.312 13.807 -154.824 236.721 13.493
3 16 -152.288 236.312 13.807 -153.673 237.773 13.440 -154.824 236.721 13.493
3 16 -152.288 236.312 13.807 -151.189 237.214 13.164 -153.673 237.773 13.440
3 16 -151.189 237.214 13.164 -152.551 238.652 12.803 -153.673 237.773 13.440
3 16 -151.189 237.214 13.164 -150.285 237.804 12.036 -152.551 238.652 12.803
3 16 -150.285 237.804 12.036 -151.631 239.225 11.680 -152.551 238.652 12.803
3 16 -150.285 237.804 12.036 -149.715 237.992 10.596 -151.631 239.225 11.680
3 16 -149.715 237.992 10.596 -151.051 239.403 10.242 -151.631 239.225 11.680
3 16 -149.715 237.992 10.596 -149.565 237.749 9.062 -151.051 239.403 10.242
3 16 -149.565 237.749 9.062 -150.901 239.160 8.708 -151.051 239.403 10.242
3 16 -149.565 237.749 9.062 -149.857 237.112 7.667 -150.901 239.160 8.708
3 16 -149.857 237.112 7.667 -151.203 238.533 7.310 -150.901 239.160 8.708
3 16 -148.480 235.723 8.022 -149.154 234.772 6.984 -149.857 237.112 7.667
3 16 -149.154 234.772 6.984 -150.548 236.178 6.625 -149.857 237.112 7.667
3 16 -149.154 234.772 6.984 -150.115 233.660 6.459 -150.548 236.178 6.625
3 16 -150.115 233.660 6.459 -151.532 235.090 6.093 -150.548 236.178 6.625
3 16 -150.115 233.660 6.459 -151.217 232.558 6.525 -151.532 235.090 6.093
3 16 -151.217 232.558 6.525 -152.660 234.012 6.154 -151.532 235.090 6.093
3 16 -151.217 232.558 6.525 -152.294 231.632 7.174 -152.660 234.012 6.154
3 16 -152.294 231.632 7.174 -153.759 233.110 6.796 -152.660 234.012 6.154
3 16 -152.294 231.632 7.174 -153.180 231.025 8.306 -153.759 233.110 6.796
3 16 -153.180 231.025 8.306 -154.663 232.520 7.924 -153.759 233.110 6.796
3 16 -153.180 231.025 8.306 -153.740 230.828 9.750 -154.663 232.520 7.924
3 16 -153.740 230.828 9.750 -155.233 232.332 9.364 -154.663 232.520 7.924
3 16 -153.740 230.828 9.750 -153.891 231.071 11.284 -155.233 232.332 9.364
3 16 -153.891 231.071 11.284 -155.383 232.575 10.899 -155.233 232.332 9.364
3 16 -153.891 231.071 11.284 -153.608 231.718 12.676 -155.383 232.575 10.899
3 16 -153.608 231.718 12.676 -155.091 233.212 12.293 -155.383 232.575 10.899
3 16 -153.608 231.718 12.676 -152.934 232.669 13.713 -155.091 233.212 12.293
3 16 -152.934 232.669 13.713 -154.400 234.146 13.336 -155.091 233.212 12.293
3 16 -152.934 232.669 13.713 -151.973 233.781 14.239 -154.400 234.146 13.336
3 16 -151.973 233.781 14.239 -153.416 235.234 13.867 -154.400 234.146 13.336
3 16 -151.973 233.781 14.239 -150.870 234.883 14.172 -153.416 235.234 13.867
3 16 -150.870 234.883 14.172 -152.288 236.312 13.807 -153.416 235.234 13.867
3 16 -150.870 234.883 14.172 -149.794 235.809 13.523 -152.288 236.312 13.807
3 16 -149.794 235.809 13.523 -151.189 237.214 13.164 -152.288 236.312 13.807
3 16 -149.794 235.809 13.523 -148.908 236.416 12.391 -151.189 237.214 13.164
3 16 -148.908 236.416 12.391 -150.285 237.804 12.036 -151.189 237.214 13.164
3 16 -148.908 236.416 12.391 -148.347 236.613 10.948 -150.285 237.804 12.036
3 16 -148.347 236.613 10.948 -149.715 237.992 10.596 -150.285 237.804 12.036
3 16 -148.347 236.613 10.948 -148.197 236.370 9.413 -149.715 237.992 10.596
3 16 -148.197 236.370 9.413 -149.565 237.749 9.062 -149.715 237.992 10.596
3 16 -148.197 236.370 9.413 -148.480 235.723 8.022 -149.565 237.749 9.062
3 16 -148.480 235.723 8.022 -149.857 237.112 7.667 -149.565 237.749 9.062
3 16 -147.070 234.367 8.374 -147.726 233.398 7.341 -148.480 235.723 8.022
3 16 -147.726 233.398 7.341 -149.154 234.772 6.984 -148.480 235.723 8.022
3 16 -147.726 233.398 7.341 -148.664 232.263 6.822 -149.154 234.772 6.984
3 16 -148.664 232.263 6.822 -150.115 233.660 6.459 -149.154 234.772 6.984
3 16 -148.664 232.263 6.822 -149.741 231.136 6.896 -150.115 233.660 6.459
3 16 -149.741 231.136 6.896 -151.217 232.558 6.525 -150.115 233.660 6.459
3 16 -149.741 231.136 6.896 -150.794 230.188 7.551 -151.217 232.558 6.525
3 16 -150.794 230.188 7.551 -152.294 231.632 7.174 -151.217 232.558 6.525
3 16 -150.794 230.188 7.551 -151.662 229.564 8.687 -152.294 231.632 7.174
3 16 -151.662 229.564 8.687 -153.180 231.025 8.306 -152.294 231.632 7.174
3 16 -151.662 229.564 8.687 -152.213 229.357 10.133 -153.180 231.025 8.306
3 16 -152.213 229.357 10.133 -153.740 230.828 9.750 -153.180 231.025 8.306
3 16 -152.213 229.357 10.133 -152.363 229.601 11.667 -153.740 230.828 9.750
3 16 -152.363 229.601 11.667 -153.891 231.071 11.284 -153.740 230.828 9.750
3 16 -152.363 229.601 11.667 -152.089 230.257 13.057 -153.891 231.071 11.284
3 16 -152.089 230.257 13.057 -153.608 231.718 12.676 -153.891 231.071 11.284
3 16 -152.089 230.257 13.057 -151.434 231.226 14.090 -153.608 231.718 12.676
3 16 -151.434 231.226 14.090 -152.934 232.669 13.713 -153.608 231.718 12.676
3 16 -151.434 231.226 14.090 -150.496 232.360 14.609 -152.934 232.669 13.713
3 16 -150.496 232.360 14.609 -151.973 233.781 14.239 -152.934 232.669 13.713
3 16 -150.496 232.360 14.609 -149.418 233.487 14.536 -151.973 233.781 14.239
3 16 -149.418 233.487 14.536 -150.870 234.883 14.172 -151.973 233.781 14.239
3 16 -149.418 233.487 14.536 -148.366 234.435 13.881 -150.870 234.883 14.172
3 16 -148.366 234.435 13.881 -149.794 235.809 13.523 -150.870 234.883 14.172
3 16 -148.366 234.435 13.881 -147.498 235.060 12.744 -149.794 235.809 13.523
3 16 -147.498 235.060 12.744 -148.908 236.416 12.391 -149.794 235.809 13.523
3 16 -147.498 235.060 12.744 -146.947 235.266 11.298 -148.908 236.416 12.391
3 16 -146.947 235.266 11.298 -148.347 236.613 10.948 -148.908 236.416 12.391
3 16 -146.947 235.266 11.298 -146.797 235.023 9.764 -148.347 236.613 10.948
3 16 -146.797 235.023 9.764 -148.197 236.370 9.413 -148.347 236.613 10.948
3 16 -146.797 235.023 9.764 -147.070 234.367 8.374 -148.197 236.370 9.413
3 16 -147.070 234.367 8.374 -148.480 235.723 8.022 -148.197 236.370 9.413
3 16 -145.631 233.045 8.724 -146.268 232.059 7.696 -147.070 234.367 8.374
3 16 -146.268 232.059 7.696 -147.726 233.398 7.341 -147.070 234.367 8.374
3 16 -146.268 232.059 7.696 -147.182 230.902 7.183 -147.726 233.398 7.341
3 16 -147.182 230.902 7.183 -148.664 232.263 6.822 -147.726 233.398 7.341
3 16 -147.182 230.902 7.183 -148.233 229.751 7.263 -148.664 232.263 6.822
3 16 -148.233 229.751 7.263 -149.741 231.136 6.896 -148.664 232.263 6.822
3 16 -148.233 229.751 7.263 -149.261 228.781 7.924 -149.741 231.136 6.896
3 16 -149.261 228.781 7.924 -150.794 230.188 7.551 -149.741 231.136 6.896
3 16 -149.261 228.781 7.924 -150.110 228.139 9.065 -150.794 230.188 7.551
3 16 -150.110 228.139 9.065 -151.662 229.564 8.687 -150.794 230.188 7.551
3 16 -150.110 228.139 9.065 -150.650 227.923 10.513 -151.662 229.564 8.687
3 16 -150.650 227.923 10.513 -152.213 229.357 10.133 -151.662 229.564 8.687
3 16 -150.650 227.923 10.513 -150.799 228.166 12.048 -152.213 229.357 10.133
3 16 -150.799 228.166 12.048 -152.363 229.601 11.667 -152.213 229.357 10.133
3 16 -150.799 228.166 12.048 -150.535 228.831 13.435 -152.363 229.601 11.667
3 16 -150.535 228.831 13.435 -152.089 230.257 13.057 -152.363 229.601 11.667
3 16 -150.535 228.831 13.435 -149.898 229.817 14.463 -152.089 230.257 13.057
3 16 -149.898 229.817 14.463 -151.434 231.226 14.090 -152.089 230.257 13.057
3 16 -149.898 229.817 14.463 -148.984 230.973 14.977 -151.434 231.226 14.090
3 16 -148.984 230.973 14.977 -150.496 232.360 14.609 -151.434 231.226 14.090
3 16 -148.984 230.973 14.977 -147.933 232.124 14.897 -150.496 232.360 14.609
3 16 -147.933 232.124 14.897 -149.418 233.487 14.536 -150.496 232.360 14.609
3 16 -147.933 232.124 14.897 -146.905 233.095 14.235 -149.418 233.487 14.536
3 16 -146.905 233.095 14.235 -148.366 234.435 13.881 -149.418 233.487 14.536
3 16 -146.905 233.095 14.235 -146.056 233.737 13.094 -148.366 234.435 13.881
3 16 -146.056 233.737 13.094 -147.498 235.060 12.744 -148.366 234.435 13.881
3 16 -146.056 233.737 13.094 -145.516 233.953 11.646 -147.498 235.060 12.744
3 16 -145.516 233.953 11.646 -146.947 235.266 11.298 -147.498 235.060 12.744
3 16 -145.516 233.953 11.646 -145.367 233.710 10.111 -146.947 235.266 11.298
3 16 -145.367 233.710 10.111 -146.797 235.023 9.764 -146.947 235.266 11.298
3 16 -145.367 233.710 10.111 -145.631 233.045 8.724 -146.797 235.023 9.764
3 16 -145.631 233.045 8.724 -147.070 234.367 8.374 -146.797 235.023 9.764
3 16 -144.159 231.756 9.071 -144.778 230.754 8.047 -145.631 233.045 8.724
3 16 -144.778 230.754 8.047 -146.268 232.059 7.696 -145.631 233.045 8.724
3 16 -144.778 230.754 8.047 -145.667 229.576 7.540 -146.268 232.059 7.696
3 16 -145.667 229.576 7.540 -147.182 230.902 7.183 -146.268 232.059 7.696
3 16 -145.667 229.576 7.540 -146.691 228.401 7.626 -147.182 230.902 7.183
3 16 -146.691 228.401 7.626 -148.233 229.751 7.263 -147.182 230.902 7.183
3 16 -146.691 228.401 7.626 -147.694 227.409 8.294 -148.233 229.751 7.263
3 16 -147.694 227.409 8.294 -149.261 228.781 7.924 -148.233 229.751 7.263
3 16 -147.694 227.409 8.294 -148.524 226.750 9.440 -149.261 228.781 7.924
3 16 -148.524 226.750 9.440 -150.110 228.139 9.065 -149.261 228.781 7.924
3 16 -148.524 226.750 9.440 -149.054 226.525 10.891 -150.110 228.139 9.065
3 16 -149.054 226.525 10.891 -150.650 227.923 10.513 -150.110 228.139 9.065
3 16 -149.054 226.525 10.891 -149.203 226.768 12.425 -150.650 227.923 10.513
3 16 -149.203 226.768 12.425 -150.799 228.166 12.048 -150.650 227.923 10.513
3 16 -149.203 226.768 12.425 -148.948 227.442 13.810 -150.799 228.166 12.048
3 16 -148.948 227.442 13.810 -150.535 228.831 13.435 -150.799 228.166 12.048
3 16 -148.948 227.442 13.810 -148.330 228.445 14.833 -150.535 228.831 13.435
3 16 -148.330 228.445 14.833 -149.898 229.817 14.463 -150.535 228.831 13.435
3 16 -148.330 228.445 14.833 -147.440 229.623 15.341 -149.898 229.817 14.463
3 16 -147.440 229.623 15.341 -148.984 230.973 14.977 -149.898 229.817 14.463
3 16 -147.440 229.623 15.341 -146.416 230.797 15.254 -148.984 230.973 14.977
3 16 -146.416 230.797 15.254 -147.933 232.124 14.897 -148.984 230.973 14.977
3 16 -146.416 230.797 15.254 -145.413 231.789 14.587 -147.933 232.124 14.897
3 16 -145.413 231.789 14.587 -146.905 233.095 14.235 -147.933 232.124 14.897
3 16 -145.413 231.789 14.587 -144.583 232.448 13.441 -146.905 233.095 14.235
3 16 -144.583 232.448 13.441 -146.056 233.737 13.094 -146.905 233.095 14.235
3 16 -144.583 232.448 13.441 -144.054 232.673 11.990 -146.056 233.737 13.094
3 16 -144.054 232.673 11.990 -145.516 233.953 11.646 -146.056 233.737 13.094
3 16 -144.054 232.673 11.990 -143.905 232.430 10.456 -145.516 233.953 11.646
3 16 -143.905 232.430 10.456 -145.367 233.710 10.111 -145.516 233.953 11.646
3 16 -143.905 232.430 10.456 -144.159 231.756 9.071 -145.367 233.710 10.111
3 16 -144.159 231.756 9.071 -145.631 233.045 8.724 -145.367 233.710 10.111
3 16 -142.658 230.503 9.414 -143.258 229.485 8.395 -144.159 231.756 9.071
3 16 -143.258 229.485 8.395 -144.778 230.754 8.047 -144.159 231.756 9.071
3 16 -143.258 229.485 8.395 -144.122 228.286 7.893 -144.778 230.754 8.047
3 16 -144.122 228.286 7.893 -145.667 229.576 7.540 -144.778 230.754 8.047
3 16 -144.122 228.286 7.893 -145.119 227.088 7.986 -145.667 229.576 7.540
3 16 -145.119 227.088 7.986 -146.691 228.401 7.626 -145.667 229.576 7.540
3 16 -145.119 227.088 7.986 -146.096 226.074 8.660 -146.691 228.401 7.626
3 16 -146.096 226.074 8.660 -147.694 227.409 8.294 -146.691 228.401 7.626
3 16 -146.096 226.074 8.660 -146.905 225.399 9.811 -147.694 227.409 8.294
3 16 -146.905 225.399 9.811 -148.524 226.750 9.440 -147.694 227.409 8.294
3 16 -146.905 225.399 9.811 -147.423 225.165 11.264 -148.524 226.750 9.440
3 16 -147.423 225.165 11.264 -149.054 226.525 10.891 -148.524 226.750 9.440
3 16 -147.423 225.165 11.264 -147.571 225.407 12.799 -149.054 226.525 10.891
3 16 -147.571 225.407 12.799 -149.203 226.768 12.425 -149.054 226.525 10.891
3 16 -147.571 225.407 12.799 -147.327 226.089 14.181 -149.203 226.768 12.425
3 16 -147.327 226.089 14.181 -148.948 227.442 13.810 -149.203 226.768 12.425
3 16 -147.327 226.089 14.181 -146.727 227.108 15.200 -148.948 227.442 13.810
3 16 -146.727 227.108 15.200 -148.330 228.445 14.833 -148.948 227.442 13.810
3 16 -146.727 227.108 15.200 -145.863 228.307 15.702 -148.330 228.445 14.833
3 16 -145.863 228.307 15.702 -147.440 229.623 15.341 -148.330 228.445 14.833
3 16 -145.863 228.307 15.702 -144.866 229.504 15.609 -147.440 229.623 15.341
3 16 -144.866 229.504 15.609 -146.416 230.797 15.254 -147.440 229.623 15.341
3 16 -144.866 229.504 15.609 -143.889 230.518 14.935 -146.416 230.797 15.254
3 16 -143.889 230.518 14.935 -145.413 231.789 14.587 -146.416 230.797 15.254
3 16 -143.889 230.518 14.935 -143.080 231.193 13.785 -145.413 231.789 14.587
3 16 -143.080 231.193 13.785 -144.583 232.448 13.441 -145.413 231.789 14.587
3 16 -143.080 231.193 13.785 -142.562 231.428 12.331 -144.583 232.448 13.441
3 16 -142.562 231.428 12.331 -144.054 232.673 11.990 -144.583 232.448 13.441
3 16 -142.562 231.428 12.331 -142.414 231.185 10.796 -144.054 232.673 11.990
3 16 -142.414 231.185 10.796 -143.905 232.430 10.456 -144.054 232.673 11.990
3 16 -142.414 231.185 10.796 -142.658 230.503 9.414 -143.905 232.430 10.456
3 16 -142.658 230.503 9.414 -144.159 231.756 9.071 -143.905 232.430 10.456
3 16 -141.128 229.287 9.753 -141.709 228.253 8.738 -142.658 230.503 9.414
3 16 -141.709 228.253 8.738 -143.258 229.485 8.395 -142.658 230.503 9.414
3 16 -141.709 228.253 8.738 -142.547 227.033 8.242 -143.258 229.485 8.395
3 16 -142.547 227.033 8.242 -144.122 228.286 7.893 -143.258 229.485 8.395
3 16 -142.547 227.033 8.242 -143.515 225.813 8.342 -144.122 228.286 7.893
3 16 -143.515 225.813 8.342 -145.119 227.088 7.986 -144.122 228.286 7.893
3 16 -143.515 225.813 8.342 -144.466 224.778 9.021 -145.119 227.088 7.986
3 16 -144.466 224.778 9.021 -146.096 226.074 8.660 -145.119 227.088 7.986
3 16 -144.466 224.778 9.021 -145.255 224.087 10.177 -146.096 226.074 8.660
3 16 -145.255 224.087 10.177 -146.905 225.399 9.811 -146.096 226.074 8.660
3 16 -145.255 224.087 10.177 -145.761 223.843 11.633 -146.905 225.399 9.811
3 16 -145.761 223.843 11.633 -147.423 225.165 11.264 -146.905 225.399 9.811
3 16 -145.761 223.843 11.633 -145.908 224.085 13.168 -147.423 225.165 11.264
3 16 -145.908 224.085 13.168 -147.571 225.407 12.799 -147.423 225.165 11.264
3 16 -145.908 224.085 13.168 -145.673 224.775 14.548 -147.571 225.407 12.799
3 16 -145.673 224.775 14.548 -147.327 226.089 14.181 -147.571 225.407 12.799
3 16 -145.673 224.775 14.548 -145.092 225.809 15.562 -147.327 226.089 14.181
3 16 -145.092 225.809 15.562 -146.727 227.108 15.200 -147.327 226.089 14.181
3 16 -145.092 225.809 15.562 -144.254 227.029 16.058 -146.727 227.108 15.200
3 16 -144.254 227.029 16.058 -145.863 228.307 15.702 -146.727 227.108 15.200
3 16 -144.254 227.029 16.058 -143.286 228.249 15.958 -145.863 228.307 15.702
3 16 -143.286 228.249 15.958 -144.866 229.504 15.609 -145.863 228.307 15.702
3 16 -143.286 228.249 15.958 -142.335 229.283 15.279 -144.866 229.504 15.609
3 16 -142.335 229.283 15.279 -143.889 230.518 14.935 -144.866 229.504 15.609
3 16 -142.335 229.283 15.279 -141.547 229.975 14.123 -143.889 230.518 14.935
3 16 -141.547 229.975 14.123 -143.080 231.193 13.785 -143.889 230.518 14.935
3 16 -141.547 229.975 14.123 -141.041 230.219 12.667 -143.080 231.193 13.785
3 16 -141.041 230.219 12.667 -142.562 231.428 12.331 -143.080 231.193 13.785
3 16 -141.041 230.219 12.667 -140.894 229.977 11.132 -142.562 231.428 12.331
3 16 -140.894 229.977 11.132 -142.414 231.185 10.796 -142.562 231.428 12.331
3 16 -140.894 229.977 11.132 -141.128 229.287 9.753 -142.414 231.185 10.796
3 16 -141.128 229.287 9.753 -142.658 230.503 9.414 -142.414 231.185 10.796
3 16 -139.569 228.106 10.087 -140.130 227.057 9.076 -141.128 229.287 9.753
3 16 -140.130 227.057 9.076 -141.709 228.253 8.738 -141.128 229.287 9.753
3 16 -140.130 227.057 9.076 -140.942 225.818 8.586 -141.709 228.253 8.738
3 16 -140.942 225.818 8.586 -142.547 227.033 8.242 -141.709 228.253 8.738
3 16 -140.942 225.818 8.586 -141.881 224.576 8.692 -142.547 227.033 8.242
3 16 -141.881 224.576 8.692 -143.515 225.813 8.342 -142.547 227.033 8.242
3 16 -141.881 224.576 8.692 -142.805 223.521 9.377 -143.515 225.813 8.342
3 16 -142.805 223.521 9.377 -144.466 224.778 9.021 -143.515 225.813 8.342
3 16 -142.805 223.521 9.377 -143.572 222.813 10.538 -144.466 224.778 9.021
3 16 -143.572 222.813 10.538 -145.255 224.087 10.177 -144.466 224.778 9.021
3 16 -143.572 222.813 10.538 -144.066 222.560 11.997 -145.255 224.087 10.177
3 16 -144.066 222.560 11.997 -145.761 223.843 11.633 -145.255 224.087 10.177
3 16 -144.066 222.560 11.997 -144.212 222.801 13.532 -145.761 223.843 11.633
3 16 -144.212 222.801 13.532 -145.908 224.085 13.168 -145.761 223.843 11.633
3 16 -144.212 222.801 13.532 -143.987 223.499 14.909 -145.908 224.085 13.168
3 16 -143.987 223.499 14.909 -145.673 224.775 14.548 -145.908 224.085 13.168
3 16 -143.987 223.499 14.909 -143.426 224.548 15.920 -145.673 224.775 14.548
3 16 -143.426 224.548 15.920 -145.092 225.809 15.562 -145.673 224.775 14.548
3 16 -143.426 224.548 15.920 -142.614 225.788 16.410 -145.092 225.809 15.562
3 16 -142.614 225.788 16.410 -144.254 227.029 16.058 -145.092 225.809 15.562
3 16 -142.614 225.788 16.410 -141.675 227.030 16.304 -144.254 227.029 16.058
3 16 -141.675 227.030 16.304 -143.286 228.249 15.958 -144.254 227.029 16.058
3 16 -141.675 227.030 16.304 -140.751 228.085 15.618 -143.286 228.249 15.958
3 16 -140.751 228.085 15.618 -142.335 229.283 15.279 -143.286 228.249 15.958
3 16 -140.751 228.085 15.618 -139.984 228.793 14.458 -142.335 229.283 15.279
3 16 -139.984 228.793 14.458 -141.547 229.975 14.123 -142.335 229.283 15.279
3 16 -139.984 228.793 14.458 -139.490 229.045 12.999 -141.547 229.975 14.123
3 16 -139.490 229.045 12.999 -141.041 230.219 12.667 -141.547 229.975 14.123
3 16 -139.490 229.045 12.999 -139.344 228.804 11.464 -141.041 230.219 12.667
3 16 -139.344 228.804 11.464 -140.894 229.977 11.132 -141.041 230.219 12.667
3 16 -139.344 228.804 11.464 -139.569 228.106 10.087 -140.894 229.977 11.132
3 16 -139.569 228.106 10.087 -141.128 229.287 9.753 -140.894 229.977 11.132
3 16 -137.983 226.964 10.415 -138.525 225.901 9.408 -139.569 228.106 10.087
3 16 -138.525 225.901 9.408 -140.130 227.057 9.076 -139.569 228.106 10.087
3 16 -138.525 225.901 9.408 -139.310 224.642 8.924 -140.130 227.057 9.076
3 16 -139.310 224.642 8.924 -140.942 225.818 8.586 -140.130 227.057 9.076
3 16 -139.310 224.642 8.924 -140.219 223.379 9.037 -140.942 225.818 8.586
3 16 -140.219 223.379 9.037 -141.881 224.576 8.692 -140.942 225.818 8.586
3 16 -140.219 223.379 9.037 -141.115 222.303 9.728 -141.881 224.576 8.692
3 16 -141.115 222.303 9.728 -142.805 223.521 9.377 -141.881 224.576 8.692
3 16 -141.115 222.303 9.728 -141.859 221.580 10.893 -142.805 223.521 9.377
3 16 -141.859 221.580 10.893 -143.572 222.813 10.538 -142.805 223.521 9.377
3 16 -141.859 221.580 10.893 -142.340 221.318 12.355 -143.572 222.813 10.538
3 16 -142.340 221.318 12.355 -144.066 222.560 11.997 -143.572 222.813 10.538
3 16 -142.340 221.318 12.355 -142.484 221.558 13.890 -144.066 222.560 11.997
3 16 -142.484 221.558 13.890 -144.212 222.801 13.532 -144.066 222.560 11.997
3 16 -142.484 221.558 13.890 -142.269 222.263 15.266 -144.212 222.801 13.532
3 16 -142.269 222.263 15.266 -143.987 223.499 14.909 -144.212 222.801 13.532
3 16 -142.269 222.263 15.266 -141.728 223.326 16.272 -143.987 223.499 14.909
3 16 -141.728 223.326 16.272 -143.426 224.548 15.920 -143.987 223.499 14.909
3 16 -141.728 223.326 16.272 -140.943 224.585 16.756 -143.426 224.548 15.920
3 16 -140.943 224.585 16.756 -142.614 225.788 16.410 -143.426 224.548 15.920
3 16 -140.943 224.585 16.756 -140.033 225.849 16.644 -142.614 225.788 16.410
3 16 -140.033 225.849 16.644 -141.675 227.030 16.304 -142.614 225.788 16.410
3 16 -140.033 225.849 16.644 -139.138 226.924 15.952 -141.675 227.030 16.304
3 16 -139.138 226.924 15.952 -140.751 228.085 15.618 -141.675 227.030 16.304
3 16 -139.138 226.924 15.952 -138.393 227.648 14.787 -140.751 228.085 15.618
3 16 -138.393 227.648 14.787 -139.984 228.793 14.458 -140.751 228.085 15.618
3 16 -138.393 227.648 14.787 -137.912 227.909 13.326 -139.984 228.793 14.458
3 16 -137.912 227.909 13.326 -139.490 229.045 12.999 -139.984 228.793 14.458
3 16 -137.912 227.909 13.326 -137.768 227.669 11.790 -139.490 229.045 12.999
3 16 -137.768 227.669 11.790 -139.344 228.804 11.464 -139.490 229.045 12.999
3 16 -137.768 227.669 11.790 -137.983 226.964 10.415 -139.344 228.804 11.464
3 16 -137.983 226.964 10.415 -139.569 228.106 10.087 -139.344 228.804 11.464
3 16 -136.369 225.859 10.737 -136.890 224.782 9.735 -137.983 226.964 10.415
3 16 -136.890 224.782 9.735 -138.525 225.901 9.408 -137.983 226.964 10.415
3 16 -136.890 224.782 9.735 -137.648 223.504 9.257 -138.525 225.901 9.408
3 16 -137.648 223.504 9.257 -139.310 224.642 8.924 -138.525 225.901 9.408
3 16 -137.648 223.504 9.257 -138.527 222.220 9.375 -139.310 224.642 8.924
3 16 -138.527 222.220 9.375 -140.219 223.379 9.037 -139.310 224.642 8.924
3 16 -138.527 222.220 9.375 -139.394 221.126 10.072 -140.219 223.379 9.037
3 16 -139.394 221.126 10.072 -141.115 222.303 9.728 -140.219 223.379 9.037
3 16 -139.394 221.126 10.072 -140.116 220.387 11.242 -141.115 222.303 9.728
3 16 -140.116 220.387 11.242 -141.859 221.580 10.893 -141.115 222.303 9.728
3 16 -140.116 220.387 11.242 -140.584 220.116 12.706 -141.859 221.580 10.893
3 16 -140.584 220.116 12.706 -142.340 221.318 12.355 -141.859 221.580 10.893
3 16 -140.584 220.116 12.706 -140.727 220.356 14.242 -142.340 221.318 12.355
3 16 -140.727 220.356 14.242 -142.484 221.558 13.890 -142.340 221.318 12.355
3 16 -140.727 220.356 14.242 -140.522 221.068 15.615 -142.484 221.558 13.890
3 16 -140.522 221.068 15.615 -142.269 222.263 15.266 -142.484 221.558 13.890
3 16 -140.522 221.068 15.615 -140.001 222.145 16.618 -142.269 222.263 15.266
3 16 -140.001 222.145 16.618 -141.728 223.326 16.272 -142.269 222.263 15.266
3 16 -140.001 222.145 16.618 -139.243 223.423 17.096 -141.728 223.326 16.272
3 16 -139.243 223.423 17.096 -140.943 224.585 16.756 -141.728 223.326 16.272
3 16 -139.243 223.423 17.096 -138.363 224.707 16.977 -140.943 224.585 16.756
3 16 -138.363 224.707 16.977 -140.033 225.849 16.644 -140.943 224.585 16.756
3 16 -138.363 224.707 16.977 -137.496 225.801 16.280 -140.033 225.849 16.644
3 16 -137.496 225.801 16.280 -139.138 226.924 15.952 -140.033 225.849 16.644
3 16 -137.496 225.801 16.280 -136.774 226.540 15.110 -139.138 226.924 15.952
3 16 -136.774 226.540 15.110 -138.393 227.648 14.787 -139.138 226.924 15.952
3 16 -136.774 226.540 15.110 -136.306 226.811 13.646 -138.393 227.648 14.787
3 16 -136.306 226.811 13.646 -137.912 227.909 13.326 -138.393 227.648 14.787
3 16 -136.306 226.811 13.646 -136.164 226.571 12.111 -137.912 227.909 13.326
3 16 -136.164 226.571 12.111 -137.768 227.669 11.790 -137.912 227.909 13.326
3 16 -136.164 226.571 12.111 -136.369 225.859 10.737 -137.768 227.669 11.790
3 16 -136.369 225.859 10.737 -137.983 226.964 10.415 -137.768 227.669 11.790
3 16 -134.729 224.794 11.053 -135.229 223.703 10.055 -136.369 225.859 10.737
3 16 -135.229 223.703 10.055 -136.890 224.782 9.735 -136.369 225.859 10.737
3 16 -135.229 223.703 10.055 -135.960 222.407 9.582 -136.890 224.782 9.735
3 16 -135.960 222.407 9.582 -137.648 223.504 9.257 -136.890 224.782 9.735
3 16 -135.960 222.407 9.582 -136.808 221.103 9.707 -137.648 223.504 9.257
3 16 -136.808 221.103 9.707 -138.527 222.220 9.375 -137.648 223.504 9.257
3 16 -136.808 221.103 9.707 -137.645 219.989 10.410 -138.527 222.220 9.375
3 16 -137.645 219.989 10.410 -139.394 221.126 10.072 -138.527 222.220 9.375
3 16 -137.645 219.989 10.410 -138.344 219.236 11.584 -139.394 221.126 10.072
3 16 -138.344 219.236 11.584 -140.116 220.387 11.242 -139.394 221.126 10.072
3 16 -138.344 219.236 11.584 -138.798 218.956 13.051 -140.116 220.387 11.242
3 16 -138.798 218.956 13.051 -140.584 220.116 12.706 -140.116 220.387 11.242
3 16 -138.798 218.956 13.051 -138.938 219.194 14.587 -140.584 220.116 12.706
3 16 -138.938 219.194 14.587 -140.727 220.356 14.242 -140.584 220.116 12.706
3 16 -138.938 219.194 14.587 -138.743 219.913 15.959 -140.727 220.356 14.242
3 16 -138.743 219.913 15.959 -140.522 221.068 15.615 -140.727 220.356 14.242
3 16 -138.743 219.913 15.959 -138.242 221.004 16.957 -140.522 221.068 15.615
3 16 -138.242 221.004 16.957 -140.001 222.145 16.618 -140.522 221.068 15.615
3 16 -138.242 221.004 16.957 -137.512 222.300 17.430 -140.001 222.145 16.618
3 16 -137.512 222.300 17.430 -139.243 223.423 17.096 -140.001 222.145 16.618
3 16 -137.512 222.300 17.430 -136.664 223.604 17.305 -139.243 223.423 17.096
3 16 -136.664 223.604 17.305 -138.363 224.707 16.977 -139.243 223.423 17.096
3 16 -136.664 223.604 17.305 -135.827 224.717 16.602 -138.363 224.707 16.977
3 16 -135.827 224.717 16.602 -137.496 225.801 16.280 -138.363 224.707 16.977
3 16 -135.827 224.717 16.602 -135.128 225.471 15.428 -137.496 225.801 16.280
3 16 -135.128 225.471 15.428 -136.774 226.540 15.110 -137.496 225.801 16.280
3 16 -135.128 225.471 15.428 -134.674 225.751 13.961 -136.774 226.540 15.110
3 16 -134.674 225.751 13.961 -136.306 226.811 13.646 -136.774 226.540 15.110
3 16 -134.674 225.751 13.961 -134.534 225.513 12.425 -136.306 226.811 13.646
3 16 -134.534 225.513 12.425 -136.164 226.571 12.111 -136.306 226.811 13.646
3 16 -134.534 225.513 12.425 -134.729 224.794 11.053 -136.164 226.571 12.111
3 16 -134.729 224.794 11.053 -136.369 225.859 10.737 -136.164 226.571 12.111
3 16 -133.063 223.768 11.362 -133.543 222.665 10.368 -134.729 224.794 11.053
3 16 -133.543 222.665 10.368 -135.229 223.703 10.055 -134.729 224.794 11.053
3 16 -133.543 222.665 10.368 -134.245 221.351 9.901 -135.229 223.703 10.055
3 16 -134.245 221.351 9.901 -135.960 222.407 9.582 -135.229 223.703 10.055
3 16 -134.245 221.351 9.901 -135.062 220.028 10.031 -135.960 222.407 9.582
3 16 -135.062 220.028 10.031 -136.808 221.103 9.707 -135.960 222.407 9.582
3 16 -135.062 220.028 10.031 -135.869 218.895 10.740 -136.808 221.103 9.707
3 16 -135.869 218.895 10.740 -137.645 219.989 10.410 -136.808 221.103 9.707
3 16 -135.869 218.895 10.740 -136.544 218.127 11.919 -137.645 219.989 10.410
3 16 -136.544 218.127 11.919 -138.344 219.236 11.584 -137.645 219.989 10.410
3 16 -136.544 218.127 11.919 -136.984 217.840 13.389 -138.344 219.236 11.584
3 16 -136.984 217.840 13.389 -138.798 218.956 13.051 -138.344 219.236 11.584
3 16 -136.984 217.840 13.389 -137.122 218.076 14.925 -138.798 218.956 13.051
3 16 -137.122 218.076 14.925 -138.938 219.194 14.587 -138.798 218.956 13.051
3 16 -137.122 218.076 14.925 -136.937 218.802 16.294 -138.938 219.194 14.587
3 16 -136.937 218.802 16.294 -138.743 219.913 15.959 -138.938 219.194 14.587
3 16 -136.937 218.802 16.294 -136.457 219.905 17.288 -138.743 219.913 15.959
3 16 -136.457 219.905 17.288 -138.242 221.004 16.957 -138.743 219.913 15.959
3 16 -136.457 219.905 17.288 -135.755 221.219 17.756 -138.242 221.004 16.957
3 16 -135.755 221.219 17.756 -137.512 222.300 17.430 -138.242 221.004 16.957
3 16 -135.755 221.219 17.756 -134.939 222.542 17.625 -137.512 222.300 17.430
3 16 -134.939 222.542 17.625 -136.664 223.604 17.305 -137.512 222.300 17.430
3 16 -134.939 222.542 17.625 -134.131 223.674 16.916 -136.664 223.604 17.305
3 16 -134.131 223.674 16.916 -135.827 224.717 16.602 -136.664 223.604 17.305
3 16 -134.131 223.674 16.916 -133.456 224.443 15.737 -135.827 224.717 16.602
3 16 -133.456 224.443 15.737 -135.128 225.471 15.428 -135.827 224.717 16.602
3 16 -133.456 224.443 15.737 -133.016 224.730 14.268 -135.128 225.471 15.428
3 16 -133.016 224.730 14.268 -134.674 225.751 13.961 -135.128 225.471 15.428
3 16 -133.016 224.730 14.268 -132.878 224.493 12.731 -134.674 225.751 13.961
3 16 -132.878 224.493 12.731 -134.534 225.513 12.425 -134.674 225.751 13.961
3 16 -132.878 224.493 12.731 -133.063 223.768 11.362 -134.534 225.513 12.425
3 16 -133.063 223.768 11.362 -134.729 224.794 11.053 -134.534 225.513 12.425
3 16 -131.372 222.782 11.664 -131.831 221.666 10.674 -133.063 223.768 11.362
3 16 -131.831 221.666 10.674 -133.543 222.665 10.368 -133.063 223.768 11.362
3 16 -131.831 221.666 10.674 -132.504 220.336 10.212 -133.543 222.665 10.368
3 16 -132.504 220.336 10.212 -134.245 221.351 9.901 -133.543 222.665 10.368
3 16 -132.504 220.336 10.212 -133.289 218.994 10.348 -134.245 221.351 9.901
3 16 -133.289 218.994 10.348 -135.062 220.028 10.031 -134.245 221.351 9.901
3 16 -133.289 218.994 10.348 -134.066 217.844 11.063 -135.062 220.028 10.031
3 16 -134.066 217.844 11.063 -135.869 218.895 10.740 -135.062 220.028 10.031
3 16 -134.066 217.844 11.063 -134.716 217.062 12.246 -135.869 218.895 10.740
3 16 -134.716 217.062 12.246 -136.544 218.127 11.919 -135.869 218.895 10.740
3 16 -134.716 217.062 12.246 -135.142 216.766 13.718 -136.544 218.127 11.919
3 16 -135.142 216.766 13.718 -136.984 217.840 13.389 -136.544 218.127 11.919
3 16 -135.142 216.766 13.718 -135.277 217.001 15.255 -136.984 217.840 13.389
3 16 -135.277 217.001 15.255 -137.122 218.076 14.925 -136.984 217.840 13.389
3 16 -135.277 217.001 15.255 -135.102 217.733 16.623 -137.122 218.076 14.925
3 16 -135.102 217.733 16.623 -136.937 218.802 16.294 -137.122 218.076 14.925
3 16 -135.102 217.733 16.623 -134.643 218.848 17.613 -136.937 218.802 16.294
3 16 -134.643 218.848 17.613 -136.457 219.905 17.288 -136.937 218.802 16.294
3 16 -134.643 218.848 17.613 -133.970 220.179 18.075 -136.457 219.905 17.288
3 16 -133.970 220.179 18.075 -135.755 221.219 17.756 -136.457 219.905 17.288
3 16 -133.970 220.179 18.075 -133.185 221.521 17.938 -135.755 221.219 17.756
3 16 -133.185 221.521 17.938 -134.939 222.542 17.625 -135.755 221.219 17.756
3 16 -133.185 221.521 17.938 -132.409 222.671 17.224 -134.939 222.542 17.625
3 16 -132.409 222.671 17.224 -134.131 223.674 16.916 -134.939 222.542 17.625
3 16 -132.409 222.671 17.224 -131.758 223.453 16.040 -134.131 223.674 16.916
3 16 -131.758 223.453 16.040 -133.456 224.443 15.737 -134.131 223.674 16.916
3 16 -131.758 223.453 16.040 -131.333 223.749 14.568 -133.456 224.443 15.737
3 16 -131.333 223.749 14.568 -133.016 224.730 14.268 -133.456 224.443 15.737
3 16 -131.333 223.749 14.568 -131.197 223.513 13.031 -133.016 224.730 14.268
3 16 -131.197 223.513 13.031 -132.878 224.493 12.731 -133.016 224.730 14.268
3 16 -131.197 223.513 13.031 -131.372 222.782 11.664 -132.878 224.493 12.731
3 16 -131.372 222.782 11.664 -133.063 223.768 11.362 -132.878 224.493 12.731
3 16 -129.659 221.838 11.957 -130.096 220.710 10.971 -131.372 222.782 11.664
3 16 -130.096 220.710 10.971 -131.831 221.666 10.674 -131.372 222.782 11.664
3 16 -130.096 220.710 10.971 -130.740 219.364 10.514 -131.831 221.666 10.674
3 16 -130.740 219.364 10.514 -132.504 220.336 10.212 -131.831 221.666 10.674
3 16 -130.740 219.364 10.514 -131.492 218.004 10.656 -132.504 220.336 10.212
3 16 -131.492 218.004 10.656 -133.289 218.994 10.348 -132.504 220.336 10.212
3 16 -131.492 218.004 10.656 -132.238 216.837 11.376 -133.289 218.994 10.348
3 16 -132.238 216.837 11.376 -134.066 217.844 11.063 -133.289 218.994 10.348
3 16 -132.238 216.837 11.376 -132.863 216.040 12.564 -134.066 217.844 11.063
3 16 -132.863 216.040 12.564 -134.716 217.062 12.246 -134.066 217.844 11.063
3 16 -132.863 216.040 12.564 -133.273 215.736 14.039 -134.716 217.062 12.246
3 16 -133.273 215.736 14.039 -135.142 216.766 13.718 -134.716 217.062 12.246
3 16 -133.273 215.736 14.039 -133.406 215.971 15.576 -135.142 216.766 13.718
3 16 -133.406 215.971 15.576 -135.277 217.001 15.255 -135.142 216.766 13.718
3 16 -133.406 215.971 15.576 -133.241 216.708 16.942 -135.277 217.001 15.255
3 16 -133.241 216.708 16.942 -135.102 217.733 16.623 -135.277 217.001 15.255
3 16 -133.241 216.708 16.942 -132.803 217.835 17.928 -135.102 217.733 16.623
3 16 -132.803 217.835 17.928 -134.643 218.848 17.613 -135.102 217.733 16.623
3 16 -132.803 217.835 17.928 -132.159 219.181 18.385 -134.643 218.848 17.613
3 16 -132.159 219.181 18.385 -133.970 220.179 18.075 -134.643 218.848 17.613
3 16 -132.159 219.181 18.385 -131.407 220.542 18.243 -133.970 220.179 18.075
3 16 -131.407 220.542 18.243 -133.185 221.521 17.938 -133.970 220.179 18.075
3 16 -131.407 220.542 18.243 -130.662 221.709 17.523 -133.185 221.521 17.938
3 16 -130.662 221.709 17.523 -132.409 222.671 17.224 -133.185 221.521 17.938
3 16 -130.662 221.709 17.523 -130.036 222.505 16.335 -132.409 222.671 17.224
3 16 -130.036 222.505 16.335 -131.758 223.453 16.040 -132.409 222.671 17.224
3 16 -130.036 222.505 16.335 -129.626 222.809 14.860 -131.758 223.453 16.040
3 16 -129.626 222.809 14.860 -131.333 223.749 14.568 -131.758 223.453 16.040
3 16 -129.626 222.809 14.860 -129.493 222.575 13.323 -131.333 223.749 14.568
3 16 -129.493 222.575 13.323 -131.197 223.513 13.031 -131.333 223.749 14.568
3 16 -129.493 222.575 13.323 -129.659 221.838 11.957 -131.197 223.513 13.031
3 16 -129.659 221.838 11.957 -131.372 222.782 11.664 -131.197 223.513 13.031
3 16 -127.921 220.934 12.242 -128.337 219.795 11.260 -129.659 221.838 11.957
3 16 -128.337 219.795 11.260 -130.096 220.710 10.971 -129.659 221.838 11.957
3 16 -128.337 219.795 11.260 -128.951 218.433 10.808 -130.096 220.710 10.971
3 16 -128.951 218.433 10.808 -130.740 219.364 10.514 -130.096 220.710 10.971
3 16 -128.951 218.433 10.808 -129.670 217.056 10.956 -130.740 219.364 10.514
3 16 -129.670 217.056 10.956 -131.492 218.004 10.656 -130.740 219.364 10.514
3 16 -129.670 217.056 10.956 -130.384 215.873 11.681 -131.492 218.004 10.656
3 16 -130.384 215.873 11.681 -132.238 216.837 11.376 -131.492 218.004 10.656
3 16 -130.384 215.873 11.681 -130.984 215.063 12.873 -132.238 216.837 11.376
3 16 -130.984 215.063 12.873 -132.863 216.040 12.564 -132.238 216.837 11.376
3 16 -130.984 215.063 12.873 -131.379 214.752 14.351 -132.863 216.040 12.564
3 16 -131.379 214.752 14.351 -133.273 215.736 14.039 -132.863 216.040 12.564
3 16 -131.379 214.752 14.351 -131.508 214.985 15.889 -133.273 215.736 14.039
3 16 -131.508 214.985 15.889 -133.406 215.971 15.576 -133.273 215.736 14.039
3 16 -131.508 214.985 15.889 -131.353 215.727 17.253 -133.406 215.971 15.576
3 16 -131.353 215.727 17.253 -133.241 216.708 16.942 -133.406 215.971 15.576
3 16 -131.353 215.727 17.253 -130.937 216.866 18.235 -133.241 216.708 16.942
3 16 -130.937 216.866 18.235 -132.803 217.835 17.928 -133.241 216.708 16.942
3 16 -130.937 216.866 18.235 -130.322 218.228 18.687 -132.803 217.835 17.928
3 16 -130.322 218.228 18.687 -132.159 219.181 18.385 -132.803 217.835 17.928
3 16 -130.322 218.228 18.687 -129.604 219.605 18.539 -132.159 219.181 18.385
3 16 -129.604 219.605 18.539 -131.407 220.542 18.243 -132.159 219.181 18.385
3 16 -129.604 219.605 18.539 -128.890 220.789 17.813 -131.407 220.542 18.243
3 16 -128.890 220.789 17.813 -130.662 221.709 17.523 -131.407 220.542 18.243
3 16 -128.890 220.789 17.813 -128.290 221.598 16.621 -130.662 221.709 17.523
3 16 -128.290 221.598 16.621 -130.036 222.505 16.335 -130.662 221.709 17.523
3 16 -128.290 221.598 16.621 -127.895 221.910 15.144 -130.036 222.505 16.335
3 16 -127.895 221.910 15.144 -129.626 222.809 14.860 -130.036 222.505 16.335
3 16 -127.895 221.910 15.144 -127.765 221.677 13.606 -129.626 222.809 14.860
3 16 -127.765 221.677 13.606 -129.493 222.575 13.323 -129.626 222.809 14.860
3 16 -127.765 221.677 13.606 -127.921 220.934 12.242 -129.493 222.575 13.323
3 16 -127.921 220.934 12.242 -129.659 221.838 11.957 -129.493 222.575 13.323
3 16 -126.162 220.073 12.518 -126.557 218.924 11.539 -127.921 220.934 12.242
3 16 -126.557 218.924 11.539 -128.337 219.795 11.260 -127.921 220.934 12.242
3 16 -126.557 218.924 11.539 -127.141 217.547 11.093 -128.337 219.795 11.260
3 16 -127.141 217.547 11.093 -128.951 218.433 10.808 -128.337 219.795 11.260
3 16 -127.141 217.547 11.093 -127.826 216.153 11.246 -128.951 218.433 10.808
3 16 -127.826 216.153 11.246 -129.670 217.056 10.956 -128.951 218.433 10.808
3 16 -127.826 216.153 11.246 -128.507 214.954 11.977 -129.670 217.056 10.956
3 16 -128.507 214.954 11.977 -130.384 215.873 11.681 -129.670 217.056 10.956
3 16 -128.507 214.954 11.977 -129.080 214.132 13.173 -130.384 215.873 11.681
3 16 -129.080 214.132 13.173 -130.984 215.063 12.873 -130.384 215.873 11.681
3 16 -129.080 214.132 13.173 -129.459 213.812 14.653 -130.984 215.063 12.873
3 16 -129.459 213.812 14.653 -131.379 214.752 14.351 -130.984 215.063 12.873
3 16 -129.459 213.812 14.653 -129.585 214.044 16.191 -131.379 214.752 14.351
3 16 -129.585 214.044 16.191 -131.508 214.985 15.889 -131.379 214.752 14.351
3 16 -129.585 214.044 16.191 -129.440 214.791 17.554 -131.508 214.985 15.889
3 16 -129.440 214.791 17.554 -131.353 215.727 17.253 -131.508 214.985 15.889
3 16 -129.440 214.791 17.554 -129.045 215.941 18.533 -131.353 215.727 17.253
3 16 -129.045 215.941 18.533 -130.937 216.866 18.235 -131.353 215.727 17.253
3 16 -129.045 215.941 18.533 -128.461 217.317 18.980 -130.937 216.866 18.235
3 16 -128.461 217.317 18.980 -130.322 218.228 18.687 -130.937 216.866 18.235
3 16 -128.461 217.317 18.980 -127.776 218.711 18.826 -130.322 218.228 18.687
3 16 -127.776 218.711 18.826 -129.604 219.605 18.539 -130.322 218.228 18.687
3 16 -127.776 218.711 18.826 -127.095 219.911 18.095 -129.604 219.605 18.539
3 16 -127.095 219.911 18.095 -128.890 220.789 17.813 -129.604 219.605 18.539
3 16 -127.095 219.911 18.095 -126.522 220.733 16.899 -128.890 220.789 17.813
3 16 -126.522 220.733 16.899 -128.290 221.598 16.621 -128.890 220.789 17.813
3 16 -126.522 220.733 16.899 -126.143 221.052 15.419 -128.290 221.598 16.621
3 16 -126.143 221.052 15.419 -127.895 221.910 15.144 -128.290 221.598 16.621
3 16 -126.143 221.052 15.419 -126.017 220.821 13.881 -127.895 221.910 15.144
3 16 -126.017 220.821 13.881 -127.765 221.677 13.606 -127.895 221.910 15.144
3 16 -126.017 220.821 13.881 -126.162 220.073 12.518 -127.765 221.677 13.606
3 16 -126.162 220.073 12.518 -127.921 220.934 12.242 -127.765 221.677 13.606
3 16 -124.381 219.255 12.785 -124.754 218.095 11.809 -126.162 220.073 12.518
3 16 -124.754 218.095 11.809 -126.557 218.924 11.539 -126.162 220.073 12.518
3 16 -124.754 218.095 11.809 -125.308 216.704 11.367 -126.557 218.924 11.539
3 16 -125.308 216.704 11.367 -127.141 217.547 11.093 -126.557 218.924 11.539
3 16 -125.308 216.704 11.367 -125.959 215.295 11.526 -127.141 217.547 11.093
3 16 -125.959 215.295 11.526 -127.826 216.153 11.246 -127.141 217.547 11.093
3 16 -125.959 215.295 11.526 -126.607 214.080 12.262 -127.826 216.153 11.246
3 16 -126.607 214.080 12.262 -128.507 214.954 11.977 -127.826 216.153 11.246
3 16 -126.607 214.080 12.262 -127.154 213.246 13.463 -128.507 214.954 11.977
3 16 -127.154 213.246 13.463 -129.080 214.132 13.173 -128.507 214.954 11.977
3 16 -127.154 213.246 13.463 -127.516 212.920 14.945 -129.080 214.132 13.173
3 16 -127.516 212.920 14.945 -129.459 213.812 14.653 -129.080 214.132 13.173
3 16 -127.516 212.920 14.945 -127.639 213.150 16.484 -129.459 213.812 14.653
3 16 -127.639 213.150 16.484 -129.585 214.044 16.191 -129.459 213.812 14.653
3 16 -127.639 213.150 16.484 -127.504 213.902 17.845 -129.585 214.044 16.191
3 16 -127.504 213.902 17.845 -129.440 214.791 17.554 -129.585 214.044 16.191
3 16 -127.504 213.902 17.845 -127.131 215.062 18.820 -129.440 214.791 17.554
3 16 -127.131 215.062 18.820 -129.045 215.941 18.533 -129.440 214.791 17.554
3 16 -127.131 215.062 18.820 -126.577 216.452 19.262 -129.045 215.941 18.533
3 16 -126.577 216.452 19.262 -128.461 217.317 18.980 -129.045 215.941 18.533
3 16 -126.577 216.452 19.262 -125.927 217.862 19.103 -128.461 217.317 18.980
3 16 -125.927 217.862 19.103 -127.776 218.711 18.826 -128.461 217.317 18.980
3 16 -125.927 217.862 19.103 -125.279 219.077 18.367 -127.776 218.711 18.826
3 16 -125.279 219.077 18.367 -127.095 219.911 18.095 -127.776 218.711 18.826
3 16 -125.279 219.077 18.367 -124.732 219.911 17.167 -127.095 219.911 18.095
3 16 -124.732 219.911 17.167 -126.522 220.733 16.899 -127.095 219.911 18.095
3 16 -124.732 219.911 17.167 -124.369 220.237 15.685 -126.522 220.733 16.899
3 16 -124.369 220.237 15.685 -126.143 221.052 15.419 -126.522 220.733 16.899
3 16 -124.369 220.237 15.685 -124.246 220.007 14.146 -126.143 221.052 15.419
3 16 -124.246 220.007 14.146 -126.017 220.821 13.881 -126.143 221.052 15.419
3 16 -124.246 220.007 14.146 -124.381 219.255 12.785 -126.017 220.821 13.881
3 16 -124.381 219.255 12.785 -126.162 220.073 12.518 -126.017 220.821 13.881
3 16 -122.581 218.479 13.042 -122.931 217.310 12.070 -124.381 219.255 12.785
3 16 -122.931 217.310 12.070 -124.754 218.095 11.809 -124.381 219.255 12.785
3 16 -122.931 217.310 12.070 -123.455 215.906 11.633 -124.754 218.095 11.809
3 16 -123.455 215.906 11.633 -125.308 216.704 11.367 -124.754 218.095 11.809
3 16 -123.455 215.906 11.633 -124.070 214.481 11.797 -125.308 216.704 11.367
3 16 -124.070 214.481 11.797 -125.959 215.295 11.526 -125.308 216.704 11.367
3 16 -124.070 214.481 11.797 -124.685 213.253 12.537 -125.959 215.295 11.526
3 16 -124.685 213.253 12.537 -126.607 214.080 12.262 -125.959 215.295 11.526
3 16 -124.685 213.253 12.537 -125.204 212.407 13.742 -126.607 214.080 12.262
3 16 -125.204 212.407 13.742 -127.154 213.246 13.463 -126.607 214.080 12.262
3 16 -125.204 212.407 13.742 -125.550 212.073 15.227 -127.154 213.246 13.463
3 16 -125.550 212.073 15.227 -127.516 212.920 14.945 -127.154 213.246 13.463
3 16 -125.550 212.073 15.227 -125.670 212.302 16.766 -127.516 212.920 14.945
3 16 -125.670 212.302 16.766 -127.639 213.150 16.484 -127.516 212.920 14.945
3 16 -125.670 212.302 16.766 -125.544 213.059 18.125 -127.639 213.150 16.484
3 16 -125.544 213.059 18.125 -127.504 213.902 17.845 -127.639 213.150 16.484
3 16 -125.544 213.059 18.125 -125.193 214.228 19.097 -127.504 213.902 17.845
3 16 -125.193 214.228 19.097 -127.131 215.062 18.820 -127.504 213.902 17.845
3 16 -125.193 214.228 19.097 -124.670 215.632 19.535 -127.131 215.062 18.820
3 16 -124.670 215.632 19.535 -126.577 216.452 19.262 -127.131 215.062 18.820
3 16 -124.670 215.632 19.535 -124.055 217.057 19.371 -126.577 216.452 19.262
3 16 -124.055 217.057 19.371 -125.927 217.862 19.103 -126.577 216.452 19.262
3 16 -124.055 217.057 19.371 -123.440 218.286 18.630 -125.927 217.862 19.103
3 16 -123.440 218.286 18.630 -125.279 219.077 18.367 -125.927 217.862 19.103
3 16 -123.440 218.286 18.630 -122.920 219.131 17.426 -125.279 219.077 18.367
3 16 -122.920 219.131 17.426 -124.732 219.911 17.167 -125.279 219.077 18.367
3 16 -122.920 219.131 17.426 -122.575 219.465 15.941 -124.732 219.911 17.167
3 16 -122.575 219.465 15.941 -124.369 220.237 15.685 -124.732 219.911 17.167
3 16 -122.575 219.465 15.941 -122.455 219.236 14.401 -124.369 220.237 15.685
3 16 -122.455 219.236 14.401 -124.246 220.007 14.146 -124.369 220.237 15.685
3 16 -122.455 219.236 14.401 -122.581 218.479 13.042 -124.246 220.007 14.146
3 16 -122.581 218.479 13.042 -124.381 219.255 12.785 -124.246 220.007 14.146
3 16 -120.762 217.748 13.289 -121.090 216.570 12.320 -122.581 218.479 13.042
3 16 -121.090 216.570 12.320 -122.931 217.310 12.070 -122.581 218.479 13.042
3 16 -121.090 216.570 12.320 -121.582 215.153 11.887 -122.931 217.310 12.070
3 16 -121.582 215.153 11.887 -123.455 215.906 11.633 -122.931 217.310 12.070
3 16 -121.582 215.153 11.887 -122.163 213.714 12.056 -123.455 215.906 11.633
3 16 -122.163 213.714 12.056 -124.070 214.481 11.797 -123.455 215.906 11.633
3 16 -122.163 213.714 12.056 -122.743 212.472 12.801 -124.070 214.481 11.797
3 16 -122.743 212.472 12.801 -124.685 213.253 12.537 -124.070 214.481 11.797
3 16 -122.743 212.472 12.801 -123.235 211.615 14.010 -124.685 213.253 12.537
3 16 -123.235 211.615 14.010 -125.204 212.407 13.742 -124.685 213.253 12.537
3 16 -123.235 211.615 14.010 -123.564 211.275 15.497 -125.204 212.407 13.742
3 16 -123.564 211.275 15.497 -125.550 212.073 15.227 -125.204 212.407 13.742
3 16 -123.564 211.275 15.497 -123.679 211.503 17.037 -125.550 212.073 15.227
3 16 -123.679 211.503 17.037 -125.670 212.302 16.766 -125.550 212.073 15.227
3 16 -123.679 211.503 17.037 -123.564 212.263 18.394 -125.670 212.302 16.766
3 16 -123.564 212.263 18.394 -125.544 213.059 18.125 -125.670 212.302 16.766
3 16 -123.564 212.263 18.394 -123.235 213.442 19.364 -125.544 213.059 18.125
3 16 -123.235 213.442 19.364 -125.193 214.228 19.097 -125.544 213.059 18.125
3 16 -123.235 213.442 19.364 -122.743 214.858 19.797 -125.193 214.228 19.097
3 16 -122.743 214.858 19.797 -124.670 215.632 19.535 -125.193 214.228 19.097
3 16 -122.743 214.858 19.797 -122.162 216.297 19.627 -124.670 215.632 19.535
3 16 -122.162 216.297 19.627 -124.055 217.057 19.371 -124.670 215.632 19.535
3 16 -122.162 216.297 19.627 -121.582 217.539 18.882 -124.055 217.057 19.371
3 16 -121.582 217.539 18.882 -123.440 218.286 18.630 -124.055 217.057 19.371
3 16 -121.582 217.539 18.882 -121.090 218.396 17.674 -123.440 218.286 18.630
3 16 -121.090 218.396 17.674 -122.920 219.131 17.426 -123.440 218.286 18.630
3 16 -121.090 218.396 17.674 -120.761 218.736 16.186 -122.920 219.131 17.426
3 16 -120.761 218.736 16.186 -122.575 219.465 15.941 -122.920 219.131 17.426
3 16 -120.761 218.736 16.186 -120.646 218.509 14.647 -122.575 219.465 15.941
3 16 -120.646 218.509 14.647 -122.455 219.236 14.401 -122.575 219.465 15.941
3 16 -120.646 218.509 14.647 -120.762 217.748 13.289 -122.455 219.236 14.401
3 16 -120.762 217.748 13.289 -122.581 218.479 13.042 -122.455 219.236 14.401
3 16 -118.923 217.060 13.525 -119.230 215.874 12.559 -120.762 217.748 13.289
3 16 -119.230 215.874 12.559 -121.090 216.570 12.320 -120.762 217.748 13.289
3 16 -119.230 215.874 12.559 -119.690 214.445 12.130 -121.090 216.570 12.320
3 16 -119.690 214.445 12.130 -121.582 215.153 11.887 -121.090 216.570 12.320
3 16 -119.690 214.445 12.130 -120.235 212.993 12.304 -121.582 215.153 11.887
3 16 -120.235 212.993 12.304 -122.163 213.714 12.056 -121.582 215.153 11.887
3 16 -120.235 212.993 12.304 -120.781 211.738 13.054 -122.163 213.714 12.056
3 16 -120.781 211.738 13.054 -122.743 212.472 12.801 -122.163 213.714 12.056
3 16 -120.781 211.738 13.054 -121.245 210.871 14.266 -122.743 212.472 12.801
3 16 -121.245 210.871 14.266 -123.235 211.615 14.010 -122.743 212.472 12.801
3 16 -121.245 210.871 14.266 -121.556 210.524 15.756 -123.235 211.615 14.010
3 16 -121.556 210.524 15.756 -123.564 211.275 15.497 -123.235 211.615 14.010
3 16 -121.556 210.524 15.756 -121.668 210.751 17.296 -123.564 211.275 15.497
3 16 -121.668 210.751 17.296 -123.679 211.503 17.037 -123.564 211.275 15.497
3 16 -121.668 210.751 17.296 -121.562 211.515 18.653 -123.679 211.503 17.037
3 16 -121.562 211.515 18.653 -123.564 212.263 18.394 -123.679 211.503 17.037
3 16 -121.562 211.515 18.653 -121.256 212.702 19.619 -123.564 212.263 18.394
3 16 -121.256 212.702 19.619 -123.235 213.442 19.364 -123.564 212.263 18.394
3 16 -121.256 212.702 19.619 -120.795 214.131 20.047 -123.235 213.442 19.364
3 16 -120.795 214.131 20.047 -122.743 214.858 19.797 -123.235 213.442 19.364
3 16 -120.795 214.131 20.047 -120.250 215.583 19.873 -122.743 214.858 19.797
3 16 -120.250 215.583 19.873 -122.162 216.297 19.627 -122.743 214.858 19.797
3 16 -120.250 215.583 19.873 -119.704 216.838 19.123 -122.162 216.297 19.627
3 16 -119.704 216.838 19.123 -121.582 217.539 18.882 -122.162 216.297 19.627
3 16 -119.704 216.838 19.123 -119.240 217.705 17.911 -121.582 217.539 18.882
3 16 -119.240 217.705 17.911 -121.090 218.396 17.674 -121.582 217.539 18.882
3 16 -119.240 217.705 17.911 -118.929 218.051 16.422 -121.090 218.396 17.674
3 16 -118.929 218.051 16.422 -120.761 218.736 16.186 -121.090 218.396 17.674
3 16 -118.929 218.051 16.422 -118.818 217.825 14.882 -120.761 218.736 16.186
3 16 -118.818 217.825 14.882 -120.646 218.509 14.647 -120.761 218.736 16.186
3 16 -118.818 217.825 14.882 -118.923 217.060 13.525 -120.646 218.509 14.647
3 16 -118.923 217.060 13.525 -120.762 217.748 13.289 -120.646 218.509 14.647
3 16 -117.070 216.418 13.750 -117.354 215.223 12.787 -118.923 217.060 13.525
3 16 -117.354 215.223 12.787 -119.230 215.874 12.559 -118.923 217.060 13.525
3 16 -117.354 215.223 12.787 -117.782 213.784 12.362 -119.230 215.874 12.559
3 16 -117.782 213.784 12.362 -119.690 214.445 12.130 -119.230 215.874 12.559
3 16 -117.782 213.784 12.362 -118.291 212.319 12.541 -119.690 214.445 12.130
3 16 -118.291 212.319 12.541 -120.235 212.993 12.304 -119.690 214.445 12.130
3 16 -118.291 212.319 12.541 -118.801 211.052 13.295 -120.235 212.993 12.304
3 16 -118.801 211.052 13.295 -120.781 211.738 13.054 -120.235 212.993 12.304
3 16 -118.801 211.052 13.295 -119.236 210.175 14.511 -120.781 211.738 13.054
3 16 -119.236 210.175 14.511 -121.245 210.871 14.266 -120.781 211.738 13.054
3 16 -119.236 210.175 14.511 -119.530 209.822 16.003 -121.245 210.871 14.266
3 16 -119.530 209.822 16.003 -121.556 210.524 15.756 -121.245 210.871 14.266
3 16 -119.530 209.822 16.003 -119.637 210.047 17.543 -121.556 210.524 15.756
3 16 -119.637 210.047 17.543 -121.668 210.751 17.296 -121.556 210.524 15.756
3 16 -119.637 210.047 17.543 -119.541 210.816 18.899 -121.668 210.751 17.296
3 16 -119.541 210.816 18.899 -121.562 211.515 18.653 -121.668 210.751 17.296
3 16 -119.541 210.816 18.899 -119.257 212.010 19.862 -121.562 211.515 18.653
3 16 -119.257 212.010 19.862 -121.256 212.702 19.619 -121.562 211.515 18.653
3 16 -119.257 212.010 19.862 -118.828 213.450 20.287 -121.256 212.702 19.619
3 16 -118.828 213.450 20.287 -120.795 214.131 20.047 -121.256 212.702 19.619
3 16 -118.828 213.450 20.287 -118.319 214.914 20.108 -120.795 214.131 20.047
3 16 -118.319 214.914 20.108 -120.250 215.583 19.873 -120.795 214.131 20.047
3 16 -118.319 214.914 20.108 -117.809 216.182 19.353 -120.250 215.583 19.873
3 16 -117.809 216.182 19.353 -119.704 216.838 19.123 -120.250 215.583 19.873
3 16 -117.809 216.182 19.353 -117.374 217.058 18.138 -119.704 216.838 19.123
3 16 -117.374 217.058 18.138 -119.240 217.705 17.911 -119.704 216.838 19.123
3 16 -117.374 217.058 18.138 -117.080 217.411 16.646 -119.240 217.705 17.911
3 16 -117.080 217.411 16.646 -118.929 218.051 16.422 -119.240 217.705 17.911
3 16 -117.080 217.411 16.646 -116.974 217.186 15.105 -118.929 218.051 16.422
3 16 -116.974 217.186 15.105 -118.818 217.825 14.882 -118.929 218.051 16.422
3 16 -116.974 217.186 15.105 -117.070 216.418 13.750 -118.818 217.825 14.882
3 16 -117.070 216.418 13.750 -118.923 217.060 13.525 -118.818 217.825 14.882
3 16 -115.199 215.820 13.964 -115.460 214.618 13.003 -117.070 216.418 13.750
3 16 -115.460 214.618 13.003 -117.354 215.223 12.787 -117.070 216.418 13.750
3 16 -115.460 214.618 13.003 -115.857 213.169 12.582 -117.354 215.223 12.787
3 16 -115.857 213.169 12.582 -117.782 213.784 12.362 -117.354 215.223 12.787
3 16 -115.857 213.169 12.582 -116.329 211.692 12.765 -117.782 213.784 12.362
3 16 -116.329 211.692 12.765 -118.291 212.319 12.541 -117.782 213.784 12.362
3 16 -116.329 211.692 12.765 -116.804 210.414 13.524 -118.291 212.319 12.541
3 16 -116.804 210.414 13.524 -118.801 211.052 13.295 -118.291 212.319 12.541
3 16 -116.804 210.414 13.524 -117.210 209.528 14.743 -118.801 211.052 13.295
3 16 -117.210 209.528 14.743 -119.236 210.175 14.511 -118.801 211.052 13.295
3 16 -117.210 209.528 14.743 -117.485 209.170 16.237 -119.236 210.175 14.511
3 16 -117.485 209.170 16.237 -119.530 209.822 16.003 -119.236 210.175 14.511
3 16 -117.485 209.170 16.237 -117.588 209.393 17.778 -119.530 209.822 16.003
3 16 -117.588 209.393 17.778 -119.637 210.047 17.543 -119.530 209.822 16.003
3 16 -117.588 209.393 17.778 -117.502 210.165 19.132 -119.637 210.047 17.543
3 16 -117.502 210.165 19.132 -119.541 210.816 18.899 -119.637 210.047 17.543
3 16 -117.502 210.165 19.132 -117.241 211.367 20.093 -119.541 210.816 18.899
3 16 -117.241 211.367 20.093 -119.257 212.010 19.862 -119.541 210.816 18.899
3 16 -117.241 211.367 20.093 -116.844 212.817 20.513 -119.257 212.010 19.862
3 16 -116.844 212.817 20.513 -118.828 213.450 20.287 -119.257 212.010 19.862
3 16 -116.844 212.817 20.513 -116.372 214.293 20.331 -118.828 213.450 20.287
3 16 -116.372 214.293 20.331 -118.319 214.914 20.108 -118.828 213.450 20.287
3 16 -116.372 214.293 20.331 -115.897 215.571 19.572 -118.319 214.914 20.108
3 16 -115.897 215.571 19.572 -117.809 216.182 19.353 -118.319 214.914 20.108
3 16 -115.897 215.571 19.572 -115.490 216.457 18.353 -117.809 216.182 19.353
3 16 -115.490 216.457 18.353 -117.374 217.058 18.138 -117.809 216.182 19.353
3 16 -115.490 216.457 18.353 -115.215 216.816 16.859 -117.374 217.058 18.138
3 16 -115.215 216.816 16.859 -117.080 217.411 16.646 -117.374 217.058 18.138
3 16 -115.215 216.816 16.859 -115.113 216.592 15.318 -117.080 217.411 16.646
3 16 -115.113 216.592 15.318 -116.974 217.186 15.105 -117.080 217.411 16.646
3 16 -115.113 216.592 15.318 -115.199 215.820 13.964 -116.974 217.186 15.105
3 16 -115.199 215.820 13.964 -117.070 216.418 13.750 -116.974 217.186 15.105
3 16 -113.313 215.268 14.166 -113.552 214.059 13.208 -115.199 215.820 13.964
3 16 -113.552 214.059 13.208 -115.460 214.618 13.003 -115.199 215.820 13.964
3 16 -113.552 214.059 13.208 -113.916 212.600 12.791 -115.460 214.618 13.003
3 16 -113.916 212.600 12.791 -115.857 213.169 12.582 -115.460 214.618 13.003
3 16 -113.916 212.600 12.791 -114.351 211.113 12.978 -115.857 213.169 12.582
3 16 -114.351 211.113 12.978 -116.329 211.692 12.765 -115.857 213.169 12.582
3 16 -114.351 211.113 12.978 -114.791 209.824 13.740 -116.329 211.692 12.765
3 16 -114.791 209.824 13.740 -116.804 210.414 13.524 -116.329 211.692 12.765
3 16 -114.791 209.824 13.740 -115.167 208.930 14.963 -116.804 210.414 13.524
3 16 -115.167 208.930 14.963 -117.210 209.528 14.743 -116.804 210.414 13.524
3 16 -115.167 208.930 14.963 -115.424 208.566 16.459 -117.210 209.528 14.743
3 16 -115.424 208.566 16.459 -117.485 209.170 16.237 -117.210 209.528 14.743
3 16 -115.424 208.566 16.459 -115.522 208.789 18.000 -117.485 209.170 16.237
3 16 -115.522 208.789 18.000 -117.588 209.393 17.778 -117.485 209.170 16.237
3 16 -115.522 208.789 18.000 -115.445 209.563 19.353 -117.588 209.393 17.778
3 16 -115.445 209.563 19.353 -117.502 210.165 19.132 -117.588 209.393 17.778
3 16 -115.445 209.563 19.353 -115.207 210.772 20.311 -117.502 210.165 19.132
3 16 -115.207 210.772 20.311 -117.241 211.367 20.093 -117.502 210.165 19.132
3 16 -115.207 210.772 20.311 -114.842 212.231 20.728 -117.241 211.367 20.093
3 16 -114.842 212.231 20.728 -116.844 212.817 20.513 -117.241 211.367 20.093
3 16 -114.842 212.231 20.728 -114.407 213.718 20.541 -116.844 212.817 20.513
3 16 -114.407 213.718 20.541 -116.372 214.293 20.331 -116.844 212.817 20.513
3 16 -114.407 213.718 20.541 -113.968 215.007 19.778 -116.372 214.293 20.331
3 16 -113.968 215.007 19.778 -115.897 215.571 19.572 -116.372 214.293 20.331
3 16 -113.968 215.007 19.778 -113.591 215.902 18.556 -115.897 215.571 19.572
3 16 -113.591 215.902 18.556 -115.490 216.457 18.353 -115.897 215.571 19.572
3 16 -113.591 215.902 18.556 -113.334 216.265 17.060 -115.490 216.457 18.353
3 16 -113.334 216.265 17.060 -115.215 216.816 16.859 -115.490 216.457 18.353
3 16 -113.334 216.265 17.060 -113.237 216.043 15.518 -115.215 216.816 16.859
3 16 -113.237 216.043 15.518 -115.113 216.592 15.318 -115.215 216.816 16.859
3 16 -113.237 216.043 15.518 -113.313 215.268 14.166 -115.113 216.592 15.318
3 16 -113.313 215.268 14.166 -115.199 215.820 13.964 -115.113 216.592 15.318
3 16 -111.415 214.762 14.355 -111.630 213.547 13.400 -113.313 215.268 14.166
3 16 -111.630 213.547 13.400 -113.552 214.059 13.208 -113.313 215.268 14.166
3 16 -111.630 213.547 13.400 -111.962 212.079 12.986 -113.552 214.059 13.208
3 16 -111.962 212.079 12.986 -113.916 212.600 12.791 -113.552 214.059 13.208
3 16 -111.962 212.079 12.986 -112.360 210.582 13.177 -113.916 212.600 12.791
3 16 -112.360 210.582 13.177 -114.351 211.113 12.978 -113.916 212.600 12.791
3 16 -112.360 210.582 13.177 -112.763 209.284 13.944 -114.351 211.113 12.978
3 16 -112.763 209.284 13.944 -114.791 209.824 13.740 -114.351 211.113 12.978
3 16 -112.763 209.284 13.944 -113.110 208.382 15.169 -114.791 209.824 13.740
3 16 -113.110 208.382 15.169 -115.167 208.930 14.963 -114.791 209.824 13.740
3 16 -113.110 208.382 15.169 -113.348 208.013 16.667 -115.167 208.930 14.963
3 16 -113.348 208.013 16.667 -115.424 208.566 16.459 -115.167 208.930 14.963
3 16 -113.348 208.013 16.667 -113.441 208.235 18.209 -115.424 208.566 16.459
3 16 -113.441 208.235 18.209 -115.522 208.789 18.000 -115.424 208.566 16.459
3 16 -113.441 208.235 18.209 -113.374 209.012 19.561 -115.522 208.789 18.000
3 16 -113.374 209.012 19.561 -115.445 209.563 19.353 -115.522 208.789 18.000
3 16 -113.374 209.012 19.561 -113.159 210.227 20.516 -115.445 209.563 19.353
3 16 -113.159 210.227 20.516 -115.207 210.772 20.311 -115.445 209.563 19.353
3 16 -113.159 210.227 20.516 -112.827 211.695 20.930 -115.207 210.772 20.311
3 16 -112.827 211.695 20.930 -114.842 212.231 20.728 -115.207 210.772 20.311
3 16 -112.827 211.695 20.930 -112.429 213.192 20.739 -114.842 212.231 20.728
3 16 -112.429 213.192 20.739 -114.407 213.718 20.541 -114.842 212.231 20.728
3 16 -112.429 213.192 20.739 -112.026 214.490 19.972 -114.407 213.718 20.541
3 16 -112.026 214.490 19.972 -113.968 215.007 19.778 -114.407 213.718 20.541
3 16 -112.026 214.490 19.972 -111.679 215.392 18.747 -113.968 215.007 19.778
3 16 -111.679 215.392 18.747 -113.591 215.902 18.556 -113.968 215.007 19.778
3 16 -111.679 215.392 18.747 -111.441 215.761 17.249 -113.591 215.902 18.556
3 16 -111.441 215.761 17.249 -113.334 216.265 17.060 -113.591 215.902 18.556
3 16 -111.441 215.761 17.249 -111.348 215.539 15.707 -113.334 216.265 17.060
3 16 -111.348 215.539 15.707 -113.237 216.043 15.518 -113.334 216.265 17.060
3 16 -111.348 215.539 15.707 -111.415 214.762 14.355 -113.237 216.043 15.518
3 16 -111.415 214.762 14.355 -113.313 215.268 14.166 -113.237 216.043 15.518
3 16 -109.503 214.302 14.533 -109.695 213.081 13.579 -111.415 214.762 14.355
3 16 -109.695 213.081 13.579 -111.630 213.547 13.400 -111.415 214.762 14.355
3 16 -109.695 213.081 13.579 -109.995 211.605 13.169 -111.630 213.547 13.400
3 16 -109.995 211.605 13.169 -111.962 212.079 12.986 -111.630 213.547 13.400
3 16 -109.995 211.605 13.169 -110.355 210.099 13.363 -111.962 212.079 12.986
3 16 -110.355 210.099 13.363 -112.360 210.582 13.177 -111.962 212.079 12.986
3 16 -110.355 210.099 13.363 -110.722 208.792 14.134 -112.360 210.582 13.177
3 16 -110.722 208.792 14.134 -112.763 209.284 13.944 -112.360 210.582 13.177
3 16 -110.722 208.792 14.134 -111.038 207.883 15.362 -112.763 209.284 13.944
3 16 -111.038 207.883 15.362 -113.110 208.382 15.169 -112.763 209.284 13.944
3 16 -111.038 207.883 15.362 -111.257 207.510 16.862 -113.110 208.382 15.169
3 16 -111.257 207.510 16.862 -113.348 208.013 16.667 -113.110 208.382 15.169
3 16 -111.257 207.510 16.862 -111.345 207.731 18.404 -113.348 208.013 16.667
3 16 -111.345 207.731 18.404 -113.441 208.235 18.209 -113.348 208.013 16.667
3 16 -111.345 207.731 18.404 -111.288 208.510 19.755 -113.441 208.235 18.209
3 16 -111.288 208.510 19.755 -113.374 209.012 19.561 -113.441 208.235 18.209
3 16 -111.288 208.510 19.755 -111.095 209.731 20.708 -113.374 209.012 19.561
3 16 -111.095 209.731 20.708 -113.159 210.227 20.516 -113.374 209.012 19.561
3 16 -111.095 209.731 20.708 -110.796 211.207 21.119 -113.159 210.227 20.516
3 16 -110.796 211.207 21.119 -112.827 211.695 20.930 -113.159 210.227 20.516
3 16 -110.796 211.207 21.119 -110.435 212.713 20.924 -112.827 211.695 20.930
3 16 -110.435 212.713 20.924 -112.429 213.192 20.739 -112.827 211.695 20.930
3 16 -110.435 212.713 20.924 -110.069 214.020 20.154 -112.429 213.192 20.739
3 16 -110.069 214.020 20.154 -112.026 214.490 19.972 -112.429 213.192 20.739
3 16 -110.069 214.020 20.154 -109.752 214.929 18.925 -112.026 214.490 19.972
3 16 -109.752 214.929 18.925 -111.679 215.392 18.747 -112.026 214.490 19.972
3 16 -109.752 214.929 18.925 -109.533 215.302 17.426 -111.679 215.392 18.747
3 16 -109.533 215.302 17.426 -111.441 215.761 17.249 -111.679 215.392 18.747
3 16 -109.533 215.302 17.426 -109.446 215.082 15.883 -111.441 215.761 17.249
3 16 -109.446 215.082 15.883 -111.348 215.539 15.707 -111.441 215.761 17.249
3 16 -109.446 215.082 15.883 -109.503 214.302 14.533 -111.348 215.539 15.707
3 16 -109.503 214.302 14.533 -111.415 214.762 14.355 -111.348 215.539 15.707
3 16 -107.580 213.888 14.697 -107.750 212.662 13.746 -109.503 214.302 14.533
3 16 -107.750 212.662 13.746 -109.695 213.081 13.579 -109.503 214.302 14.533
3 16 -107.750 212.662 13.746 -108.017 211.179 13.338 -109.695 213.081 13.579
3 16 -108.017 211.179 13.338 -109.995 211.605 13.169 -109.695 213.081 13.579
3 16 -108.017 211.179 13.338 -108.339 209.665 13.536 -109.995 211.605 13.169
3 16 -108.339 209.665 13.536 -110.355 210.099 13.363 -109.995 211.605 13.169
3 16 -108.339 209.665 13.536 -108.669 208.350 14.310 -110.355 210.099 13.363
3 16 -108.669 208.350 14.310 -110.722 208.792 14.134 -110.355 210.099 13.363
3 16 -108.669 208.350 14.310 -108.955 207.435 15.541 -110.722 208.792 14.134
3 16 -108.955 207.435 15.541 -111.038 207.883 15.362 -110.722 208.792 14.134
3 16 -108.955 207.435 15.541 -109.154 207.058 17.042 -111.038 207.883 15.362
3 16 -109.154 207.058 17.042 -111.257 207.510 16.862 -111.038 207.883 15.362
3 16 -109.154 207.058 17.042 -109.236 207.277 18.585 -111.257 207.510 16.862
3 16 -109.236 207.277 18.585 -111.345 207.731 18.404 -111.257 207.510 16.862
3 16 -109.236 207.277 18.585 -109.189 208.060 19.935 -111.345 207.731 18.404
3 16 -109.189 208.060 19.935 -111.288 208.510 19.755 -111.345 207.731 18.404
3 16 -109.189 208.060 19.935 -109.019 209.285 20.886 -111.288 208.510 19.755
3 16 -109.019 209.285 20.886 -111.095 209.731 20.708 -111.288 208.510 19.755
3 16 -109.019 209.285 20.886 -108.753 210.768 21.294 -111.095 209.731 20.708
3 16 -108.753 210.768 21.294 -110.796 211.207 21.119 -111.095 209.731 20.708
3 16 -108.753 210.768 21.294 -108.430 212.282 21.096 -110.796 211.207 21.119
3 16 -108.430 212.282 21.096 -110.435 212.713 20.924 -110.796 211.207 21.119
3 16 -108.430 212.282 21.096 -108.101 213.597 20.322 -110.435 212.713 20.924
3 16 -108.101 213.597 20.322 -110.069 214.020 20.154 -110.435 212.713 20.924
3 16 -108.101 213.597 20.322 -107.814 214.513 19.091 -110.069 214.020 20.154
3 16 -107.814 214.513 19.091 -109.752 214.929 18.925 -110.069 214.020 20.154
3 16 -107.814 214.513 19.091 -107.615 214.890 17.590 -109.752 214.929 18.925
3 16 -107.615 214.890 17.590 -109.533 215.302 17.426 -109.752 214.929 18.925
3 16 -107.615 214.890 17.590 -107.533 214.670 16.047 -109.533 215.302 17.426
3 16 -107.533 214.670 16.047 -109.446 215.082 15.883 -109.533 215.302 17.426
3 16 -107.533 214.670 16.047 -107.580 213.888 14.697 -109.446 215.082 15.883
3 16 -107.580 213.888 14.697 -109.503 214.302 14.533 -109.446 215.082 15.883
3 16 -105.647 213.521 14.848 -105.793 212.291 13.899 -107.580 213.888 14.697
3 16 -105.793 212.291 13.899 -107.750 212.662 13.746 -107.580 213.888 14.697
3 16 -105.793 212.291 13.899 -106.027 210.802 13.494 -107.750 212.662 13.746
3 16 -106.027 210.802 13.494 -108.017 211.179 13.338 -107.750 212.662 13.746
3 16 -106.027 210.802 13.494 -106.311 209.280 13.696 -108.017 211.179 13.338
3 16 -106.311 209.280 13.696 -108.339 209.665 13.536 -108.017 211.179 13.338
3 16 -106.311 209.280 13.696 -106.604 207.958 14.472 -108.339 209.665 13.536
3 16 -106.604 207.958 14.472 -108.669 208.350 14.310 -108.339 209.665 13.536
3 16 -106.604 207.958 14.472 -106.859 207.037 15.706 -108.669 208.350 14.310
3 16 -106.859 207.037 15.706 -108.955 207.435 15.541 -108.669 208.350 14.310
3 16 -106.859 207.037 15.706 -107.039 206.657 17.209 -108.955 207.435 15.541
3 16 -107.039 206.657 17.209 -109.154 207.058 17.042 -108.955 207.435 15.541
3 16 -107.039 206.657 17.209 -107.116 206.876 18.752 -109.154 207.058 17.042
3 16 -107.116 206.876 18.752 -109.236 207.277 18.585 -109.154 207.058 17.042
3 16 -107.116 206.876 18.752 -107.078 207.660 20.101 -109.236 207.277 18.585
3 16 -107.078 207.660 20.101 -109.189 208.060 19.935 -109.236 207.277 18.585
3 16 -107.078 207.660 20.101 -106.932 208.890 21.050 -109.189 208.060 19.935
3 16 -106.932 208.890 21.050 -109.019 209.285 20.886 -109.189 208.060 19.935
3 16 -106.932 208.890 21.050 -106.698 210.379 21.455 -109.019 209.285 20.886
3 16 -106.698 210.379 21.455 -108.753 210.768 21.294 -109.019 209.285 20.886
3 16 -106.698 210.379 21.455 -106.414 211.900 21.254 -108.753 210.768 21.294
3 16 -106.414 211.900 21.254 -108.430 212.282 21.096 -108.753 210.768 21.294
3 16 -106.414 211.900 21.254 -106.121 213.222 20.477 -108.430 212.282 21.096
3 16 -106.121 213.222 20.477 -108.101 213.597 20.322 -108.430 212.282 21.096
3 16 -106.121 213.222 20.477 -105.866 214.143 19.244 -108.101 213.597 20.322
3 16 -105.866 214.143 19.244 -107.814 214.513 19.091 -108.101 213.597 20.322
3 16 -105.866 214.143 19.244 -105.686 214.524 17.741 -107.814 214.513 19.091
3 16 -105.686 214.524 17.741 -107.615 214.890 17.590 -107.814 214.513 19.091
3 16 -105.686 214.524 17.741 -105.609 214.305 16.197 -107.615 214.890 17.590
3 16 -105.609 214.305 16.197 -107.533 214.670 16.047 -107.615 214.890 17.590
3 16 -105.609 214.305 16.197 -105.647 213.521 14.848 -107.533 214.670 16.047
3 16 -105.647 213.521 14.848 -107.580 213.888 14.697 -107.533 214.670 16.047
3 16 -103.704 213.201 14.986 -103.828 211.967 14.039 -105.647 213.521 14.848
3 16 -103.828 211.967 14.039 -105.793 212.291 13.899 -105.647 213.521 14.848
3 16 -103.828 211.967 14.039 -104.028 210.472 13.637 -105.793 212.291 13.899
3 16 -104.028 210.472 13.637 -106.027 210.802 13.494 -105.793 212.291 13.899
3 16 -104.028 210.472 13.637 -104.275 208.945 13.841 -106.027 210.802 13.494
3 16 -104.275 208.945 13.841 -106.311 209.280 13.696 -106.027 210.802 13.494
3 16 -104.275 208.945 13.841 -104.529 207.617 14.620 -106.311 209.280 13.696
3 16 -104.529 207.617 14.620 -106.604 207.958 14.472 -106.311 209.280 13.696
3 16 -104.529 207.617 14.620 -104.754 206.690 15.856 -106.604 207.958 14.472
3 16 -104.754 206.690 15.856 -106.859 207.037 15.706 -106.604 207.958 14.472
3 16 -104.754 206.690 15.856 -104.914 206.307 17.361 -106.859 207.037 15.706
3 16 -104.914 206.307 17.361 -107.039 206.657 17.209 -106.859 207.037 15.706
3 16 -104.914 206.307 17.361 -104.985 206.525 18.905 -107.039 206.657 17.209
3 16 -104.985 206.525 18.905 -107.116 206.876 18.752 -107.039 206.657 17.209
3 16 -104.985 206.525 18.905 -104.957 207.311 20.253 -107.116 206.876 18.752
3 16 -104.957 207.311 20.253 -107.078 207.660 20.101 -107.116 206.876 18.752
3 16 -104.957 207.311 20.253 -104.833 208.545 21.200 -107.078 207.660 20.101
3 16 -104.833 208.545 21.200 -106.932 208.890 21.050 -107.078 207.660 20.101
3 16 -104.833 208.545 21.200 -104.633 210.039 21.602 -106.932 208.890 21.050
3 16 -104.633 210.039 21.602 -106.698 210.379 21.455 -106.932 208.890 21.050
3 16 -104.633 210.039 21.602 -104.386 211.567 21.398 -106.698 210.379 21.455
3 16 -104.386 211.567 21.398 -106.414 211.900 21.254 -106.698 210.379 21.455
3 16 -104.386 211.567 21.398 -104.132 212.895 20.619 -106.414 211.900 21.254
3 16 -104.132 212.895 20.619 -106.121 213.222 20.477 -106.414 211.900 21.254
3 16 -104.132 212.895 20.619 -103.907 213.821 19.383 -106.121 213.222 20.477
3 16 -103.907 213.821 19.383 -105.866 214.143 19.244 -106.121 213.222 20.477
3 16 -103.907 213.821 19.383 -103.747 214.205 17.878 -105.866 214.143 19.244
3 16 -103.747 214.205 17.878 -105.686 214.524 17.741 -105.866 214.143 19.244
3 16 -103.747 214.205 17.878 -103.676 213.987 16.335 -105.686 214.524 17.741
3 16 -103.676 213.987 16.335 -105.609 214.305 16.197 -105.686 214.524 17.741
3 16 -103.676 213.987 16.335 -103.704 213.201 14.986 -105.609 214.305 16.197
3 16 -103.704 213.201 14.986 -105.647 213.521 14.848 -105.609 214.305 16.197
3 16 -101.754 212.928 15.111 -101.855 211.690 14.165 -103.704 213.201 14.986
3 16 -101.855 211.690 14.165 -103.828 211.967 14.039 -103.704 213.201 14.986
3 16 -101.855 211.690 14.165 -102.022 210.191 13.765 -103.828 211.967 14.039
3 16 -102.022 210.191 13.765 -104.028 210.472 13.637 -103.828 211.967 14.039
3 16 -102.022 210.191 13.765 -102.230 208.658 13.972 -104.028 210.472 13.637
3 16 -102.230 208.658 13.972 -104.275 208.945 13.841 -104.028 210.472 13.637
3 16 -102.230 208.658 13.972 -102.447 207.325 14.754 -104.275 208.945 13.841
3 16 -102.447 207.325 14.754 -104.529 207.617 14.620 -104.275 208.945 13.841
3 16 -102.447 207.325 14.754 -102.640 206.395 15.992 -104.529 207.617 14.620
3 16 -102.640 206.395 15.992 -104.754 206.690 15.856 -104.529 207.617 14.620
3 16 -102.640 206.395 15.992 -102.781 206.009 17.498 -104.754 206.690 15.856
3 16 -102.781 206.009 17.498 -104.914 206.307 17.361 -104.754 206.690 15.856
3 16 -102.781 206.009 17.498 -102.846 206.226 19.042 -104.914 206.307 17.361
3 16 -102.846 206.226 19.042 -104.985 206.525 18.905 -104.914 206.307 17.361
3 16 -102.846 206.226 19.042 -102.827 207.013 20.389 -104.985 206.525 18.905
3 16 -102.827 207.013 20.389 -104.957 207.311 20.253 -104.985 206.525 18.905
3 16 -102.827 207.013 20.389 -102.726 208.251 21.335 -104.957 207.311 20.253
3 16 -102.726 208.251 21.335 -104.833 208.545 21.200 -104.957 207.311 20.253
3 16 -102.726 208.251 21.335 -102.559 209.750 21.735 -104.833 208.545 21.200
3 16 -102.559 209.750 21.735 -104.633 210.039 21.602 -104.833 208.545 21.200
3 16 -102.559 209.750 21.735 -102.352 211.283 21.528 -104.633 210.039 21.602
3 16 -102.352 211.283 21.528 -104.386 211.567 21.398 -104.633 210.039 21.602
3 16 -102.352 211.283 21.528 -102.134 212.616 20.746 -104.386 211.567 21.398
3 16 -102.134 212.616 20.746 -104.132 212.895 20.619 -104.386 211.567 21.398
3 16 -102.134 212.616 20.746 -101.941 213.547 19.508 -104.132 212.895 20.619
3 16 -101.941 213.547 19.508 -103.907 213.821 19.383 -104.132 212.895 20.619
3 16 -101.941 213.547 19.508 -101.801 213.933 18.002 -103.907 213.821 19.383
3 16 -101.801 213.933 18.002 -103.747 214.205 17.878 -103.907 213.821 19.383
3 16 -101.801 213.933 18.002 -101.735 213.715 16.458 -103.747 214.205 17.878
3 16 -101.735 213.715 16.458 -103.676 213.987 16.335 -103.747 214.205 17.878
3 16 -101.735 213.715 16.458 -101.754 212.928 15.111 -103.676 213.987 16.335
3 16 -101.754 212.928 15.111 -103.704 213.201 14.986 -103.676 213.987 16.335
3 16 -99.797 212.702 15.221 -99.874 211.462 14.277 -101.754 212.928 15.111
3 16 -99.874 211.462 14.277 -101.855 211.690 14.165 -101.754 212.928 15.111
3 16 -99.874 211.462 14.277 -100.008 209.959 13.879 -101.855 211.690 14.165
3 16 -100.008 209.959 13.879 -102.022 210.191 13.765 -101.855 211.690 14.165
3 16 -100.008 209.959 13.879 -100.178 208.421 14.089 -102.022 210.191 13.765
3 16 -100.178 208.421 14.089 -102.230 208.658 13.972 -102.022 210.191 13.765
3 16 -100.178 208.421 14.089 -100.357 207.084 14.873 -102.230 208.658 13.972
3 16 -100.357 207.084 14.873 -102.447 207.325 14.754 -102.230 208.658 13.972
3 16 -100.357 207.084 14.873 -100.519 206.150 16.113 -102.447 207.325 14.754
3 16 -100.519 206.150 16.113 -102.640 206.395 15.992 -102.447 207.325 14.754
3 16 -100.519 206.150 16.113 -100.639 205.762 17.620 -102.640 206.395 15.992
3 16 -100.639 205.762 17.620 -102.781 206.009 17.498 -102.640 206.395 15.992
3 16 -100.639 205.762 17.620 -100.698 205.979 19.164 -102.781 206.009 17.498
3 16 -100.698 205.979 19.164 -102.846 206.226 19.042 -102.781 206.009 17.498
3 16 -100.698 205.979 19.164 -100.689 206.767 20.511 -102.846 206.226 19.042
3 16 -100.689 206.767 20.511 -102.827 207.013 20.389 -102.846 206.226 19.042
3 16 -100.689 206.767 20.511 -100.611 208.008 21.455 -102.827 207.013 20.389
3 16 -100.611 208.008 21.455 -102.726 208.251 21.335 -102.827 207.013 20.389
3 16 -100.611 208.008 21.455 -100.478 209.511 21.853 -102.726 208.251 21.335
3 16 -100.478 209.511 21.853 -102.559 209.750 21.735 -102.726 208.251 21.335
3 16 -100.478 209.511 21.853 -100.308 211.048 21.644 -102.559 209.750 21.735
3 16 -100.308 211.048 21.644 -102.352 211.283 21.528 -102.559 209.750 21.735
3 16 -100.308 211.048 21.644 -100.129 212.386 20.860 -102.352 211.283 21.528
3 16 -100.129 212.386 20.860 -102.134 212.616 20.746 -102.352 211.283 21.528
3 16 -100.129 212.386 20.860 -99.967 213.319 19.620 -102.134 212.616 20.746
3 16 -99.967 213.319 19.620 -101.941 213.547 19.508 -102.134 212.616 20.746
3 16 -99.967 213.319 19.620 -99.847 213.707 18.113 -101.941 213.547 19.508
3 16 -99.847 213.707 18.113 -101.801 213.933 18.002 -101.941 213.547 19.508
3 16 -99.847 213.707 18.113 -99.787 213.491 16.568 -101.801 213.933 18.002
3 16 -99.787 213.491 16.568 -101.735 213.715 16.458 -101.801 213.933 18.002
3 16 -99.787 213.491 16.568 -99.797 212.702 15.221 -101.735 213.715 16.458
3 16 -99.797 212.702 15.221 -101.754 212.928 15.111 -101.735 213.715 16.458
3 16 -97.835 212.524 15.318 -97.890 211.281 14.375 -99.797 212.702 15.221
3 16 -97.890 211.281 14.375 -99.874 211.462 14.277 -99.797 212.702 15.221
3 16 -97.890 211.281 14.375 -97.990 209.775 13.979 -99.874 211.462 14.277
3 16 -97.990 209.775 13.979 -100.008 209.959 13.879 -99.874 211.462 14.277
3 16 -97.990 209.775 13.979 -98.121 208.234 14.190 -100.008 209.959 13.879
3 16 -98.121 208.234 14.190 -100.178 208.421 14.089 -100.008 209.959 13.879
3 16 -98.121 208.234 14.190 -98.262 206.893 14.977 -100.178 208.421 14.089
3 16 -98.262 206.893 14.977 -100.357 207.084 14.873 -100.178 208.421 14.089
3 16 -98.262 206.893 14.977 -98.392 205.957 16.218 -100.357 207.084 14.873
3 16 -98.392 205.957 16.218 -100.519 206.150 16.113 -100.357 207.084 14.873
3 16 -98.392 205.957 16.218 -98.492 205.567 17.726 -100.519 206.150 16.113
3 16 -98.492 205.567 17.726 -100.639 205.762 17.620 -100.519 206.150 16.113
3 16 -98.492 205.567 17.726 -98.545 205.784 19.271 -100.639 205.762 17.620
3 16 -98.545 205.784 19.271 -100.698 205.979 19.164 -100.639 205.762 17.620
3 16 -98.545 205.784 19.271 -98.545 206.573 20.617 -100.698 205.979 19.164
3 16 -98.545 206.573 20.617 -100.689 206.767 20.511 -100.698 205.979 19.164
3 16 -98.545 206.573 20.617 -98.490 207.816 21.560 -100.689 206.767 20.511
3 16 -98.490 207.816 21.560 -100.611 208.008 21.455 -100.689 206.767 20.511
3 16 -98.490 207.816 21.560 -98.390 209.322 21.956 -100.611 208.008 21.455
3 16 -98.390 209.322 21.956 -100.478 209.511 21.853 -100.611 208.008 21.455
3 16 -98.390 209.322 21.956 -98.260 210.863 21.745 -100.478 209.511 21.853
3 16 -98.260 210.863 21.745 -100.308 211.048 21.644 -100.478 209.511 21.853
3 16 -98.260 210.863 21.745 -98.119 212.204 20.959 -100.308 211.048 21.644
3 16 -98.119 212.204 20.959 -100.129 212.386 20.860 -100.308 211.048 21.644
3 16 -98.119 212.204 20.959 -97.988 213.140 19.717 -100.129 212.386 20.860
3 16 -97.988 213.140 19.717 -99.967 213.319 19.620 -100.129 212.386 20.860
3 16 -97.988 213.140 19.717 -97.889 213.530 18.209 -99.967 213.319 19.620
3 16 -97.889 213.530 18.209 -99.847 213.707 18.113 -99.967 213.319 19.620
3 16 -97.889 213.530 18.209 -97.835 213.313 16.664 -99.847 213.707 18.113
3 16 -97.835 213.313 16.664 -99.787 213.491 16.568 -99.847 213.707 18.113
3 16 -97.835 213.313 16.664 -97.835 212.524 15.318 -99.787 213.491 16.568
3 16 -97.835 212.524 15.318 -99.797 212.702 15.221 -99.787 213.491 16.568
3 16 -95.868 212.393 15.400 -95.900 211.149 14.459 -97.835 212.524 15.318
3 16 -95.900 211.149 14.459 -97.890 211.281 14.375 -97.835 212.524 15.318
3 16 -95.900 211.149 14.459 -95.966 209.640 14.064 -97.890 211.281 14.375
3 16 -95.966 209.640 14.064 -97.990 209.775 13.979 -97.890 211.281 14.375
3 16 -95.966 209.640 14.064 -96.058 208.097 14.277 -97.990 209.775 13.979
3 16 -96.058 208.097 14.277 -98.121 208.234 14.190 -97.990 209.775 13.979
3 16 -96.058 208.097 14.277 -96.161 206.754 15.065 -98.121 208.234 14.190
3 16 -96.161 206.754 15.065 -98.262 206.893 14.977 -98.121 208.234 14.190
3 16 -96.161 206.754 15.065 -96.260 205.815 16.309 -98.262 206.893 14.977
3 16 -96.260 205.815 16.309 -98.392 205.957 16.218 -98.262 206.893 14.977
3 16 -96.260 205.815 16.309 -96.339 205.424 17.818 -98.392 205.957 16.218
3 16 -96.339 205.424 17.818 -98.492 205.567 17.726 -98.392 205.957 16.218
3 16 -96.339 205.424 17.818 -96.387 205.641 19.362 -98.492 205.567 17.726
3 16 -96.387 205.641 19.362 -98.545 205.784 19.271 -98.492 205.567 17.726
3 16 -96.387 205.641 19.362 -96.396 206.431 20.708 -98.545 205.784 19.271
3 16 -96.396 206.431 20.708 -98.545 206.573 20.617 -98.545 205.784 19.271
3 16 -96.396 206.431 20.708 -96.364 207.675 21.650 -98.545 206.573 20.617
3 16 -96.364 207.675 21.650 -98.490 207.816 21.560 -98.545 206.573 20.617
3 16 -96.364 207.675 21.650 -96.298 209.184 22.044 -98.490 207.816 21.560
3 16 -96.298 209.184 22.044 -98.390 209.322 21.956 -98.490 207.816 21.560
3 16 -96.298 209.184 22.044 -96.206 210.727 21.831 -98.390 209.322 21.956
3 16 -96.206 210.727 21.831 -98.260 210.863 21.745 -98.390 209.322 21.956
3 16 -96.206 210.727 21.831 -96.103 212.070 21.043 -98.260 210.863 21.745
3 16 -96.103 212.070 21.043 -98.119 212.204 20.959 -98.260 210.863 21.745
3 16 -96.103 212.070 21.043 -96.004 213.009 19.800 -98.119 212.204 20.959
3 16 -96.004 213.009 19.800 -97.988 213.140 19.717 -98.119 212.204 20.959
3 16 -96.004 213.009 19.800 -95.925 213.400 18.291 -97.988 213.140 19.717
3 16 -95.925 213.400 18.291 -97.889 213.530 18.209 -97.988 213.140 19.717
3 16 -95.925 213.400 18.291 -95.877 213.183 16.746 -97.889 213.530 18.209
3 16 -95.877 213.183 16.746 -97.835 213.313 16.664 -97.889 213.530 18.209
3 16 -95.877 213.183 16.746 -95.868 212.393 15.400 -97.835 213.313 16.664
3 16 -95.868 212.393 15.400 -97.835 212.524 15.318 -97.835 213.313 16.664
3 16 -93.899 212.310 15.468 -93.907 211.065 14.528 -95.868 212.393 15.400
3 16 -93.907 211.065 14.528 -95.900 211.149 14.459 -95.868 212.393 15.400
3 16 -93.907 211.065 14.528 -93.940 209.555 14.135 -95.900 211.149 14.459
3 16 -93.940 209.555 14.135 -95.966 209.640 14.064 -95.900 211.149 14.459
3 16 -93.940 209.555 14.135 -93.993 208.010 14.349 -95.966 209.640 14.064
3 16 -93.993 208.010 14.349 -96.058 208.097 14.277 -95.966 209.640 14.064
3 16 -93.993 208.010 14.349 -94.058 206.665 15.139 -96.058 208.097 14.277
3 16 -94.058 206.665 15.139 -96.161 206.754 15.065 -96.058 208.097 14.277
3 16 -94.058 206.665 15.139 -94.125 205.725 16.383 -96.161 206.754 15.065
3 16 -94.125 205.725 16.383 -96.260 205.815 16.309 -96.161 206.754 15.065
3 16 -94.125 205.725 16.383 -94.184 205.334 17.893 -96.260 205.815 16.309
3 16 -94.184 205.334 17.893 -96.339 205.424 17.818 -96.260 205.815 16.309
3 16 -94.184 205.334 17.893 -94.225 205.550 19.438 -96.339 205.424 17.818
3 16 -94.225 205.550 19.438 -96.387 205.641 19.362 -96.339 205.424 17.818
3 16 -94.225 205.550 19.438 -94.243 206.340 20.783 -96.387 205.641 19.362
3 16 -94.243 206.340 20.783 -96.396 206.431 20.708 -96.387 205.641 19.362
3 16 -94.243 206.340 20.783 -94.235 207.586 21.724 -96.396 206.431 20.708
3 16 -94.235 207.586 21.724 -96.364 207.675 21.650 -96.396 206.431 20.708
3 16 -94.235 207.586 21.724 -94.202 209.096 22.117 -96.364 207.675 21.650
3 16 -94.202 209.096 22.117 -96.298 209.184 22.044 -96.364 207.675 21.650
3 16 -94.202 209.096 22.117 -94.148 210.641 21.903 -96.298 209.184 22.044
3 16 -94.148 210.641 21.903 -96.206 210.727 21.831 -96.298 209.184 22.044
3 16 -94.148 210.641 21.903 -94.084 211.985 21.113 -96.206 210.727 21.831
3 16 -94.084 211.985 21.113 -96.103 212.070 21.043 -96.206 210.727 21.831
3 16 -94.084 211.985 21.113 -94.017 212.925 19.869 -96.103 212.070 21.043
3 16 -94.017 212.925 19.869 -96.004 213.009 19.800 -96.103 212.070 21.043
3 16 -94.017 212.925 19.869 -93.958 213.317 18.359 -96.004 213.009 19.800
3 16 -93.958 213.317 18.359 -95.925 213.400 18.291 -96.004 213.009 19.800
3 16 -93.958 213.317 18.359 -93.917 213.101 16.814 -95.925 213.400 18.291
3 16 -93.917 213.101 16.814 -95.877 213.183 16.746 -95.925 213.400 18.291
3 16 -93.917 213.101 16.814 -93.899 212.310 15.468 -95.877 213.183 16.746
3 16 -93.899 212.310 15.468 -95.868 212.393 15.400 -95.877 213.183 16.746
3 16 -91.928 212.274 15.522 -91.913 211.028 14.582 -93.899 212.310 15.468
3 16 -91.913 211.028 14.582 -93.907 211.065 14.528 -93.899 212.310 15.468
3 16 -91.913 211.028 14.582 -91.912 209.518 14.190 -93.907 211.065 14.528
3 16 -91.912 209.518 14.190 -93.940 209.555 14.135 -93.907 211.065 14.528
3 16 -91.912 209.518 14.190 -91.927 207.972 14.406 -93.940 209.555 14.135
3 16 -91.927 207.972 14.406 -93.993 208.010 14.349 -93.940 209.555 14.135
3 16 -91.927 207.972 14.406 -91.953 206.627 15.197 -93.993 208.010 14.349
3 16 -91.953 206.627 15.197 -94.058 206.665 15.139 -93.993 208.010 14.349
3 16 -91.953 206.627 15.197 -91.988 205.687 16.442 -94.058 206.665 15.139
3 16 -91.988 205.687 16.442 -94.125 205.725 16.383 -94.058 206.665 15.139
3 16 -91.988 205.687 16.442 -92.026 205.295 17.952 -94.125 205.725 16.383
3 16 -92.026 205.295 17.952 -94.184 205.334 17.893 -94.125 205.725 16.383
3 16 -92.026 205.295 17.952 -92.061 205.511 19.498 -94.184 205.334 17.893
3 16 -92.061 205.511 19.498 -94.225 205.550 19.438 -94.184 205.334 17.893
3 16 -92.061 205.511 19.498 -92.089 206.302 20.843 -94.225 205.550 19.438
3 16 -92.089 206.302 20.843 -94.243 206.340 20.783 -94.225 205.550 19.438
3 16 -92.089 206.302 20.843 -92.103 207.548 21.783 -94.243 206.340 20.783
3 16 -92.103 207.548 21.783 -94.235 207.586 21.724 -94.243 206.340 20.783
3 16 -92.103 207.548 21.783 -92.104 209.059 22.175 -94.235 207.586 21.724
3 16 -92.104 209.059 22.175 -94.202 209.096 22.117 -94.235 207.586 21.724
3 16 -92.104 209.059 22.175 -92.090 210.604 21.959 -94.202 209.096 22.117
3 16 -92.090 210.604 21.959 -94.148 210.641 21.903 -94.202 209.096 22.117
3 16 -92.090 210.604 21.959 -92.063 211.950 21.168 -94.148 210.641 21.903
3 16 -92.063 211.950 21.168 -94.084 211.985 21.113 -94.148 210.641 21.903
3 16 -92.063 211.950 21.168 -92.028 212.890 19.923 -94.084 211.985 21.113
3 16 -92.028 212.890 19.923 -94.017 212.925 19.869 -94.084 211.985 21.113
3 16 -92.028 212.890 19.923 -91.990 213.281 18.412 -94.017 212.925 19.869
3 16 -91.990 213.281 18.412 -93.958 213.317 18.359 -94.017 212.925 19.869
3 16 -91.990 213.281 18.412 -91.955 213.065 16.867 -93.958 213.317 18.359
3 16 -91.955 213.065 16.867 -93.917 213.101 16.814 -93.958 213.317 18.359
3 16 -91.955 213.065 16.867 -91.928 212.274 15.522 -93.917 213.101 16.814
3 16 -91.928 212.274 15.522 -93.899 212.310 15.468 -93.917 213.101 16.814
3 16 -89.955 212.286 15.561 -89.917 211.040 14.622 -91.928 212.274 15.522
3 16 -89.917 211.040 14.622 -91.913 211.028 14.582 -91.928 212.274 15.522
3 16 -89.917 211.040 14.622 -89.883 209.530 14.230 -91.913 211.028 14.582
3 16 -89.883 209.530 14.230 -91.912 209.518 14.190 -91.913 211.028 14.582
3 16 -89.883 209.530 14.230 -89.859 207.984 14.447 -91.912 209.518 14.190
3 16 -89.859 207.984 14.447 -91.927 207.972 14.406 -91.912 209.518 14.190
3 16 -89.859 207.984 14.447 -89.847 206.639 15.239 -91.927 207.972 14.406
3 16 -89.847 206.639 15.239 -91.953 206.627 15.197 -91.927 207.972 14.406
3 16 -89.847 206.639 15.239 -89.850 205.700 16.485 -91.953 206.627 15.197
3 16 -89.850 205.700 16.485 -91.988 205.687 16.442 -91.953 206.627 15.197
3 16 -89.850 205.700 16.485 -89.868 205.308 17.996 -91.988 205.687 16.442
3 16 -89.868 205.308 17.996 -92.026 205.295 17.952 -91.988 205.687 16.442
3 16 -89.868 205.308 17.996 -89.897 205.524 19.541 -92.026 205.295 17.952
3 16 -89.897 205.524 19.541 -92.061 205.511 19.498 -92.026 205.295 17.952
3 16 -89.897 205.524 19.541 -89.933 206.316 20.886 -92.061 205.511 19.498
3 16 -89.933 206.316 20.886 -92.089 206.302 20.843 -92.061 205.511 19.498
3 16 -89.933 206.316 20.886 -89.971 207.561 21.825 -92.089 206.302 20.843
3 16 -89.971 207.561 21.825 -92.103 207.548 21.783 -92.089 206.302 20.843
3 16 -89.971 207.561 21.825 -90.004 209.072 22.216 -92.103 207.548 21.783
3 16 -90.004 209.072 22.216 -92.104 209.059 22.175 -92.103 207.548 21.783
3 16 -90.004 209.072 22.216 -90.029 210.617 22.000 -92.104 209.059 22.175
3 16 -90.029 210.617 22.000 -92.090 210.604 21.959 -92.104 209.059 22.175
3 16 -90.029 210.617 22.000 -90.041 211.962 21.208 -92.090 210.604 21.959
3 16 -90.041 211.962 21.208 -92.063 211.950 21.168 -92.090 210.604 21.959
3 16 -90.041 211.962 21.208 -90.037 212.902 19.962 -92.063 211.950 21.168
3 16 -90.037 212.902 19.962 -92.028 212.890 19.923 -92.063 211.950 21.168
3 16 -90.037 212.902 19.962 -90.020 213.294 18.451 -92.028 212.890 19.923
3 16 -90.020 213.294 18.451 -91.990 213.281 18.412 -92.028 212.890 19.923
3 16 -90.020 213.294 18.451 -89.991 213.077 16.906 -91.990 213.281 18.412
3 16 -89.991 213.077 16.906 -91.955 213.065 16.867 -91.990 213.281 18.412
3 16 -89.991 213.077 16.906 -89.955 212.286 15.561 -91.955 213.065 16.867
3 16 -89.955 212.286 15.561 -91.928 212.274 15.522 -91.955 213.065 16.867
3 16 -87.984 212.345 15.585 -87.923 211.100 14.646 -89.955 212.286 15.561
3 16 -87.923 211.100 14.646 -89.917 211.040 14.622 -89.955 212.286 15.561
3 16 -87.923 211.100 14.646 -87.856 209.590 14.256 -89.917 211.040 14.622
3 16 -87.856 209.590 14.256 -89.883 209.530 14.230 -89.917 211.040 14.622
3 16 -87.856 209.590 14.256 -87.793 208.046 14.473 -89.883 209.530 14.230
3 16 -87.793 208.046 14.473 -89.859 207.984 14.447 -89.883 209.530 14.230
3 16 -87.793 208.046 14.473 -87.743 206.702 15.266 -89.859 207.984 14.447
3 16 -87.743 206.702 15.266 -89.847 206.639 15.239 -89.859 207.984 14.447
3 16 -87.743 206.702 15.266 -87.714 205.764 16.512 -89.847 206.639 15.239
3 16 -87.714 205.764 16.512 -89.850 205.700 16.485 -89.847 206.639 15.239
3 16 -87.714 205.764 16.512 -87.711 205.373 18.023 -89.850 205.700 16.485
3 16 -87.711 205.373 18.023 -89.868 205.308 17.996 -89.850 205.700 16.485
3 16 -87.711 205.373 18.023 -87.733 205.590 19.569 -89.868 205.308 17.996
3 16 -87.733 205.590 19.569 -89.897 205.524 19.541 -89.868 205.308 17.996
3 16 -87.733 205.590 19.569 -87.779 206.381 20.913 -89.897 205.524 19.541
3 16 -87.779 206.381 20.913 -89.933 206.316 20.886 -89.897 205.524 19.541
3 16 -87.779 206.381 20.913 -87.839 207.626 21.852 -89.933 206.316 20.886
3 16 -87.839 207.626 21.852 -89.971 207.561 21.825 -89.933 206.316 20.886
3 16 -87.839 207.626 21.852 -87.907 209.136 22.243 -89.971 207.561 21.825
3 16 -87.907 209.136 22.243 -90.004 209.072 22.216 -89.971 207.561 21.825
3 16 -87.907 209.136 22.243 -87.970 210.680 22.025 -90.004 209.072 22.216
3 16 -87.970 210.680 22.025 -90.029 210.617 22.000 -90.004 209.072 22.216
3 16 -87.970 210.680 22.025 -88.020 212.024 21.233 -90.029 210.617 22.000
3 16 -88.020 212.024 21.233 -90.041 211.962 21.208 -90.029 210.617 22.000
3 16 -88.020 212.024 21.233 -88.049 212.962 19.986 -90.041 211.962 21.208
3 16 -88.049 212.962 19.986 -90.037 212.902 19.962 -90.041 211.962 21.208
3 16 -88.049 212.962 19.986 -88.052 213.353 18.475 -90.037 212.902 19.962
3 16 -88.052 213.353 18.475 -90.020 213.294 18.451 -90.037 212.902 19.962
3 16 -88.052 213.353 18.475 -88.029 213.136 16.930 -90.020 213.294 18.451
3 16 -88.029 213.136 16.930 -89.991 213.077 16.906 -90.020 213.294 18.451
3 16 -88.029 213.136 16.930 -87.984 212.345 15.585 -89.991 213.077 16.906
3 16 -87.984 212.345 15.585 -89.955 212.286 15.561 -89.991 213.077 16.906
3 16 -86.014 212.452 15.595 -85.930 211.208 14.656 -87.984 212.345 15.585
3 16 -85.930 211.208 14.656 -87.923 211.100 14.646 -87.984 212.345 15.585
3 16 -85.930 211.208 14.656 -85.830 209.700 14.266 -87.923 211.100 14.646
3 16 -85.830 209.700 14.266 -87.856 209.590 14.256 -87.923 211.100 14.646
3 16 -85.830 209.700 14.266 -85.728 208.158 14.484 -87.856 209.590 14.256
3 16 -85.728 208.158 14.484 -87.793 208.046 14.473 -87.856 209.590 14.256
3 16 -85.728 208.158 14.484 -85.640 206.816 15.276 -87.793 208.046 14.473
3 16 -85.640 206.816 15.276 -87.743 206.702 15.266 -87.793 208.046 14.473
3 16 -85.640 206.816 15.276 -85.579 205.880 16.523 -87.743 206.702 15.266
3 16 -85.579 205.880 16.523 -87.714 205.764 16.512 -87.743 206.702 15.266
3 16 -85.579 205.880 16.523 -85.555 205.490 18.034 -87.714 205.764 16.512
3 16 -85.555 205.490 18.034 -87.711 205.373 18.023 -87.714 205.764 16.512
3 16 -85.555 205.490 18.034 -85.571 205.707 19.580 -87.711 205.373 18.023
3 16 -85.571 205.707 19.580 -87.733 205.590 19.569 -87.711 205.373 18.023
3 16 -85.571 205.707 19.580 -85.626 206.498 20.924 -87.733 205.590 19.569
3 16 -85.626 206.498 20.924 -87.779 206.381 20.913 -87.733 205.590 19.569
3 16 -85.626 206.498 20.924 -85.709 207.742 21.863 -87.779 206.381 20.913
3 16 -85.709 207.742 21.863 -87.839 207.626 21.852 -87.779 206.381 20.913
3 16 -85.709 207.742 21.863 -85.810 209.250 22.253 -87.839 207.626 21.852
3 16 -85.810 209.250 22.253 -87.907 209.136 22.243 -87.839 207.626 21.852
3 16 -85.810 209.250 22.253 -85.912 210.792 22.035 -87.907 209.136 22.243
3 16 -85.912 210.792 22.035 -87.970 210.680 22.025 -87.907 209.136 22.243
3 16 -85.912 210.792 22.035 -86.000 212.134 21.242 -87.970 210.680 22.025
3 16 -86.000 212.134 21.242 -88.020 212.024 21.233 -87.970 210.680 22.025
3 16 -86.000 212.134 21.242 -86.060 213.071 19.996 -88.020 212.024 21.233
3 16 -86.060 213.071 19.996 -88.049 212.962 19.986 -88.020 212.024 21.233
3 16 -86.060 213.071 19.996 -86.084 213.460 18.484 -88.049 212.962 19.986
3 16 -86.084 213.460 18.484 -88.052 213.353 18.475 -88.049 212.962 19.986
3 16 -86.084 213.460 18.484 -86.068 213.243 16.939 -88.052 213.353 18.475
3 16 -86.068 213.243 16.939 -88.029 213.136 16.930 -88.052 213.353 18.475
3 16 -86.068 213.243 16.939 -86.014 212.452 15.595 -88.029 213.136 16.930
3 16 -86.014 212.452 15.595 -87.984 212.345 15.585 -88.029 213.136 16.930
3 16 -84.048 212.606 15.589 -83.941 211.363 14.651 -86.014 212.452 15.595
3 16 -83.941 211.363 14.651 -85.930 211.208 14.656 -86.014 212.452 15.595
3 16 -83.941 211.363 14.651 -83.808 209.858 14.261 -85.930 211.208 14.656
3 16 -83.808 209.858 14.261 -85.830 209.700 14.266 -85.930 211.208 14.656
3 16 -83.808 209.858 14.261 -83.667 208.319 14.478 -85.830 209.700 14.266
3 16 -83.667 208.319 14.478 -85.728 208.158 14.484 -85.830 209.700 14.266
3 16 -83.667 208.319 14.478 -83.541 206.980 15.271 -85.728 208.158 14.484
3 16 -83.541 206.980 15.271 -85.640 206.816 15.276 -85.728 208.158 14.484
3 16 -83.541 206.980 15.271 -83.449 206.046 16.518 -85.640 206.816 15.276
3 16 -83.449 206.046 16.518 -85.579 205.880 16.523 -85.640 206.816 15.276
3 16 -83.449 206.046 16.518 -83.404 205.659 18.029 -85.579 205.880 16.523
3 16 -83.404 205.659 18.029 -85.555 205.490 18.034 -85.579 205.880 16.523
3 16 -83.404 205.659 18.029 -83.414 205.877 19.575 -85.555 205.490 18.034
3 16 -83.414 205.877 19.575 -85.571 205.707 19.580 -85.555 205.490 18.034
3 16 -83.414 205.877 19.575 -83.477 206.667 20.919 -85.571 205.707 19.580
3 16 -83.477 206.667 20.919 -85.626 206.498 20.924 -85.571 205.707 19.580
3 16 -83.477 206.667 20.919 -83.583 207.909 21.858 -85.626 206.498 20.924
3 16 -83.583 207.909 21.858 -85.709 207.742 21.863 -85.626 206.498 20.924
3 16 -83.583 207.909 21.858 -83.717 209.415 22.248 -85.709 207.742 21.863
3 16 -83.717 209.415 22.248 -85.810 209.250 22.253 -85.709 207.742 21.863
3 16 -83.717 209.415 22.248 -83.857 210.954 22.030 -85.810 209.250 22.253
3 16 -83.857 210.954 22.030 -85.912 210.792 22.035 -85.810 209.250 22.253
3 16 -83.857 210.954 22.030 -83.984 212.292 21.237 -85.912 210.792 22.035
3 16 -83.984 212.292 21.237 -86.000 212.134 21.242 -85.912 210.792 22.035
3 16 -83.984 212.292 21.237 -84.076 213.226 19.990 -86.000 212.134 21.242
3 16 -84.076 213.226 19.990 -86.060 213.071 19.996 -86.000 212.134 21.242
3 16 -84.076 213.226 19.990 -84.121 213.614 18.479 -86.060 213.071 19.996
3 16 -84.121 213.614 18.479 -86.084 213.460 18.484 -86.060 213.071 19.996
3 16 -84.121 213.614 18.479 -84.111 213.396 16.934 -86.084 213.460 18.484
3 16 -84.111 213.396 16.934 -86.068 213.243 16.939 -86.084 213.460 18.484
3 16 -84.111 213.396 16.934 -84.048 212.606 15.589 -86.068 213.243 16.939
3 16 -84.048 212.606 15.589 -86.014 212.452 15.595 -86.068 213.243 16.939
3 16 -82.085 212.807 15.569 -81.956 211.566 14.630 -84.048 212.606 15.589
3 16 -81.956 211.566 14.630 -83.941 211.363 14.651 -84.048 212.606 15.589
3 16 -81.956 211.566 14.630 -81.789 210.064 14.240 -83.941 211.363 14.651
3 16 -81.789 210.064 14.240 -83.808 209.858 14.261 -83.941 211.363 14.651
3 16 -81.789 210.064 14.240 -81.610 208.529 14.458 -83.808 209.858 14.261
3 16 -81.610 208.529 14.458 -83.667 208.319 14.478 -83.808 209.858 14.261
3 16 -81.610 208.529 14.458 -81.446 207.195 15.250 -83.667 208.319 14.478
3 16 -81.446 207.195 15.250 -83.541 206.980 15.271 -83.667 208.319 14.478
3 16 -81.446 207.195 15.250 -81.322 206.264 16.497 -83.541 206.980 15.271
3 16 -81.322 206.264 16.497 -83.449 206.046 16.518 -83.541 206.980 15.271
3 16 -81.322 206.264 16.497 -81.257 205.879 18.008 -83.449 206.046 16.518
3 16 -81.257 205.879 18.008 -83.404 205.659 18.029 -83.449 206.046 16.518
3 16 -81.257 205.879 18.008 -81.260 206.098 19.553 -83.404 205.659 18.029
3 16 -81.260 206.098 19.553 -83.414 205.877 19.575 -83.404 205.659 18.029
3 16 -81.260 206.098 19.553 -81.332 206.887 20.898 -83.414 205.877 19.575
3 16 -81.332 206.887 20.898 -83.477 206.667 20.919 -83.414 205.877 19.575
3 16 -81.332 206.887 20.898 -81.462 208.127 21.836 -83.477 206.667 20.919
3 16 -81.462 208.127 21.836 -83.583 207.909 21.858 -83.477 206.667 20.919
3 16 -81.462 208.127 21.836 -81.628 209.629 22.227 -83.583 207.909 21.858
3 16 -81.628 209.629 22.227 -83.717 209.415 22.248 -83.583 207.909 21.858
3 16 -81.628 209.629 22.227 -81.808 211.164 22.009 -83.717 209.415 22.248
3 16 -81.808 211.164 22.009 -83.857 210.954 22.030 -83.717 209.415 22.248
3 16 -81.808 211.164 22.009 -81.972 212.499 21.216 -83.857 210.954 22.030
3 16 -81.972 212.499 21.216 -83.984 212.292 21.237 -83.857 210.954 22.030
3 16 -81.972 212.499 21.216 -82.096 213.430 19.970 -83.984 212.292 21.237
3 16 -82.096 213.430 19.970 -84.076 213.226 19.990 -83.984 212.292 21.237
3 16 -82.096 213.430 19.970 -82.161 213.815 18.459 -84.076 213.226 19.990
3 16 -82.161 213.815 18.459 -84.121 213.614 18.479 -84.076 213.226 19.990
3 16 -82.161 213.815 18.459 -82.157 213.596 16.913 -84.121 213.614 18.479
3 16 -82.157 213.596 16.913 -84.111 213.396 16.934 -84.121 213.614 18.479
3 16 -82.157 213.596 16.913 -82.085 212.807 15.569 -84.111 213.396 16.934
3 16 -82.085 212.807 15.569 -84.048 212.606 15.589 -84.111 213.396 16.934
3 16 -80.128 213.055 15.534 -79.976 211.817 14.595 -82.085 212.807 15.569
3 16 -79.976 211.817 14.595 -81.956 211.566 14.630 -82.085 212.807 15.569
3 16 -79.976 211.817 14.595 -79.777 210.319 14.204 -81.956 211.566 14.630
3 16 -79.777 210.319 14.204 -81.789 210.064 14.240 -81.956 211.566 14.630
3 16 -79.777 210.319 14.204 -79.559 208.789 14.422 -81.789 210.064 14.240
3 16 -79.559 208.789 14.422 -81.610 208.529 14.458 -81.789 210.064 14.240
3 16 -79.559 208.789 14.422 -79.357 207.460 15.214 -81.610 208.529 14.458
3 16 -79.357 207.460 15.214 -81.446 207.195 15.250 -81.610 208.529 14.458
3 16 -79.357 207.460 15.214 -79.202 206.533 16.460 -81.446 207.195 15.250
3 16 -79.202 206.533 16.460 -81.322 206.264 16.497 -81.446 207.195 15.250
3 16 -79.202 206.533 16.460 -79.116 206.150 17.971 -81.322 206.264 16.497
3 16 -79.116 206.150 17.971 -81.257 205.879 18.008 -81.322 206.264 16.497
3 16 -79.116 206.150 17.971 -79.114 206.370 19.516 -81.257 205.879 18.008
3 16 -79.114 206.370 19.516 -81.260 206.098 19.553 -81.257 205.879 18.008
3 16 -79.114 206.370 19.516 -79.194 207.159 20.860 -81.260 206.098 19.553
3 16 -79.194 207.159 20.860 -81.332 206.887 20.898 -81.260 206.098 19.553
3 16 -79.194 207.159 20.860 -79.346 208.396 21.799 -81.332 206.887 20.898
3 16 -79.346 208.396 21.799 -81.462 208.127 21.836 -81.332 206.887 20.898
3 16 -79.346 208.396 21.799 -79.546 209.894 22.190 -81.462 208.127 21.836
3 16 -79.546 209.894 22.190 -81.628 209.629 22.227 -81.462 208.127 21.836
3 16 -79.546 209.894 22.190 -79.763 211.424 21.972 -81.628 209.629 22.227
3 16 -79.763 211.424 21.972 -81.808 211.164 22.009 -81.628 209.629 22.227
3 16 -79.763 211.424 21.972 -79.965 212.754 21.180 -81.808 211.164 22.009
3 16 -79.965 212.754 21.180 -81.972 212.499 21.216 -81.808 211.164 22.009
3 16 -79.965 212.754 21.180 -80.120 213.680 19.934 -81.972 212.499 21.216
3 16 -80.120 213.680 19.934 -82.096 213.430 19.970 -81.972 212.499 21.216
3 16 -80.120 213.680 19.934 -80.206 214.063 18.424 -82.096 213.430 19.970
3 16 -80.206 214.063 18.424 -82.161 213.815 18.459 -82.096 213.430 19.970
3 16 -80.206 214.063 18.424 -80.209 213.843 16.878 -82.161 213.815 18.459
3 16 -80.209 213.843 16.878 -82.157 213.596 16.913 -82.161 213.815 18.459
3 16 -80.209 213.843 16.878 -80.128 213.055 15.534 -82.157 213.596 16.913
3 16 -80.128 213.055 15.534 -82.085 212.807 15.569 -82.157 213.596 16.913
3 16 -78.178 213.349 15.484 -78.004 212.115 14.545 -80.128 213.055 15.534
3 16 -78.004 212.115 14.545 -79.976 211.817 14.595 -80.128 213.055 15.534
3 16 -78.004 212.115 14.545 -77.772 210.622 14.154 -79.976 211.817 14.595
3 16 -77.772 210.622 14.154 -79.777 210.319 14.204 -79.976 211.817 14.595
3 16 -77.772 210.622 14.154 -77.516 209.097 14.370 -79.777 210.319 14.204
3 16 -77.516 209.097 14.370 -79.559 208.789 14.422 -79.777 210.319 14.204
3 16 -77.516 209.097 14.370 -77.277 207.774 15.161 -79.559 208.789 14.422
3 16 -77.277 207.774 15.161 -79.357 207.460 15.214 -79.559 208.789 14.422
3 16 -77.277 207.774 15.161 -77.090 206.852 16.407 -79.357 207.460 15.214
3 16 -77.090 206.852 16.407 -79.202 206.533 16.460 -79.357 207.460 15.214
3 16 -77.090 206.852 16.407 -76.984 206.473 17.917 -79.202 206.533 16.460
3 16 -76.984 206.473 17.917 -79.116 206.150 17.971 -79.202 206.533 16.460
3 16 -76.984 206.473 17.917 -76.975 206.694 19.462 -79.116 206.150 17.971
3 16 -76.975 206.694 19.462 -79.114 206.370 19.516 -79.116 206.150 17.971
3 16 -76.975 206.694 19.462 -77.064 207.481 20.807 -79.114 206.370 19.516
3 16 -77.064 207.481 20.807 -79.194 207.159 20.860 -79.114 206.370 19.516
3 16 -77.064 207.481 20.807 -77.238 208.715 21.746 -79.194 207.159 20.860
3 16 -77.238 208.715 21.746 -79.346 208.396 21.799 -79.194 207.159 20.860
3 16 -77.238 208.715 21.746 -77.471 210.208 22.137 -79.346 208.396 21.799
3 16 -77.471 210.208 22.137 -79.546 209.894 22.190 -79.346 208.396 21.799
3 16 -77.471 210.208 22.137 -77.726 211.732 21.921 -79.546 209.894 22.190
3 16 -77.726 211.732 21.921 -79.763 211.424 21.972 -79.546 209.894 22.190
3 16 -77.726 211.732 21.921 -77.966 213.056 21.129 -79.763 211.424 21.972
3 16 -77.966 213.056 21.129 -79.965 212.754 21.180 -79.763 211.424 21.972
3 16 -77.966 213.056 21.129 -78.153 213.978 19.884 -79.965 212.754 21.180
3 16 -78.153 213.978 19.884 -80.120 213.680 19.934 -79.965 212.754 21.180
3 16 -78.153 213.978 19.884 -78.259 214.357 18.374 -80.120 213.680 19.934
3 16 -78.259 214.357 18.374 -80.206 214.063 18.424 -80.120 213.680 19.934
3 16 -78.259 214.357 18.374 -78.268 214.136 16.829 -80.206 214.063 18.424
3 16 -78.268 214.136 16.829 -80.209 213.843 16.878 -80.206 214.063 18.424
3 16 -78.268 214.136 16.829 -78.178 213.349 15.484 -80.209 213.843 16.878
3 16 -78.178 213.349 15.484 -80.128 213.055 15.534 -80.209 213.843 16.878
3 16 -76.235 213.690 15.420 -76.039 212.459 14.480 -78.178 213.349 15.484
3 16 -76.039 212.459 14.480 -78.004 212.115 14.545 -78.178 213.349 15.484
3 16 -76.039 212.459 14.480 -75.774 210.972 14.087 -78.004 212.115 14.545
3 16 -75.774 210.972 14.087 -77.772 210.622 14.154 -78.004 212.115 14.545
3 16 -75.774 210.972 14.087 -75.481 209.455 14.303 -77.772 210.622 14.154
3 16 -75.481 209.455 14.303 -77.516 209.097 14.370 -77.772 210.622 14.154
3 16 -75.481 209.455 14.303 -75.204 208.137 15.093 -77.516 209.097 14.370
3 16 -75.204 208.137 15.093 -77.277 207.774 15.161 -77.516 209.097 14.370
3 16 -75.204 208.137 15.093 -74.986 207.221 16.338 -77.277 207.774 15.161
3 16 -74.986 207.221 16.338 -77.090 206.852 16.407 -77.277 207.774 15.161
3 16 -74.986 207.221 16.338 -74.859 206.846 17.847 -77.090 206.852 16.407
3 16 -74.859 206.846 17.847 -76.984 206.473 17.917 -77.090 206.852 16.407
3 16 -74.859 206.846 17.847 -74.844 207.068 19.392 -76.984 206.473 17.917
3 16 -74.844 207.068 19.392 -76.975 206.694 19.462 -76.984 206.473 17.917
3 16 -74.844 207.068 19.392 -74.942 207.854 20.737 -76.975 206.694 19.462
3 16 -74.942 207.854 20.737 -77.064 207.481 20.807 -76.975 206.694 19.462
3 16 -74.942 207.854 20.737 -75.139 209.084 21.677 -77.064 207.481 20.807
3 16 -75.139 209.084 21.677 -77.238 208.715 21.746 -77.064 207.481 20.807
3 16 -75.139 209.084 21.677 -75.404 210.572 22.069 -77.238 208.715 21.746
3 16 -75.404 210.572 22.069 -77.471 210.208 22.137 -77.238 208.715 21.746
3 16 -75.404 210.572 22.069 -75.697 212.089 21.853 -77.471 210.208 22.137
3 16 -75.697 212.089 21.853 -77.726 211.732 21.921 -77.471 210.208 22.137
3 16 -75.697 212.089 21.853 -75.974 213.406 21.063 -77.726 211.732 21.921
3 16 -75.974 213.406 21.063 -77.966 213.056 21.129 -77.726 211.732 21.921
3 16 -75.974 213.406 21.063 -76.192 214.323 19.819 -77.966 213.056 21.129
3 16 -76.192 214.323 19.819 -78.153 213.978 19.884 -77.966 213.056 21.129
3 16 -76.192 214.323 19.819 -76.318 214.698 18.309 -78.153 213.978 19.884
3 16 -76.318 214.698 18.309 -78.259 214.357 18.374 -78.153 213.978 19.884
3 16 -76.318 214.698 18.309 -76.333 214.476 16.764 -78.259 214.357 18.374
3 16 -76.333 214.476 16.764 -78.268 214.136 16.829 -78.259 214.357 18.374
3 16 -76.333 214.476 16.764 -76.235 213.690 15.420 -78.268 214.136 16.829
3 16 -76.235 213.690 15.420 -78.178 213.349 15.484 -78.268 214.136 16.829
3 16 -74.302 214.077 15.340 -74.083 212.851 14.400 -76.235 213.690 15.420
3 16 -74.083 212.851 14.400 -76.039 212.459 14.480 -76.235 213.690 15.420
3 16 -74.083 212.851 14.400 -73.786 211.370 14.006 -76.039 212.459 14.480
3 16 -73.786 211.370 14.006 -75.774 210.972 14.087 -76.039 212.459 14.480
3 16 -73.786 211.370 14.006 -73.455 209.860 14.220 -75.774 210.972 14.087
3 16 -73.455 209.860 14.220 -75.481 209.455 14.303 -75.774 210.972 14.087
3 16 -73.455 209.860 14.220 -73.142 208.550 15.009 -75.481 209.455 14.303
3 16 -73.142 208.550 15.009 -75.204 208.137 15.093 -75.481 209.455 14.303
3 16 -73.142 208.550 15.009 -72.892 207.640 16.253 -75.204 208.137 15.093
3 16 -72.892 207.640 16.253 -74.986 207.221 16.338 -75.204 208.137 15.093
3 16 -72.892 207.640 16.253 -72.746 207.269 17.762 -74.986 207.221 16.338
3 16 -72.746 207.269 17.762 -74.859 206.846 17.847 -74.986 207.221 16.338
3 16 -72.746 207.269 17.762 -72.725 207.492 19.306 -74.859 206.846 17.847
3 16 -72.725 207.492 19.306 -74.844 207.068 19.392 -74.859 206.846 17.847
3 16 -72.725 207.492 19.306 -72.831 208.277 20.651 -74.844 207.068 19.392
3 16 -72.831 208.277 20.651 -74.942 207.854 20.737 -74.844 207.068 19.392
3 16 -72.831 208.277 20.651 -73.050 209.503 21.592 -74.942 207.854 20.737
3 16 -73.050 209.503 21.592 -75.139 209.084 21.677 -74.942 207.854 20.737
3 16 -73.050 209.503 21.592 -73.348 210.984 21.985 -75.139 209.084 21.677
3 16 -73.348 210.984 21.985 -75.404 210.572 22.069 -75.139 209.084 21.677
3 16 -73.348 210.984 21.985 -73.678 212.494 21.771 -75.404 210.572 22.069
3 16 -73.678 212.494 21.771 -75.697 212.089 21.853 -75.404 210.572 22.069
3 16 -73.678 212.494 21.771 -73.992 213.804 20.982 -75.697 212.089 21.853
3 16 -73.992 213.804 20.982 -75.974 213.406 21.063 -75.697 212.089 21.853
3 16 -73.992 213.804 20.982 -74.241 214.713 19.739 -75.974 213.406 21.063
3 16 -74.241 214.713 19.739 -76.192 214.323 19.819 -75.974 213.406 21.063
3 16 -74.241 214.713 19.739 -74.387 215.085 18.230 -76.192 214.323 19.819
3 16 -74.387 215.085 18.230 -76.318 214.698 18.309 -76.192 214.323 19.819
3 16 -74.387 215.085 18.230 -74.409 214.861 16.685 -76.318 214.698 18.309
3 16 -74.409 214.861 16.685 -76.333 214.476 16.764 -76.318 214.698 18.309
3 16 -74.409 214.861 16.685 -74.302 214.077 15.340 -76.333 214.476 16.764
3 16 -74.302 214.077 15.340 -76.235 213.690 15.420 -76.333 214.476 16.764
3 16 -72.379 214.509 15.247 -72.138 213.288 14.305 -74.302 214.077 15.340
3 16 -72.138 213.288 14.305 -74.083 212.851 14.400 -74.302 214.077 15.340
3 16 -72.138 213.288 14.305 -71.808 211.815 13.910 -74.083 212.851 14.400
3 16 -71.808 211.815 13.910 -73.786 211.370 14.006 -74.083 212.851 14.400
3 16 -71.808 211.815 13.910 -71.440 210.313 14.123 -73.786 211.370 14.006
3 16 -71.440 210.313 14.123 -73.455 209.860 14.220 -73.786 211.370 14.006
3 16 -71.440 210.313 14.123 -71.090 209.012 14.910 -73.455 209.860 14.220
3 16 -71.090 209.012 14.910 -73.142 208.550 15.009 -73.455 209.860 14.220
3 16 -71.090 209.012 14.910 -70.810 208.109 16.152 -73.142 208.550 15.009
3 16 -70.810 208.109 16.152 -72.892 207.640 16.253 -73.142 208.550 15.009
3 16 -70.810 208.109 16.152 -70.644 207.742 17.660 -72.892 207.640 16.253
3 16 -70.644 207.742 17.660 -72.746 207.269 17.762 -72.892 207.640 16.253
3 16 -70.644 207.742 17.660 -70.616 207.967 19.204 -72.746 207.269 17.762
3 16 -70.616 207.967 19.204 -72.725 207.492 19.306 -72.746 207.269 17.762
3 16 -70.616 207.967 19.204 -70.731 208.750 20.549 -72.725 207.492 19.306
3 16 -70.731 208.750 20.549 -72.831 208.277 20.651 -72.725 207.492 19.306
3 16 -70.731 208.750 20.549 -70.972 209.971 21.491 -72.831 208.277 20.651
3 16 -70.972 209.971 21.491 -73.050 209.503 21.592 -72.831 208.277 20.651
3 16 -70.972 209.971 21.491 -71.302 211.445 21.886 -73.050 209.503 21.592
3 16 -71.302 211.445 21.886 -73.348 210.984 21.985 -73.050 209.503 21.592
3 16 -71.302 211.445 21.886 -71.670 212.947 21.673 -73.348 210.984 21.985
3 16 -71.670 212.947 21.673 -73.678 212.494 21.771 -73.348 210.984 21.985
3 16 -71.670 212.947 21.673 -72.020 214.248 20.886 -73.678 212.494 21.771
3 16 -72.020 214.248 20.886 -73.992 213.804 20.982 -73.678 212.494 21.771
3 16 -72.020 214.248 20.886 -72.300 215.151 19.644 -73.992 213.804 20.982
3 16 -72.300 215.151 19.644 -74.241 214.713 19.739 -73.992 213.804 20.982
3 16 -72.300 215.151 19.644 -72.467 215.517 18.136 -74.241 214.713 19.739
3 16 -72.467 215.517 18.136 -74.387 215.085 18.230 -74.241 214.713 19.739
3 16 -72.467 215.517 18.136 -72.494 215.292 16.592 -74.387 215.085 18.230
3 16 -72.494 215.292 16.592 -74.409 214.861 16.685 -74.387 215.085 18.230
3 16 -72.494 215.292 16.592 -72.379 214.509 15.247 -74.409 214.861 16.685
3 16 -72.379 214.509 15.247 -74.302 214.077 15.340 -74.409 214.861 16.685
3 16 -70.466 214.988 15.138 -70.203 213.772 14.196 -72.379 214.509 15.247
3 16 -70.203 213.772 14.196 -72.138 213.288 14.305 -72.379 214.509 15.247
3 16 -70.203 213.772 14.196 -69.842 212.306 13.799 -72.138 213.288 14.305
3 16 -69.842 212.306 13.799 -71.808 211.815 13.910 -72.138 213.288 14.305
3 16 -69.842 212.306 13.799 -69.437 210.814 14.010 -71.808 211.815 13.910
3 16 -69.437 210.814 14.010 -71.440 210.313 14.123 -71.808 211.815 13.910
3 16 -69.437 210.814 14.010 -69.050 209.522 14.795 -71.440 210.313 14.123
3 16 -69.050 209.522 14.795 -71.090 209.012 14.910 -71.440 210.313 14.123
3 16 -69.050 209.522 14.795 -68.740 208.627 16.036 -71.090 209.012 14.910
3 16 -68.740 208.627 16.036 -70.810 208.109 16.152 -71.090 209.012 14.910
3 16 -68.740 208.627 16.036 -68.554 208.265 17.542 -70.810 208.109 16.152
3 16 -68.554 208.265 17.542 -70.644 207.742 17.660 -70.810 208.109 16.152
3 16 -68.554 208.265 17.542 -68.521 208.492 19.086 -70.644 207.742 17.660
3 16 -68.521 208.492 19.086 -70.616 207.967 19.204 -70.644 207.742 17.660
3 16 -68.521 208.492 19.086 -68.645 209.273 20.432 -70.616 207.967 19.204
3 16 -68.645 209.273 20.432 -70.731 208.750 20.549 -70.616 207.967 19.204
3 16 -68.645 209.273 20.432 -68.908 210.488 21.375 -70.731 208.750 20.549
3 16 -68.908 210.488 21.375 -70.972 209.971 21.491 -70.731 208.750 20.549
3 16 -68.908 210.488 21.375 -69.269 211.954 21.771 -70.972 209.971 21.491
3 16 -69.269 211.954 21.771 -71.302 211.445 21.886 -70.972 209.971 21.491
3 16 -69.269 211.954 21.771 -69.674 213.447 21.561 -71.302 211.445 21.886
3 16 -69.674 213.447 21.561 -71.670 212.947 21.673 -71.302 211.445 21.886
3 16 -69.674 213.447 21.561 -70.061 214.739 20.775 -71.670 212.947 21.673
3 16 -70.061 214.739 20.775 -72.020 214.248 20.886 -71.670 212.947 21.673
3 16 -70.061 214.739 20.775 -70.371 215.634 19.535 -72.020 214.248 20.886
3 16 -70.371 215.634 19.535 -72.300 215.151 19.644 -72.020 214.248 20.886
3 16 -70.371 215.634 19.535 -70.557 215.995 18.028 -72.300 215.151 19.644
3 16 -70.557 215.995 18.028 -72.467 215.517 18.136 -72.300 215.151 19.644
3 16 -70.557 215.995 18.028 -70.590 215.768 16.484 -72.467 215.517 18.136
3 16 -70.590 215.768 16.484 -72.494 215.292 16.592 -72.467 215.517 18.136
3 16 -70.590 215.768 16.484 -70.466 214.988 15.138 -72.494 215.292 16.592
3 16 -70.466 214.988 15.138 -72.379 214.509 15.247 -72.494 215.292 16.592
3 16 -68.567 215.511 15.016 -68.282 214.301 14.072 -70.466 214.988 15.138
3 16 -68.282 214.301 14.072 -70.203 213.772 14.196 -70.466 214.988 15.138
3 16 -68.282 214.301 14.072 -67.889 212.844 13.674 -70.203 213.772 14.196
3 16 -67.889 212.844 13.674 -69.842 212.306 13.799 -70.203 213.772 14.196
3 16 -67.889 212.844 13.674 -67.448 211.361 13.882 -69.842 212.306 13.799
3 16 -67.448 211.361 13.882 -69.437 210.814 14.010 -69.842 212.306 13.799
3 16 -67.448 211.361 13.882 -67.025 210.079 14.665 -69.437 210.814 14.010
3 16 -67.025 210.079 14.665 -69.050 209.522 14.795 -69.437 210.814 14.010
3 16 -67.025 210.079 14.665 -66.684 209.193 15.904 -69.050 209.522 14.795
3 16 -66.684 209.193 15.904 -68.740 208.627 16.036 -69.050 209.522 14.795
3 16 -66.684 209.193 15.904 -66.479 208.837 17.410 -68.740 208.627 16.036
3 16 -66.479 208.837 17.410 -68.554 208.265 17.542 -68.740 208.627 16.036
3 16 -66.479 208.837 17.410 -66.440 209.065 18.953 -68.554 208.265 17.542
3 16 -66.440 209.065 18.953 -68.521 208.492 19.086 -68.554 208.265 17.542
3 16 -66.440 209.065 18.953 -66.572 209.844 20.299 -68.521 208.492 19.086
3 16 -66.572 209.844 20.299 -68.645 209.273 20.432 -68.521 208.492 19.086
3 16 -66.572 209.844 20.299 -66.857 211.054 21.243 -68.645 209.273 20.432
3 16 -66.857 211.054 21.243 -68.908 210.488 21.375 -68.645 209.273 20.432
3 16 -66.857 211.054 21.243 -67.250 212.511 21.641 -68.908 210.488 21.375
3 16 -67.250 212.511 21.641 -69.269 211.954 21.771 -68.908 210.488 21.375
3 16 -67.250 212.511 21.641 -67.691 213.993 21.433 -69.269 211.954 21.771
3 16 -67.691 213.993 21.433 -69.674 213.447 21.561 -69.269 211.954 21.771
3 16 -67.691 213.993 21.433 -68.114 215.275 20.650 -69.674 213.447 21.561
3 16 -68.114 215.275 20.650 -70.061 214.739 20.775 -69.674 213.447 21.561
3 16 -68.114 215.275 20.650 -68.455 216.162 19.411 -70.061 214.739 20.775
3 16 -68.455 216.162 19.411 -70.371 215.634 19.535 -70.061 214.739 20.775
3 16 -68.455 216.162 19.411 -68.660 216.518 17.906 -70.371 215.634 19.535
3 16 -68.660 216.518 17.906 -70.557 215.995 18.028 -70.371 215.634 19.535
3 16 -68.660 216.518 17.906 -68.699 216.289 16.362 -70.557 215.995 18.028
3 16 -68.699 216.289 16.362 -70.590 215.768 16.484 -70.557 215.995 18.028
3 16 -68.699 216.289 16.362 -68.567 215.511 15.016 -70.590 215.768 16.484
3 16 -68.567 215.511 15.016 -70.466 214.988 15.138 -70.590 215.768 16.484
3 16 -66.680 216.079 14.879 -66.374 214.875 13.934 -68.567 215.511 15.016
3 16 -66.374 214.875 13.934 -68.282 214.301 14.072 -68.567 215.511 15.016
3 16 -66.374 214.875 13.934 -65.950 213.427 13.534 -68.282 214.301 14.072
3 16 -65.950 213.427 13.534 -67.889 212.844 13.674 -68.282 214.301 14.072
3 16 -65.950 213.427 13.534 -65.472 211.956 13.740 -67.889 212.844 13.674
3 16 -65.472 211.956 13.740 -67.448 211.361 13.882 -67.889 212.844 13.674
3 16 -65.472 211.956 13.740 -65.013 210.685 14.520 -67.448 211.361 13.882
3 16 -65.013 210.685 14.520 -67.025 210.079 14.665 -67.448 211.361 13.882
3 16 -65.013 210.685 14.520 -64.643 209.807 15.757 -67.025 210.079 14.665
3 16 -64.643 209.807 15.757 -66.684 209.193 15.904 -67.025 210.079 14.665
3 16 -64.643 209.807 15.757 -64.419 209.457 17.261 -66.684 209.193 15.904
3 16 -64.419 209.457 17.261 -66.479 208.837 17.410 -66.684 209.193 15.904
3 16 -64.419 209.457 17.261 -64.374 209.688 18.804 -66.479 208.837 17.410
3 16 -64.374 209.688 18.804 -66.440 209.065 18.953 -66.479 208.837 17.410
3 16 -64.374 209.688 18.804 -64.515 210.464 20.151 -66.440 209.065 18.953
3 16 -64.515 210.464 20.151 -66.572 209.844 20.299 -66.440 209.065 18.953
3 16 -64.515 210.464 20.151 -64.821 211.668 21.096 -66.572 209.844 20.299
3 16 -64.821 211.668 21.096 -66.857 211.054 21.243 -66.572 209.844 20.299
3 16 -64.821 211.668 21.096 -65.245 213.115 21.497 -66.857 211.054 21.243
3 16 -65.245 213.115 21.497 -67.250 212.511 21.641 -66.857 211.054 21.243
3 16 -65.245 213.115 21.497 -65.723 214.587 21.291 -67.250 212.511 21.641
3 16 -65.723 214.587 21.291 -67.691 213.993 21.433 -67.250 212.511 21.641
3 16 -65.723 214.587 21.291 -66.182 215.858 20.510 -67.691 213.993 21.433
3 16 -66.182 215.858 20.510 -68.114 215.275 20.650 -67.691 213.993 21.433
3 16 -66.182 215.858 20.510 -66.551 216.735 19.273 -68.114 215.275 20.650
3 16 -66.551 216.735 19.273 -68.455 216.162 19.411 -68.114 215.275 20.650
3 16 -66.551 216.735 19.273 -66.776 217.085 17.769 -68.455 216.162 19.411
3 16 -66.776 217.085 17.769 -68.660 216.518 17.906 -68.455 216.162 19.411
3 16 -66.776 217.085 17.769 -66.821 216.855 16.226 -68.660 216.518 17.906
3 16 -66.821 216.855 16.226 -68.699 216.289 16.362 -68.660 216.518 17.906
3 16 -66.821 216.855 16.226 -66.680 216.079 14.879 -68.699 216.289 16.362
3 16 -66.680 216.079 14.879 -68.567 215.511 15.016 -68.699 216.289 16.362
3 16 -64.809 216.690 14.729 -64.481 215.494 13.782 -66.680 216.079 14.879
3 16 -64.481 215.494 13.782 -66.374 214.875 13.934 -66.680 216.079 14.879
3 16 -64.481 215.494 13.782 -64.026 214.056 13.380 -66.374 214.875 13.934
3 16 -64.026 214.056 13.380 -65.950 213.427 13.534 -66.374 214.875 13.934
3 16 -64.026 214.056 13.380 -63.512 212.597 13.583 -65.950 213.427 13.534
3 16 -63.512 212.597 13.583 -65.472 211.956 13.740 -65.950 213.427 13.534
3 16 -63.512 212.597 13.583 -63.018 211.337 14.361 -65.472 211.956 13.740
3 16 -63.018 211.337 14.361 -65.013 210.685 14.520 -65.472 211.956 13.740
3 16 -63.018 211.337 14.361 -62.619 210.469 15.595 -65.013 210.685 14.520
3 16 -62.619 210.469 15.595 -64.643 209.807 15.757 -65.013 210.685 14.520
3 16 -62.619 210.469 15.595 -62.376 210.126 17.098 -64.643 209.807 15.757
3 16 -62.376 210.126 17.098 -64.419 209.457 17.261 -64.643 209.807 15.757
3 16 -62.376 210.126 17.098 -62.325 210.358 18.640 -64.419 209.457 17.261
3 16 -62.325 210.358 18.640 -64.374 209.688 18.804 -64.419 209.457 17.261
3 16 -62.325 210.358 18.640 -62.475 211.132 19.988 -64.374 209.688 18.804
3 16 -62.475 211.132 19.988 -64.515 210.464 20.151 -64.374 209.688 18.804
3 16 -62.475 211.132 19.988 -62.802 212.328 20.935 -64.515 210.464 20.151
3 16 -62.802 212.328 20.935 -64.821 211.668 21.096 -64.515 210.464 20.151
3 16 -62.802 212.328 20.935 -63.257 213.766 21.337 -64.821 211.668 21.096
3 16 -63.257 213.766 21.337 -65.245 213.115 21.497 -64.821 211.668 21.096
3 16 -63.257 213.766 21.337 -63.771 215.226 21.134 -65.245 213.115 21.497
3 16 -63.771 215.226 21.134 -65.723 214.587 21.291 -65.245 213.115 21.497
3 16 -63.771 215.226 21.134 -64.265 216.485 20.356 -65.723 214.587 21.291
3 16 -64.265 216.485 20.356 -66.182 215.858 20.510 -65.723 214.587 21.291
3 16 -64.265 216.485 20.356 -64.664 217.353 19.122 -66.182 215.858 20.510
3 16 -64.664 217.353 19.122 -66.551 216.735 19.273 -66.182 215.858 20.510
3 16 -64.664 217.353 19.122 -64.907 217.696 17.619 -66.551 216.735 19.273
3 16 -64.907 217.696 17.619 -66.776 217.085 17.769 -66.551 216.735 19.273
3 16 -64.907 217.696 17.619 -64.958 217.464 16.076 -66.776 217.085 17.769
3 16 -64.958 217.464 16.076 -66.821 216.855 16.226 -66.776 217.085 17.769
3 16 -64.958 217.464 16.076 -64.809 216.690 14.729 -66.821 216.855 16.226
3 16 -64.809 216.690 14.729 -66.680 216.079 14.879 -66.821 216.855 16.226
3 16 -62.952 217.346 14.565 -62.604 216.157 13.616 -64.809 216.690 14.729
3 16 -62.604 216.157 13.616 -64.481 215.494 13.782 -64.809 216.690 14.729
3 16 -62.604 216.157 13.616 -62.118 214.730 13.211 -64.481 215.494 13.782
3 16 -62.118 214.730 13.211 -64.026 214.056 13.380 -64.481 215.494 13.782
3 16 -62.118 214.730 13.211 -61.569 213.283 13.411 -64.026 214.056 13.380
3 16 -61.569 213.283 13.411 -63.512 212.597 13.583 -64.026 214.056 13.380
3 16 -61.569 213.283 13.411 -61.040 212.036 14.186 -63.512 212.597 13.583
3 16 -61.040 212.036 14.186 -63.018 211.337 14.361 -63.512 212.597 13.583
3 16 -61.040 212.036 14.186 -60.611 211.179 15.418 -63.018 211.337 14.361
3 16 -60.611 211.179 15.418 -62.619 210.469 15.595 -63.018 211.337 14.361
3 16 -60.611 211.179 15.418 -60.349 210.842 16.920 -62.619 210.469 15.595
3 16 -60.349 210.842 16.920 -62.376 210.126 17.098 -62.619 210.469 15.595
3 16 -60.349 210.842 16.920 -60.293 211.076 18.462 -62.376 210.126 17.098
3 16 -60.293 211.076 18.462 -62.325 210.358 18.640 -62.376 210.126 17.098
3 16 -60.293 211.076 18.462 -60.451 211.847 19.809 -62.325 210.358 18.640
3 16 -60.451 211.847 19.809 -62.475 211.132 19.988 -62.325 210.358 18.640
3 16 -60.451 211.847 19.809 -60.800 213.036 20.758 -62.475 211.132 19.988
3 16 -60.800 213.036 20.758 -62.802 212.328 20.935 -62.475 211.132 19.988
3 16 -60.800 213.036 20.758 -61.286 214.463 21.163 -62.802 212.328 20.935
3 16 -61.286 214.463 21.163 -63.257 213.766 21.337 -62.802 212.328 20.935
3 16 -61.286 214.463 21.163 -61.835 215.910 20.963 -63.257 213.766 21.337
3 16 -61.835 215.910 20.963 -63.771 215.226 21.134 -63.257 213.766 21.337
3 16 -61.835 215.910 20.963 -62.364 217.157 20.188 -63.771 215.226 21.134
3 16 -62.364 217.157 20.188 -64.265 216.485 20.356 -63.771 215.226 21.134
3 16 -62.364 217.157 20.188 -62.792 218.015 18.956 -64.265 216.485 20.356
3 16 -62.792 218.015 18.956 -64.664 217.353 19.122 -64.265 216.485 20.356
3 16 -62.792 218.015 18.956 -63.054 218.352 17.455 -64.664 217.353 19.122
3 16 -63.054 218.352 17.455 -64.907 217.696 17.619 -64.664 217.353 19.122
3 16 -63.054 218.352 17.455 -63.110 218.117 15.913 -64.907 217.696 17.619
3 16 -63.110 218.117 15.913 -64.958 217.464 16.076 -64.907 217.696 17.619
3 16 -63.110 218.117 15.913 -62.952 217.346 14.565 -64.958 217.464 16.076
3 16 -62.952 217.346 14.565 -64.809 216.690 14.729 -64.958 217.464 16.076
3 16 -61.112 218.045 14.387 -60.742 216.864 13.437 -62.952 217.346 14.565
3 16 -60.742 216.864 13.437 -62.604 216.157 13.616 -62.952 217.346 14.565
3 16 -60.742 216.864 13.437 -60.226 215.449 13.029 -62.604 216.157 13.616
3 16 -60.226 215.449 13.029 -62.118 214.730 13.211 -62.604 216.157 13.616
3 16 -60.226 215.449 13.029 -59.642 214.015 13.226 -62.118 214.730 13.211
3 16 -59.642 214.015 13.226 -61.569 213.283 13.411 -62.118 214.730 13.211
3 16 -59.642 214.015 13.226 -59.079 212.781 13.998 -61.569 213.283 13.411
3 16 -59.079 212.781 13.998 -61.040 212.036 14.186 -61.569 213.283 13.411
3 16 -59.079 212.781 13.998 -58.623 211.934 15.227 -61.040 212.036 14.186
3 16 -58.623 211.934 15.227 -60.611 211.179 15.418 -61.040 212.036 14.186
3 16 -58.623 211.934 15.227 -58.343 211.604 16.727 -60.611 211.179 15.418
3 16 -58.343 211.604 16.727 -60.349 210.842 16.920 -60.611 211.179 15.418
3 16 -58.343 211.604 16.727 -58.281 211.841 18.268 -60.349 210.842 16.920
3 16 -58.281 211.841 18.268 -60.293 211.076 18.462 -60.349 210.842 16.920
3 16 -58.281 211.841 18.268 -58.448 212.609 19.617 -60.293 211.076 18.462
3 16 -58.448 212.609 19.617 -60.451 211.847 19.809 -60.293 211.076 18.462
3 16 -58.448 212.609 19.617 -58.818 213.790 20.567 -60.451 211.847 19.809
3 16 -58.818 213.790 20.567 -60.800 213.036 20.758 -60.451 211.847 19.809
3 16 -58.818 213.790 20.567 -59.334 215.205 20.975 -60.800 213.036 20.758
3 16 -59.334 215.205 20.975 -61.286 214.463 21.163 -60.800 213.036 20.758
3 16 -59.334 215.205 20.975 -59.918 216.639 20.778 -61.286 214.463 21.163
3 16 -59.918 216.639 20.778 -61.835 215.910 20.963 -61.286 214.463 21.163
3 16 -59.918 216.639 20.778 -60.481 217.873 20.006 -61.835 215.910 20.963
3 16 -60.481 217.873 20.006 -62.364 217.157 20.188 -61.835 215.910 20.963
3 16 -60.481 217.873 20.006 -60.937 218.720 18.777 -62.364 217.157 20.188
3 16 -60.937 218.720 18.777 -62.792 218.015 18.956 -62.364 217.157 20.188
3 16 -60.937 218.720 18.777 -61.217 219.050 17.277 -62.792 218.015 18.956
3 16 -61.217 219.050 17.277 -63.054 218.352 17.455 -62.792 218.015 18.956
3 16 -61.217 219.050 17.277 -61.279 218.813 15.736 -63.054 218.352 17.455
3 16 -61.279 218.813 15.736 -63.110 218.117 15.913 -63.054 218.352 17.455
3 16 -61.279 218.813 15.736 -61.112 218.045 14.387 -63.110 218.117 15.913
3 16 -61.112 218.045 14.387 -62.952 217.346 14.565 -63.110 218.117 15.913
3 16 -59.291 218.787 14.197 -58.900 217.614 13.244 -61.112 218.045 14.387
3 16 -58.900 217.614 13.244 -60.742 216.864 13.437 -61.112 218.045 14.387
3 16 -58.900 217.614 13.244 -58.354 216.210 12.833 -60.742 216.864 13.437
3 16 -58.354 216.210 12.833 -60.226 215.449 13.029 -60.742 216.864 13.437
3 16 -58.354 216.210 12.833 -57.735 214.791 13.027 -60.226 215.449 13.029
3 16 -57.735 214.791 13.027 -59.642 214.015 13.226 -60.226 215.449 13.029
3 16 -57.735 214.791 13.027 -57.138 213.571 13.795 -59.642 214.015 13.226
3 16 -57.138 213.571 13.795 -59.079 212.781 13.998 -59.642 214.015 13.226
3 16 -57.138 213.571 13.795 -56.654 212.736 15.022 -59.079 212.781 13.998
3 16 -56.654 212.736 15.022 -58.623 211.934 15.227 -59.079 212.781 13.998
3 16 -56.654 212.736 15.022 -56.355 212.414 16.520 -58.623 211.934 15.227
3 16 -56.355 212.414 16.520 -58.343 211.604 16.727 -58.623 211.934 15.227
3 16 -56.355 212.414 16.520 -56.289 212.653 18.060 -58.343 211.604 16.727
3 16 -56.289 212.653 18.060 -58.281 211.841 18.268 -58.343 211.604 16.727
3 16 -56.289 212.653 18.060 -56.464 213.417 19.410 -58.281 211.841 18.268
3 16 -56.464 213.417 19.410 -58.448 212.609 19.617 -58.281 211.841 18.268
3 16 -56.464 213.417 19.410 -56.854 214.590 20.362 -58.448 212.609 19.617
3 16 -56.854 214.590 20.362 -58.818 213.790 20.567 -58.448 212.609 19.617
3 16 -56.854 214.590 20.362 -57.400 215.993 20.773 -58.818 213.790 20.567
3 16 -57.400 215.993 20.773 -59.334 215.205 20.975 -58.818 213.790 20.567
3 16 -57.400 215.993 20.773 -58.019 217.413 20.580 -59.334 215.205 20.975
3 16 -58.019 217.413 20.580 -59.918 216.639 20.778 -59.334 215.205 20.975
3 16 -58.019 217.413 20.580 -58.616 218.633 19.811 -59.918 216.639 20.778
3 16 -58.616 218.633 19.811 -60.481 217.873 20.006 -59.918 216.639 20.778
3 16 -58.616 218.633 19.811 -59.101 219.468 18.585 -60.481 217.873 20.006
3 16 -59.101 219.468 18.585 -60.937 218.720 18.777 -60.481 217.873 20.006
3 16 -59.101 219.468 18.585 -59.399 219.790 17.087 -60.937 218.720 18.777
3 16 -59.399 219.790 17.087 -61.217 219.050 17.277 -60.937 218.720 18.777
3 16 -59.399 219.790 17.087 -59.466 219.551 15.546 -61.217 219.050 17.277
3 16 -59.466 219.551 15.546 -61.279 218.813 15.736 -61.217 219.050 17.277
3 16 -59.466 219.551 15.546 -59.291 218.787 14.197 -61.279 218.813 15.736
3 16 -59.291 218.787 14.197 -61.112 218.045 14.387 -61.279 218.813 15.736
3 16 -57.486 219.571 13.993 -57.076 218.407 13.038 -59.291 218.787 14.197
3 16 -57.076 218.407 13.038 -58.900 217.614 13.244 -59.291 218.787 14.197
3 16 -57.076 218.407 13.038 -56.500 217.016 12.624 -58.900 217.614 13.244
3 16 -56.500 217.016 12.624 -58.354 216.210 12.833 -58.900 217.614 13.244
3 16 -56.500 217.016 12.624 -55.847 215.611 12.814 -58.354 216.210 12.833
3 16 -55.847 215.611 12.814 -57.735 214.791 13.027 -58.354 216.210 12.833
3 16 -55.847 215.611 12.814 -55.217 214.406 13.579 -57.735 214.791 13.027
3 16 -55.217 214.406 13.579 -57.138 213.571 13.795 -57.735 214.791 13.027
3 16 -55.217 214.406 13.579 -54.705 213.583 14.803 -57.138 213.571 13.795
3 16 -54.705 213.583 14.803 -56.654 212.736 15.022 -57.138 213.571 13.795
3 16 -54.705 213.583 14.803 -54.389 213.268 16.298 -56.654 212.736 15.022
3 16 -54.389 213.268 16.298 -56.355 212.414 16.520 -56.654 212.736 15.022
3 16 -54.389 213.268 16.298 -54.317 213.510 17.839 -56.355 212.414 16.520
3 16 -54.317 213.510 17.839 -56.289 212.653 18.060 -56.355 212.414 16.520
3 16 -54.317 213.510 17.839 -54.501 214.271 19.189 -56.289 212.653 18.060
3 16 -54.501 214.271 19.189 -56.464 213.417 19.410 -56.289 212.653 18.060
3 16 -54.501 214.271 19.189 -54.912 215.435 20.144 -56.464 213.417 19.410
3 16 -54.912 215.435 20.144 -56.854 214.590 20.362 -56.464 213.417 19.410
3 16 -54.912 215.435 20.144 -55.488 216.825 20.558 -56.854 214.590 20.362
3 16 -55.488 216.825 20.558 -57.400 215.993 20.773 -56.854 214.590 20.362
3 16 -55.488 216.825 20.558 -56.140 218.230 20.368 -57.400 215.993 20.773
3 16 -56.140 218.230 20.368 -58.019 217.413 20.580 -57.400 215.993 20.773
3 16 -56.140 218.230 20.368 -56.771 219.436 19.603 -58.019 217.413 20.580
3 16 -56.771 219.436 19.603 -58.616 218.633 19.811 -58.019 217.413 20.580
3 16 -56.771 219.436 19.603 -57.283 220.259 18.379 -58.616 218.633 19.811
3 16 -57.283 220.259 18.379 -59.101 219.468 18.585 -58.616 218.633 19.811
3 16 -57.283 220.259 18.379 -57.599 220.573 16.884 -59.101 219.468 18.585
3 16 -57.599 220.573 16.884 -59.399 219.790 17.087 -59.101 219.468 18.585
3 16 -57.599 220.573 16.884 -57.670 220.332 15.343 -59.399 219.790 17.087
3 16 -57.670 220.332 15.343 -59.466 219.551 15.546 -59.399 219.790 17.087
3 16 -57.670 220.332 15.343 -57.486 219.571 13.993 -59.466 219.551 15.546
3 16 -57.486 219.571 13.993 -59.291 218.787 14.197 -59.466 219.551 15.546
3 16 -55.703 220.396 13.777 -55.272 219.241 12.820 -57.486 219.571 13.993
3 16 -55.272 219.241 12.820 -57.076 218.407 13.038 -57.486 219.571 13.993
3 16 -55.272 219.241 12.820 -54.667 217.864 12.403 -57.076 218.407 13.038
3 16 -54.667 217.864 12.403 -56.500 217.016 12.624 -57.076 218.407 13.038
3 16 -54.667 217.864 12.403 -53.981 216.475 12.589 -56.500 217.016 12.624
3 16 -53.981 216.475 12.589 -55.847 215.611 12.814 -56.500 217.016 12.624
3 16 -53.981 216.475 12.589 -53.318 215.284 13.350 -55.847 215.611 12.814
3 16 -53.318 215.284 13.350 -55.217 214.406 13.579 -55.847 215.611 12.814
3 16 -53.318 215.284 13.350 -52.778 214.474 14.570 -55.217 214.406 13.579
3 16 -52.778 214.474 14.570 -54.705 213.583 14.803 -55.217 214.406 13.579
3 16 -52.778 214.474 14.570 -52.445 214.168 16.064 -54.705 213.583 14.803
3 16 -52.445 214.168 16.064 -54.389 213.268 16.298 -54.705 213.583 14.803
3 16 -52.445 214.168 16.064 -52.369 214.412 17.603 -54.389 213.268 16.298
3 16 -52.369 214.412 17.603 -54.317 213.510 17.839 -54.389 213.268 16.298
3 16 -52.369 214.412 17.603 -52.561 215.169 18.955 -54.317 213.510 17.839
3 16 -52.561 215.169 18.955 -54.501 214.271 19.189 -54.317 213.510 17.839
3 16 -52.561 215.169 18.955 -52.992 216.324 19.912 -54.501 214.271 19.189
3 16 -52.992 216.324 19.912 -54.912 215.435 20.144 -54.501 214.271 19.189
3 16 -52.992 216.324 19.912 -53.597 217.701 20.329 -54.912 215.435 20.144
3 16 -53.597 217.701 20.329 -55.488 216.825 20.558 -54.912 215.435 20.144
3 16 -53.597 217.701 20.329 -54.283 219.090 20.143 -55.488 216.825 20.558
3 16 -54.283 219.090 20.143 -56.140 218.230 20.368 -55.488 216.825 20.558
3 16 -54.283 219.090 20.143 -54.947 220.280 19.382 -56.140 218.230 20.368
3 16 -54.947 220.280 19.382 -56.771 219.436 19.603 -56.140 218.230 20.368
3 16 -54.947 220.280 19.382 -55.486 221.090 18.162 -56.771 219.436 19.603
3 16 -55.486 221.090 18.162 -57.283 220.259 18.379 -56.771 219.436 19.603
3 16 -55.486 221.090 18.162 -55.819 221.397 16.668 -57.283 220.259 18.379
3 16 -55.819 221.397 16.668 -57.599 220.573 16.884 -57.283 220.259 18.379
3 16 -55.819 221.397 16.668 -55.895 221.153 15.128 -57.599 220.573 16.884
3 16 -55.895 221.153 15.128 -57.670 220.332 15.343 -57.599 220.573 16.884
3 16 -55.895 221.153 15.128 -55.703 220.396 13.777 -57.670 220.332 15.343
3 16 -55.703 220.396 13.777 -57.486 219.571 13.993 -57.670 220.332 15.343
3 16 -53.939 221.263 13.549 -53.488 220.117 12.589 -55.703 220.396 13.777
3 16 -53.488 220.117 12.589 -55.272 219.241 12.820 -55.703 220.396 13.777
3 16 -53.488 220.117 12.589 -52.854 218.755 12.168 -55.272 219.241 12.820
3 16 -52.854 218.755 12.168 -54.667 217.864 12.403 -55.272 219.241 12.820
3 16 -52.854 218.755 12.168 -52.135 217.381 12.350 -54.667 217.864 12.403
3 16 -52.135 217.381 12.350 -53.981 216.475 12.589 -54.667 217.864 12.403
3 16 -52.135 217.381 12.350 -51.440 216.207 13.107 -53.981 216.475 12.589
3 16 -51.440 216.207 13.107 -53.318 215.284 13.350 -53.981 216.475 12.589
3 16 -51.440 216.207 13.107 -50.874 215.410 14.324 -53.318 215.284 13.350
3 16 -50.874 215.410 14.324 -52.778 214.474 14.570 -53.318 215.284 13.350
3 16 -50.874 215.410 14.324 -50.524 215.112 15.816 -52.778 214.474 14.570
3 16 -50.524 215.112 15.816 -52.445 214.168 16.064 -52.778 214.474 14.570
3 16 -50.524 215.112 15.816 -50.443 215.359 17.355 -52.445 214.168 16.064
3 16 -50.443 215.359 17.355 -52.369 214.412 17.603 -52.445 214.168 16.064
3 16 -50.443 215.359 17.355 -50.644 216.112 18.707 -52.369 214.412 17.603
3 16 -50.644 216.112 18.707 -52.561 215.169 18.955 -52.369 214.412 17.603
3 16 -50.644 216.112 18.707 -51.095 217.257 19.667 -52.561 215.169 18.955
3 16 -51.095 217.257 19.667 -52.992 216.324 19.912 -52.561 215.169 18.955
3 16 -51.095 217.257 19.667 -51.729 218.620 20.087 -52.992 216.324 19.912
3 16 -51.729 218.620 20.087 -53.597 217.701 20.329 -52.992 216.324 19.912
3 16 -51.729 218.620 20.087 -52.448 219.993 19.905 -53.597 217.701 20.329
3 16 -52.448 219.993 19.905 -54.283 219.090 20.143 -53.597 217.701 20.329
3 16 -52.448 219.993 19.905 -53.143 221.167 19.148 -54.283 219.090 20.143
3 16 -53.143 221.167 19.148 -54.947 220.280 19.382 -54.283 219.090 20.143
3 16 -53.143 221.167 19.148 -53.709 221.964 17.931 -54.947 220.280 19.382
3 16 -53.709 221.964 17.931 -55.486 221.090 18.162 -54.947 220.280 19.382
3 16 -53.709 221.964 17.931 -54.059 222.262 16.440 -55.486 221.090 18.162
3 16 -54.059 222.262 16.440 -55.819 221.397 16.668 -55.486 221.090 18.162
3 16 -54.059 222.262 16.440 -54.140 222.016 14.901 -55.819 221.397 16.668
3 16 -54.140 222.016 14.901 -55.895 221.153 15.128 -55.819 221.397 16.668
3 16 -54.140 222.016 14.901 -53.939 221.263 13.549 -55.895 221.153 15.128
3 16 -53.939 221.263 13.549 -55.703 220.396 13.777 -55.895 221.153 15.128
3 16 -52.197 222.169 13.308 -51.726 221.035 12.346 -53.939 221.263 13.549
3 16 -51.726 221.035 12.346 -53.488 220.117 12.589 -53.939 221.263 13.549
3 16 -51.726 221.035 12.346 -51.064 219.686 11.922 -53.488 220.117 12.589
3 16 -51.064 219.686 11.922 -52.854 218.755 12.168 -53.488 220.117 12.589
3 16 -51.064 219.686 11.922 -50.312 218.330 12.099 -52.854 218.755 12.168
3 16 -50.312 218.330 12.099 -52.135 217.381 12.350 -52.854 218.755 12.168
3 16 -50.312 218.330 12.099 -49.585 217.172 12.852 -52.135 217.381 12.350
3 16 -49.585 217.172 12.852 -51.440 216.207 13.107 -52.135 217.381 12.350
3 16 -49.585 217.172 12.852 -48.994 216.389 14.066 -51.440 216.207 13.107
3 16 -48.994 216.389 14.066 -50.874 215.410 14.324 -51.440 216.207 13.107
3 16 -48.994 216.389 14.066 -48.628 216.100 15.555 -50.874 215.410 14.324
3 16 -48.628 216.100 15.555 -50.524 215.112 15.816 -50.874 215.410 14.324
3 16 -48.628 216.100 15.555 -48.543 216.349 17.094 -50.524 215.112 15.816
3 16 -48.543 216.349 17.094 -50.443 215.359 17.355 -50.524 215.112 15.816
3 16 -48.543 216.349 17.094 -48.752 217.097 18.447 -50.443 215.359 17.355
3 16 -48.752 217.097 18.447 -50.644 216.112 18.707 -50.443 215.359 17.355
3 16 -48.752 217.097 18.447 -49.223 218.232 19.409 -50.644 216.112 18.707
3 16 -49.223 218.232 19.409 -51.095 217.257 19.667 -50.644 216.112 18.707
3 16 -49.223 218.232 19.409 -49.885 219.580 19.834 -51.095 217.257 19.667
3 16 -49.885 219.580 19.834 -51.729 218.620 20.087 -51.095 217.257 19.667
3 16 -49.885 219.580 19.834 -50.637 220.937 19.656 -51.729 218.620 20.087
3 16 -50.637 220.937 19.656 -52.448 219.993 19.905 -51.729 218.620 20.087
3 16 -50.637 220.937 19.656 -51.363 222.095 18.903 -52.448 219.993 19.905
3 16 -51.363 222.095 18.903 -53.143 221.167 19.148 -52.448 219.993 19.905
3 16 -51.363 222.095 18.903 -51.955 222.878 17.689 -53.143 221.167 19.148
3 16 -51.955 222.878 17.689 -53.709 221.964 17.931 -53.143 221.167 19.148
3 16 -51.955 222.878 17.689 -52.321 223.167 16.200 -53.709 221.964 17.931
3 16 -52.321 223.167 16.200 -54.059 222.262 16.440 -53.709 221.964 17.931
3 16 -52.321 223.167 16.200 -52.406 222.918 14.662 -54.059 222.262 16.440
3 16 -52.406 222.918 14.662 -54.140 222.016 14.901 -54.059 222.262 16.440
3 16 -52.406 222.918 14.662 -52.197 222.169 13.308 -54.140 222.016 14.901
3 16 -52.197 222.169 13.308 -53.939 221.263 13.549 -54.140 222.016 14.901
3 16 -50.478 223.116 13.057 -49.987 221.992 12.092 -52.197 222.169 13.308
3 16 -49.987 221.992 12.092 -51.726 221.035 12.346 -52.197 222.169 13.308
3 16 -49.987 221.992 12.092 -49.297 220.659 11.663 -51.726 221.035 12.346
3 16 -49.297 220.659 11.663 -51.064 219.686 11.922 -51.726 221.035 12.346
3 16 -49.297 220.659 11.663 -48.513 219.320 11.837 -51.064 219.686 11.922
3 16 -48.513 219.320 11.837 -50.312 218.330 12.099 -51.064 219.686 11.922
3 16 -48.513 219.320 11.837 -47.755 218.180 12.585 -50.312 218.330 12.099
3 16 -47.755 218.180 12.585 -49.585 217.172 12.852 -50.312 218.330 12.099
3 16 -47.755 218.180 12.585 -47.138 217.411 13.795 -49.585 217.172 12.852
3 16 -47.138 217.411 13.795 -48.994 216.389 14.066 -49.585 217.172 12.852
3 16 -47.138 217.411 13.795 -46.756 217.131 15.282 -48.994 216.389 14.066
3 16 -46.756 217.131 15.282 -48.628 216.100 15.555 -48.994 216.389 14.066
3 16 -46.756 217.131 15.282 -46.666 217.382 16.820 -48.628 216.100 15.555
3 16 -46.666 217.382 16.820 -48.543 216.349 17.094 -48.628 216.100 15.555
3 16 -46.666 217.382 16.820 -46.884 218.126 18.174 -48.543 216.349 17.094
3 16 -46.884 218.126 18.174 -48.752 217.097 18.447 -48.543 216.349 17.094
3 16 -46.884 218.126 18.174 -47.375 219.251 19.139 -48.752 217.097 18.447
3 16 -47.375 219.251 19.139 -49.223 218.232 19.409 -48.752 217.097 18.447
3 16 -47.375 219.251 19.139 -48.065 220.583 19.568 -49.223 218.232 19.409
3 16 -48.065 220.583 19.568 -49.885 219.580 19.834 -49.223 218.232 19.409
3 16 -48.065 220.583 19.568 -48.848 221.922 19.394 -49.885 219.580 19.834
3 16 -48.848 221.922 19.394 -50.637 220.937 19.656 -49.885 219.580 19.834
3 16 -48.848 221.922 19.394 -49.606 223.063 18.646 -50.637 220.937 19.656
3 16 -49.606 223.063 18.646 -51.363 222.095 18.903 -50.637 220.937 19.656
3 16 -49.606 223.063 18.646 -50.223 223.831 17.436 -51.363 222.095 18.903
3 16 -50.223 223.831 17.436 -51.955 222.878 17.689 -51.363 222.095 18.903
3 16 -50.223 223.831 17.436 -50.606 224.112 15.949 -51.955 222.878 17.689
3 16 -50.606 224.112 15.949 -52.321 223.167 16.200 -51.955 222.878 17.689
3 16 -50.606 224.112 15.949 -50.695 223.860 14.411 -52.321 223.167 16.200
3 16 -50.695 223.860 14.411 -52.406 222.918 14.662 -52.321 223.167 16.200
3 16 -50.695 223.860 14.411 -50.478 223.116 13.057 -52.406 222.918 14.662
3 16 -50.478 223.116 13.057 -52.197 222.169 13.308 -52.406 222.918 14.662
3 16 -48.780 224.102 12.794 -48.270 222.989 11.826 -50.478 223.116 13.057
3 16 -48.270 222.989 11.826 -49.987 221.992 12.092 -50.478 223.116 13.057
3 16 -48.270 222.989 11.826 -47.553 221.672 11.393 -49.987 221.992 12.092
3 16 -47.553 221.672 11.393 -49.297 220.659 11.663 -49.987 221.992 12.092
3 16 -47.553 221.672 11.393 -46.738 220.352 11.562 -49.297 220.659 11.663
3 16 -46.738 220.352 11.562 -48.513 219.320 11.837 -49.297 220.659 11.663
3 16 -46.738 220.352 11.562 -45.950 219.229 12.306 -48.513 219.320 11.837
3 16 -45.950 219.229 12.306 -47.755 218.180 12.585 -48.513 219.320 11.837
3 16 -45.950 219.229 12.306 -45.308 218.475 13.512 -47.755 218.180 12.585
3 16 -45.308 218.475 13.512 -47.138 217.411 13.795 -47.755 218.180 12.585
3 16 -45.308 218.475 13.512 -44.910 218.204 14.997 -47.138 217.411 13.795
3 16 -44.910 218.204 14.997 -46.756 217.131 15.282 -47.138 217.411 13.795
3 16 -44.910 218.204 14.997 -44.817 218.457 16.534 -46.756 217.131 15.282
3 16 -44.817 218.457 16.534 -46.666 217.382 16.820 -46.756 217.131 15.282
3 16 -44.817 218.457 16.534 -45.043 219.197 17.890 -46.666 217.382 16.820
3 16 -45.043 219.197 17.890 -46.884 218.126 18.174 -46.666 217.382 16.820
3 16 -45.043 219.197 17.890 -45.553 220.310 18.857 -46.884 218.126 18.174
3 16 -45.553 220.310 18.857 -47.375 219.251 19.139 -46.884 218.126 18.174
3 16 -45.553 220.310 18.857 -46.270 221.627 19.290 -47.375 219.251 19.139
3 16 -46.270 221.627 19.290 -48.065 220.583 19.568 -47.375 219.251 19.139
3 16 -46.270 221.627 19.290 -47.085 222.947 19.121 -48.065 220.583 19.568
3 16 -47.085 222.947 19.121 -48.848 221.922 19.394 -48.065 220.583 19.568
3 16 -47.085 222.947 19.121 -47.874 224.070 18.377 -48.848 221.922 19.394
3 16 -47.874 224.070 18.377 -49.606 223.063 18.646 -48.848 221.922 19.394
3 16 -47.874 224.070 18.377 -48.515 224.824 17.171 -49.606 223.063 18.646
3 16 -48.515 224.824 17.171 -50.223 223.831 17.436 -49.606 223.063 18.646
3 16 -48.515 224.824 17.171 -48.913 225.095 15.687 -50.223 223.831 17.436
3 16 -48.913 225.095 15.687 -50.606 224.112 15.949 -50.223 223.831 17.436
3 16 -48.913 225.095 15.687 -49.006 224.842 14.149 -50.606 224.112 15.949
3 16 -49.006 224.842 14.149 -50.695 223.860 14.411 -50.606 224.112 15.949
3 16 -49.006 224.842 14.149 -48.780 224.102 12.794 -50.695 223.860 14.411
3 16 -48.780 224.102 12.794 -50.478 223.116 13.057 -50.695 223.860 14.411
3 16 -47.108 225.126 12.520 -46.579 224.025 11.550 -48.780 224.102 12.794
3 16 -46.579 224.025 11.550 -48.270 222.989 11.826 -48.780 224.102 12.794
3 16 -46.579 224.025 11.550 -45.834 222.724 11.113 -48.270 222.989 11.826
3 16 -45.834 222.724 11.113 -47.553 221.672 11.393 -48.270 222.989 11.826
3 16 -45.834 222.724 11.113 -44.989 221.423 11.277 -47.553 221.672 11.393
3 16 -44.989 221.423 11.277 -46.738 220.352 11.562 -47.553 221.672 11.393
3 16 -44.989 221.423 11.277 -44.170 220.318 12.016 -46.738 220.352 11.562
3 16 -44.170 220.318 12.016 -45.950 219.229 12.306 -46.738 220.352 11.562
3 16 -44.170 220.318 12.016 -43.504 219.579 13.218 -45.950 219.229 12.306
3 16 -43.504 219.579 13.218 -45.308 218.475 13.512 -45.950 219.229 12.306
3 16 -43.504 219.579 13.218 -43.091 219.317 14.700 -45.308 218.475 13.512
3 16 -43.091 219.317 14.700 -44.910 218.204 14.997 -45.308 218.475 13.512
3 16 -43.091 219.317 14.700 -42.995 219.574 16.237 -44.910 218.204 14.997
3 16 -42.995 219.574 16.237 -44.817 218.457 16.534 -44.910 218.204 14.997
3 16 -42.995 219.574 16.237 -43.229 220.308 17.594 -44.817 218.457 16.534
3 16 -43.229 220.308 17.594 -45.043 219.197 17.890 -44.817 218.457 16.534
3 16 -43.229 220.308 17.594 -43.758 221.410 18.565 -45.043 219.197 17.890
3 16 -43.758 221.410 18.565 -45.553 220.310 18.857 -45.043 219.197 17.890
3 16 -43.758 221.410 18.565 -44.503 222.710 19.001 -45.553 220.310 18.857
3 16 -44.503 222.710 19.001 -46.270 221.627 19.290 -45.553 220.310 18.857
3 16 -44.503 222.710 19.001 -45.348 224.012 18.838 -46.270 221.627 19.290
3 16 -45.348 224.012 18.838 -47.085 222.947 19.121 -46.270 221.627 19.290
3 16 -45.348 224.012 18.838 -46.166 225.116 18.098 -47.085 222.947 19.121
3 16 -46.166 225.116 18.098 -47.874 224.070 18.377 -47.085 222.947 19.121
3 16 -46.166 225.116 18.098 -46.833 225.855 16.896 -47.874 224.070 18.377
3 16 -46.833 225.855 16.896 -48.515 224.824 17.171 -47.874 224.070 18.377
3 16 -46.833 225.855 16.896 -47.246 226.117 15.414 -48.515 224.824 17.171
3 16 -47.246 226.117 15.414 -48.913 225.095 15.687 -48.515 224.824 17.171
3 16 -47.246 226.117 15.414 -47.342 225.861 13.877 -48.913 225.095 15.687
3 16 -47.342 225.861 13.877 -49.006 224.842 14.149 -48.913 225.095 15.687
3 16 -47.342 225.861 13.877 -47.108 225.126 12.520 -49.006 224.842 14.149
3 16 -47.108 225.126 12.520 -48.780 224.102 12.794 -49.006 224.842 14.149
3 16 -45.460 226.189 12.236 -44.911 225.099 11.263 -47.108 225.126 12.520
3 16 -44.911 225.099 11.263 -46.579 224.025 11.550 -47.108 225.126 12.520
3 16 -44.911 225.099 11.263 -44.140 223.816 10.821 -46.579 224.025 11.550
3 16 -44.140 223.816 10.821 -45.834 222.724 11.113 -46.579 224.025 11.550
3 16 -44.140 223.816 10.821 -43.265 222.534 10.980 -45.834 222.724 11.113
3 16 -43.265 222.534 10.980 -44.989 221.423 11.277 -45.834 222.724 11.113
3 16 -43.265 222.534 10.980 -42.417 221.448 11.715 -44.989 221.423 11.277
3 16 -42.417 221.448 11.715 -44.170 220.318 12.016 -44.989 221.423 11.277
3 16 -42.417 221.448 11.715 -41.727 220.724 12.913 -44.170 220.318 12.016
3 16 -41.727 220.724 12.913 -43.504 219.579 13.218 -44.170 220.318 12.016
3 16 -41.727 220.724 12.913 -41.300 220.472 14.393 -43.504 219.579 13.218
3 16 -41.300 220.472 14.393 -43.091 219.317 14.700 -43.504 219.579 13.218
3 16 -41.300 220.472 14.393 -41.200 220.731 15.929 -43.091 219.317 14.700
3 16 -41.200 220.731 15.929 -42.995 219.574 16.237 -43.091 219.317 14.700
3 16 -41.200 220.731 15.929 -41.443 221.460 17.287 -42.995 219.574 16.237
3 16 -41.443 221.460 17.287 -43.229 220.308 17.594 -42.995 219.574 16.237
3 16 -41.443 221.460 17.287 -41.991 222.550 18.261 -43.229 220.308 17.594
3 16 -41.991 222.550 18.261 -43.758 221.410 18.565 -43.229 220.308 17.594
3 16 -41.991 222.550 18.261 -42.762 223.833 18.702 -43.758 221.410 18.565
3 16 -42.762 223.833 18.702 -44.503 222.710 19.001 -43.758 221.410 18.565
3 16 -42.762 223.833 18.702 -43.637 225.115 18.543 -44.503 222.710 19.001
3 16 -43.637 225.115 18.543 -45.348 224.012 18.838 -44.503 222.710 19.001
3 16 -43.637 225.115 18.543 -44.485 226.201 17.809 -45.348 224.012 18.838
3 16 -44.485 226.201 17.809 -46.166 225.116 18.098 -45.348 224.012 18.838
3 16 -44.485 226.201 17.809 -45.175 226.925 16.610 -46.166 225.116 18.098
3 16 -45.175 226.925 16.610 -46.833 225.855 16.896 -46.166 225.116 18.098
3 16 -45.175 226.925 16.610 -45.602 227.177 15.131 -46.833 225.855 16.896
3 16 -45.602 227.177 15.131 -47.246 226.117 15.414 -46.833 225.855 16.896
3 16 -45.602 227.177 15.131 -45.702 226.918 13.595 -47.246 226.117 15.414
3 16 -45.702 226.918 13.595 -47.342 225.861 13.877 -47.246 226.117 15.414
3 16 -45.702 226.918 13.595 -45.460 226.189 12.236 -47.342 225.861 13.877
3 16 -45.460 226.189 12.236 -47.108 225.126 12.520 -47.342 225.861 13.877
3 16 -43.837 227.288 11.943 -43.270 226.211 10.966 -45.460 226.189 12.236
3 16 -43.270 226.211 10.966 -44.911 225.099 11.263 -45.460 226.189 12.236
3 16 -43.270 226.211 10.966 -42.473 224.945 10.520 -44.911 225.099 11.263
3 16 -42.473 224.945 10.520 -44.140 223.816 10.821 -44.911 225.099 11.263
3 16 -42.473 224.945 10.520 -41.568 223.683 10.674 -44.140 223.816 10.821
3 16 -41.568 223.683 10.674 -43.265 222.534 10.980 -44.140 223.816 10.821
3 16 -41.568 223.683 10.674 -40.692 222.617 11.403 -43.265 222.534 10.980
3 16 -40.692 222.617 11.403 -42.417 221.448 11.715 -43.265 222.534 10.980
3 16 -40.692 222.617 11.403 -39.979 221.909 12.598 -42.417 221.448 11.715
3 16 -39.979 221.909 12.598 -41.727 220.724 12.913 -42.417 221.448 11.715
3 16 -39.979 221.909 12.598 -39.538 221.667 14.075 -41.727 220.724 12.913
3 16 -39.538 221.667 14.075 -41.300 220.472 14.393 -41.727 220.724 12.913
3 16 -39.538 221.667 14.075 -39.435 221.927 15.610 -41.300 220.472 14.393
3 16 -39.435 221.927 15.610 -41.200 220.731 15.929 -41.300 220.472 14.393
3 16 -39.435 221.927 15.610 -39.686 222.651 16.970 -41.200 220.731 15.929
3 16 -39.686 222.651 16.970 -41.443 221.460 17.287 -41.200 220.731 15.929
3 16 -39.686 222.651 16.970 -40.253 223.728 17.947 -41.443 221.460 17.287
3 16 -40.253 223.728 17.947 -41.991 222.550 18.261 -41.443 221.460 17.287
3 16 -40.253 223.728 17.947 -41.050 224.994 18.393 -41.991 222.550 18.261
3 16 -41.050 224.994 18.393 -42.762 223.833 18.702 -41.991 222.550 18.261
3 16 -41.050 224.994 18.393 -41.955 226.256 18.239 -42.762 223.833 18.702
3 16 -41.955 226.256 18.239 -43.637 225.115 18.543 -42.762 223.833 18.702
3 16 -41.955 226.256 18.239 -42.830 227.322 17.510 -43.637 225.115 18.543
3 16 -42.830 227.322 17.510 -44.485 226.201 17.809 -43.637 225.115 18.543
3 16 -42.830 227.322 17.510 -43.543 228.031 16.315 -44.485 226.201 17.809
3 16 -43.543 228.031 16.315 -45.175 226.925 16.610 -44.485 226.201 17.809
3 16 -43.543 228.031 16.315 -43.985 228.273 14.838 -45.175 226.925 16.610
3 16 -43.985 228.273 14.838 -45.602 227.177 15.131 -45.175 226.925 16.610
3 16 -43.985 228.273 14.838 -44.088 228.012 13.303 -45.602 227.177 15.131
3 16 -44.088 228.012 13.303 -45.702 226.918 13.595 -45.602 227.177 15.131
3 16 -44.088 228.012 13.303 -43.837 227.288 11.943 -45.702 226.918 13.595
3 16 -43.837 227.288 11.943 -45.460 226.189 12.236 -45.702 226.918 13.595
3 16 -42.240 228.424 11.640 -41.655 227.360 10.660 -43.837 227.288 11.943
3 16 -41.655 227.360 10.660 -43.270 226.211 10.966 -43.837 227.288 11.943
3 16 -41.655 227.360 10.660 -40.833 226.112 10.209 -43.270 226.211 10.966
3 16 -40.833 226.112 10.209 -42.473 224.945 10.520 -43.270 226.211 10.966
3 16 -40.833 226.112 10.209 -39.899 224.871 10.358 -42.473 224.945 10.520
3 16 -39.899 224.871 10.358 -41.568 223.683 10.674 -42.473 224.945 10.520
3 16 -39.899 224.871 10.358 -38.995 223.824 11.082 -41.568 223.683 10.674
3 16 -38.995 223.824 11.082 -40.692 222.617 11.403 -41.568 223.683 10.674
3 16 -38.995 223.824 11.082 -38.260 223.133 12.272 -40.692 222.617 11.403
3 16 -38.260 223.133 12.272 -39.979 221.909 12.598 -40.692 222.617 11.403
3 16 -38.260 223.133 12.272 -37.804 222.900 13.747 -39.979 221.909 12.598
3 16 -37.804 222.900 13.747 -39.538 221.667 14.075 -39.979 221.909 12.598
3 16 -37.804 222.900 13.747 -37.698 223.164 15.281 -39.538 221.667 14.075
3 16 -37.698 223.164 15.281 -39.435 221.927 15.610 -39.538 221.667 14.075
3 16 -37.698 223.164 15.281 -37.958 223.882 16.642 -39.435 221.927 15.610
3 16 -37.958 223.882 16.642 -39.686 222.651 16.970 -39.435 221.927 15.610
3 16 -37.958 223.882 16.642 -38.543 224.946 17.623 -39.686 222.651 16.970
3 16 -38.543 224.946 17.623 -40.253 223.728 17.947 -39.686 222.651 16.970
3 16 -38.543 224.946 17.623 -39.365 226.193 18.073 -40.253 223.728 17.947
3 16 -39.365 226.193 18.073 -41.050 224.994 18.393 -40.253 223.728 17.947
3 16 -39.365 226.193 18.073 -40.299 227.435 17.925 -41.050 224.994 18.393
3 16 -40.299 227.435 17.925 -41.955 226.256 18.239 -41.050 224.994 18.393
3 16 -40.299 227.435 17.925 -41.203 228.481 17.201 -41.955 226.256 18.239
3 16 -41.203 228.481 17.201 -42.830 227.322 17.510 -41.955 226.256 18.239
3 16 -41.203 228.481 17.201 -41.938 229.173 16.011 -42.830 227.322 17.510
3 16 -41.938 229.173 16.011 -43.543 228.031 16.315 -42.830 227.322 17.510
3 16 -41.938 229.173 16.011 -42.394 229.405 14.536 -43.543 228.031 16.315
3 16 -42.394 229.405 14.536 -43.985 228.273 14.838 -43.543 228.031 16.315
3 16 -42.394 229.405 14.536 -42.500 229.142 13.001 -43.985 228.273 14.838
3 16 -42.500 229.142 13.001 -44.088 228.012 13.303 -43.985 228.273 14.838
3 16 -42.500 229.142 13.001 -42.240 228.424 11.640 -44.088 228.012 13.303
3 16 -42.240 228.424 11.640 -43.837 227.288 11.943 -44.088 228.012 13.303
3 16 -40.670 229.596 11.328 -40.066 228.546 10.344 -42.240 228.424 11.640
3 16 -40.066 228.546 10.344 -41.655 227.360 10.660 -42.240 228.424 11.640
3 16 -40.066 228.546 10.344 -39.219 227.317 9.889 -41.655 227.360 10.660
3 16 -39.219 227.317 9.889 -40.833 226.112 10.209 -41.655 227.360 10.660
3 16 -39.219 227.317 9.889 -38.257 226.096 10.032 -40.833 226.112 10.209
3 16 -38.257 226.096 10.032 -39.899 224.871 10.358 -40.833 226.112 10.209
3 16 -38.257 226.096 10.032 -37.327 225.070 10.751 -39.899 224.871 10.358
3 16 -37.327 225.070 10.751 -38.995 223.824 11.082 -39.899 224.871 10.358
3 16 -37.327 225.070 10.751 -36.570 224.394 11.937 -38.995 223.824 11.082
3 16 -36.570 224.394 11.937 -38.260 223.133 12.272 -38.995 223.824 11.082
3 16 -36.570 224.394 11.937 -36.101 224.172 13.409 -38.260 223.133 12.272
3 16 -36.101 224.172 13.409 -37.804 222.900 13.747 -38.260 223.133 12.272
3 16 -36.101 224.172 13.409 -35.993 224.437 14.943 -37.804 222.900 13.747
3 16 -35.993 224.437 14.943 -37.698 223.164 15.281 -37.804 222.900 13.747
3 16 -35.993 224.437 14.943 -36.261 225.149 16.306 -37.698 223.164 15.281
3 16 -36.261 225.149 16.306 -37.958 223.882 16.642 -37.698 223.164 15.281
3 16 -36.261 225.149 16.306 -36.864 226.199 17.290 -37.958 223.882 16.642
3 16 -36.864 226.199 17.290 -38.543 224.946 17.623 -37.958 223.882 16.642
3 16 -36.864 226.199 17.290 -37.712 227.429 17.745 -38.543 224.946 17.623
3 16 -37.712 227.429 17.745 -39.365 226.193 18.073 -38.543 224.946 17.623
3 16 -37.712 227.429 17.745 -38.674 228.649 17.602 -39.365 226.193 18.073
3 16 -38.674 228.649 17.602 -40.299 227.435 17.925 -39.365 226.193 18.073
3 16 -38.674 228.649 17.602 -39.604 229.675 16.883 -40.299 227.435 17.925
3 16 -39.604 229.675 16.883 -41.203 228.481 17.201 -40.299 227.435 17.925
3 16 -39.604 229.675 16.883 -40.361 230.351 15.697 -41.203 228.481 17.201
3 16 -40.361 230.351 15.697 -41.938 229.173 16.011 -41.203 228.481 17.201
3 16 -40.361 230.351 15.697 -40.829 230.573 14.225 -41.938 229.173 16.011
3 16 -40.829 230.573 14.225 -42.394 229.405 14.536 -41.938 229.173 16.011
3 16 -40.829 230.573 14.225 -40.938 230.308 12.691 -42.394 229.405 14.536
3 16 -40.938 230.308 12.691 -42.500 229.142 13.001 -42.394 229.405 14.536
3 16 -40.938 230.308 12.691 -40.670 229.596 11.328 -42.500 229.142 13.001
3 16 -40.670 229.596 11.328 -42.240 228.424 11.640 -42.500 229.142 13.001
3 16 -39.128 230.802 11.008 -38.507 229.766 10.021 -40.670 229.596 11.328
3 16 -38.507 229.766 10.021 -40.066 228.546 10.344 -40.670 229.596 11.328
3 16 -38.507 229.766 10.021 -37.635 228.556 9.561 -40.066 228.546 10.344
3 16 -37.635 228.556 9.561 -39.219 227.317 9.889 -40.066 228.546 10.344
3 16 -37.635 228.556 9.561 -36.645 227.357 9.698 -39.219 227.317 9.889
3 16 -36.645 227.357 9.698 -38.257 226.096 10.032 -39.219 227.317 9.889
3 16 -36.645 227.357 9.698 -35.689 226.352 10.412 -38.257 226.096 10.032
3 16 -35.689 226.352 10.412 -37.327 225.070 10.751 -38.257 226.096 10.032
3 16 -35.689 226.352 10.412 -34.910 225.693 11.593 -37.327 225.070 10.751
3 16 -34.910 225.693 11.593 -36.570 224.394 11.937 -37.327 225.070 10.751
3 16 -34.910 225.693 11.593 -34.429 225.481 13.063 -36.570 224.394 11.937
3 16 -34.429 225.481 13.063 -36.101 224.172 13.409 -36.570 224.394 11.937
3 16 -34.429 225.481 13.063 -34.318 225.748 14.596 -36.101 224.172 13.409
3 16 -34.318 225.748 14.596 -35.993 224.437 14.943 -36.101 224.172 13.409
3 16 -34.318 225.748 14.596 -34.594 226.454 15.961 -35.993 224.437 14.943
3 16 -34.594 226.454 15.961 -36.261 225.149 16.306 -35.993 224.437 14.943
3 16 -34.594 226.454 15.961 -35.215 227.491 16.948 -36.261 225.149 16.306
3 16 -35.215 227.491 16.948 -36.864 226.199 17.290 -36.261 225.149 16.306
3 16 -35.215 227.491 16.948 -36.087 228.701 17.408 -36.864 226.199 17.290
3 16 -36.087 228.701 17.408 -37.712 227.429 17.745 -36.864 226.199 17.290
3 16 -36.087 228.701 17.408 -37.077 229.899 17.271 -37.712 227.429 17.745
3 16 -37.077 229.899 17.271 -38.674 228.649 17.602 -37.712 227.429 17.745
3 16 -37.077 229.899 17.271 -38.034 230.905 16.557 -38.674 228.649 17.602
3 16 -38.034 230.905 16.557 -39.604 229.675 16.883 -38.674 228.649 17.602
3 16 -38.034 230.905 16.557 -38.812 231.564 15.376 -39.604 229.675 16.883
3 16 -38.812 231.564 15.376 -40.361 230.351 15.697 -39.604 229.675 16.883
3 16 -38.812 231.564 15.376 -39.294 231.775 13.906 -40.361 230.351 15.697
3 16 -39.294 231.775 13.906 -40.829 230.573 14.225 -40.361 230.351 15.697
3 16 -39.294 231.775 13.906 -39.405 231.508 12.373 -40.829 230.573 14.225
3 16 -39.405 231.508 12.373 -40.938 230.308 12.691 -40.829 230.573 14.225
3 16 -39.405 231.508 12.373 -39.128 230.802 11.008 -40.938 230.308 12.691
3 16 -39.128 230.802 11.008 -40.670 229.596 11.328 -40.938 230.308 12.691
3 16 -37.614 232.044 10.680 -36.975 231.022 9.689 -39.128 230.802 11.008
3 16 -36.975 231.022 9.689 -38.507 229.766 10.021 -39.128 230.802 11.008
3 16 -36.975 231.022 9.689 -36.079 229.831 9.224 -38.507 229.766 10.021
3 16 -36.079 229.831 9.224 -37.635 228.556 9.561 -38.507 229.766 10.021
3 16 -36.079 229.831 9.224 -35.062 228.655 9.355 -37.635 228.556 9.561
3 16 -35.062 228.655 9.355 -36.645 227.357 9.698 -37.635 228.556 9.561
3 16 -35.062 228.655 9.355 -34.080 227.670 10.064 -36.645 227.357 9.698
3 16 -34.080 227.670 10.064 -35.689 226.352 10.412 -36.645 227.357 9.698
3 16 -34.080 227.670 10.064 -33.281 227.028 11.241 -35.689 226.352 10.412
3 16 -33.281 227.028 11.241 -34.910 225.693 11.593 -35.689 226.352 10.412
3 16 -33.281 227.028 11.241 -32.788 226.827 12.708 -34.910 225.693 11.593
3 16 -32.788 226.827 12.708 -34.429 225.481 13.063 -34.910 225.693 11.593
3 16 -32.788 226.827 12.708 -32.675 227.096 14.241 -34.429 225.481 13.063
3 16 -32.675 227.096 14.241 -34.318 225.748 14.596 -34.429 225.481 13.063
3 16 -32.675 227.096 14.241 -32.959 227.795 15.607 -34.318 225.748 14.596
3 16 -32.959 227.795 15.607 -34.594 226.454 15.961 -34.318 225.748 14.596
3 16 -32.959 227.795 15.607 -33.598 228.817 16.598 -34.594 226.454 15.961
3 16 -33.598 228.817 16.598 -35.215 227.491 16.948 -34.594 226.454 15.961
3 16 -33.598 228.817 16.598 -34.494 230.007 17.063 -35.215 227.491 16.948
3 16 -34.494 230.007 17.063 -36.087 228.701 17.408 -35.215 227.491 16.948
3 16 -34.494 230.007 17.063 -35.511 231.184 16.932 -36.087 228.701 17.408
3 16 -35.511 231.184 16.932 -37.077 229.899 17.271 -36.087 228.701 17.408
3 16 -35.511 231.184 16.932 -36.493 232.169 16.223 -37.077 229.899 17.271
3 16 -36.493 232.169 16.223 -38.034 230.905 16.557 -37.077 229.899 17.271
3 16 -36.493 232.169 16.223 -37.292 232.811 15.046 -38.034 230.905 16.557
3 16 -37.292 232.811 15.046 -38.812 231.564 15.376 -38.034 230.905 16.557
3 16 -37.292 232.811 15.046 -37.785 233.012 13.579 -38.812 231.564 15.376
3 16 -37.785 233.012 13.579 -39.294 231.775 13.906 -38.812 231.564 15.376
3 16 -37.785 233.012 13.579 -37.898 232.743 12.046 -39.294 231.775 13.906
3 16 -37.898 232.743 12.046 -39.405 231.508 12.373 -39.294 231.775 13.906
3 16 -37.898 232.743 12.046 -37.614 232.044 10.680 -39.405 231.508 12.373
3 16 -37.614 232.044 10.680 -39.128 230.802 11.008 -39.405 231.508 12.373
3 16 -36.129 233.319 10.345 -35.473 232.311 9.350 -37.614 232.044 10.680
3 16 -35.473 232.311 9.350 -36.975 231.022 9.689 -37.614 232.044 10.680
3 16 -35.473 232.311 9.350 -34.553 231.141 8.880 -36.975 231.022 9.689
3 16 -34.553 231.141 8.880 -36.079 229.831 9.224 -36.975 231.022 9.689
3 16 -34.553 231.141 8.880 -33.510 229.986 9.006 -36.079 229.831 9.224
3 16 -33.510 229.986 9.006 -35.062 228.655 9.355 -36.079 229.831 9.224
3 16 -33.510 229.986 9.006 -32.503 229.024 9.709 -35.062 228.655 9.355
3 16 -32.503 229.024 9.709 -34.080 227.670 10.064 -35.062 228.655 9.355
3 16 -32.503 229.024 9.709 -31.684 228.399 10.881 -34.080 227.670 10.064
3 16 -31.684 228.399 10.881 -33.281 227.028 11.241 -34.080 227.670 10.064
3 16 -31.684 228.399 10.881 -31.179 228.207 12.346 -33.281 227.028 11.241
3 16 -31.179 228.207 12.346 -32.788 226.827 12.708 -33.281 227.028 11.241
3 16 -31.179 228.207 12.346 -31.064 228.478 13.878 -32.788 226.827 12.708
3 16 -31.064 228.478 13.878 -32.675 227.096 14.241 -32.788 226.827 12.708
3 16 -31.064 228.478 13.878 -31.357 229.170 15.246 -32.675 227.096 14.241
3 16 -31.357 229.170 15.246 -32.959 227.795 15.607 -32.675 227.096 14.241
3 16 -31.357 229.170 15.246 -32.013 230.178 16.241 -32.959 227.795 15.607
3 16 -32.013 230.178 16.241 -33.598 228.817 16.598 -32.959 227.795 15.607
3 16 -32.013 230.178 16.241 -32.933 231.348 16.711 -33.598 228.817 16.598
3 16 -32.933 231.348 16.711 -34.494 230.007 17.063 -33.598 228.817 16.598
3 16 -32.933 231.348 16.711 -33.976 232.503 16.585 -34.494 230.007 17.063
3 16 -33.976 232.503 16.585 -35.511 231.184 16.932 -34.494 230.007 17.063
3 16 -33.976 232.503 16.585 -34.983 233.465 15.883 -35.511 231.184 16.932
3 16 -34.983 233.465 15.883 -36.493 232.169 16.223 -35.511 231.184 16.932
3 16 -34.983 233.465 15.883 -35.802 234.090 14.710 -36.493 232.169 16.223
3 16 -35.802 234.090 14.710 -37.292 232.811 15.046 -36.493 232.169 16.223
3 16 -35.802 234.090 14.710 -36.307 234.282 13.246 -37.292 232.811 15.046
3 16 -36.307 234.282 13.246 -37.785 233.012 13.579 -37.292 232.811 15.046
3 16 -36.307 234.282 13.246 -36.422 234.011 11.713 -37.785 233.012 13.579
3 16 -36.422 234.011 11.713 -37.898 232.743 12.046 -37.785 233.012 13.579
3 16 -36.422 234.011 11.713 -36.129 233.319 10.345 -37.898 232.743 12.046
3 16 -36.129 233.319 10.345 -37.614 232.044 10.680 -37.898 232.743 12.046
3 16 -34.673 234.626 10.003 -34.000 233.634 9.004 -36.129 233.319 10.345
3 16 -34.000 233.634 9.004 -35.473 232.311 9.350 -36.129 233.319 10.345
3 16 -34.000 233.634 9.004 -33.057 232.484 8.529 -35.473 232.311 9.350
3 16 -33.057 232.484 8.529 -34.553 231.141 8.880 -35.473 232.311 9.350
3 16 -33.057 232.484 8.529 -31.989 231.353 8.649 -34.553 231.141 8.880
3 16 -31.989 231.353 8.649 -33.510 229.986 9.006 -34.553 231.141 8.880
3 16 -31.989 231.353 8.649 -30.957 230.412 9.346 -33.510 229.986 9.006
3 16 -30.957 230.412 9.346 -32.503 229.024 9.709 -33.510 229.986 9.006
3 16 -30.957 230.412 9.346 -30.119 229.805 10.514 -32.503 229.024 9.709
3 16 -30.119 229.805 10.514 -31.684 228.399 10.881 -32.503 229.024 9.709
3 16 -30.119 229.805 10.514 -29.603 229.624 11.976 -31.684 228.399 10.881
3 16 -29.603 229.624 11.976 -31.179 228.207 12.346 -31.684 228.399 10.881
3 16 -29.603 229.624 11.976 -29.486 229.896 13.508 -31.179 228.207 12.346
3 16 -29.486 229.896 13.508 -31.064 228.478 13.878 -31.179 228.207 12.346
3 16 -29.486 229.896 13.508 -29.787 230.581 14.878 -31.064 228.478 13.878
3 16 -29.787 230.581 14.878 -31.357 229.170 15.246 -31.064 228.478 13.878
3 16 -29.787 230.581 14.878 -30.461 231.574 15.877 -31.357 229.170 15.246
3 16 -30.461 231.574 15.877 -32.013 230.178 16.241 -31.357 229.170 15.246
3 16 -30.461 231.574 15.877 -31.403 232.723 16.352 -32.013 230.178 16.241
3 16 -31.403 232.723 16.352 -32.933 231.348 16.711 -32.013 230.178 16.241
3 16 -31.403 232.723 16.352 -32.472 233.855 16.232 -32.933 231.348 16.711
3 16 -32.472 233.855 16.232 -33.976 232.503 16.585 -32.933 231.348 16.711
3 16 -32.472 233.855 16.232 -33.503 234.796 15.535 -33.976 232.503 16.585
3 16 -33.503 234.796 15.535 -34.983 233.465 15.883 -33.976 232.503 16.585
3 16 -33.503 234.796 15.535 -34.341 235.403 14.366 -34.983 233.465 15.883
3 16 -34.341 235.403 14.366 -35.802 234.090 14.710 -34.983 233.465 15.883
3 16 -34.341 235.403 14.366 -34.858 235.584 12.905 -35.802 234.090 14.710
3 16 -34.858 235.584 12.905 -36.307 234.282 13.246 -35.802 234.090 14.710
3 16 -34.858 235.584 12.905 -34.974 235.311 11.372 -36.307 234.282 13.246
3 16 -34.974 235.311 11.372 -36.422 234.011 11.713 -36.307 234.282 13.246
3 16 -34.974 235.311 11.372 -34.673 234.626 10.003 -36.422 234.011 11.713
3 16 -34.673 234.626 10.003 -36.129 233.319 10.345 -36.422 234.011 11.713
3 16 -33.246 235.967 9.654 -32.556 234.990 8.652 -34.673 234.626 10.003
3 16 -32.556 234.990 8.652 -34.000 233.634 9.004 -34.673 234.626 10.003
3 16 -32.556 234.990 8.652 -31.591 233.861 8.171 -34.000 233.634 9.004
3 16 -31.591 233.861 8.171 -33.057 232.484 8.529 -34.000 233.634 9.004
3 16 -31.591 233.861 8.171 -30.498 232.753 8.285 -33.057 232.484 8.529
3 16 -30.498 232.753 8.285 -31.989 231.353 8.649 -33.057 232.484 8.529
3 16 -30.498 232.753 8.285 -29.443 231.834 8.977 -31.989 231.353 8.649
3 16 -29.443 231.834 8.977 -30.957 230.412 9.346 -31.989 231.353 8.649
3 16 -29.443 231.834 8.977 -28.587 231.244 10.141 -30.957 230.412 9.346
3 16 -28.587 231.244 10.141 -30.119 229.805 10.514 -30.957 230.412 9.346
3 16 -28.587 231.244 10.141 -28.060 231.073 11.600 -30.119 229.805 10.514
3 16 -28.060 231.073 11.600 -29.603 229.624 11.976 -30.119 229.805 10.514
3 16 -28.060 231.073 11.600 -27.943 231.347 13.132 -29.603 229.624 11.976
3 16 -27.943 231.347 13.132 -29.486 229.896 13.508 -29.603 229.624 11.976
3 16 -27.943 231.347 13.132 -28.252 232.024 14.504 -29.486 229.896 13.508
3 16 -28.252 232.024 14.504 -29.787 230.581 14.878 -29.486 229.896 13.508
3 16 -28.252 232.024 14.504 -28.942 233.001 15.506 -29.787 230.581 14.878
3 16 -28.942 233.001 15.506 -30.461 231.574 15.877 -29.787 230.581 14.878
3 16 -28.942 233.001 15.506 -29.907 234.130 15.987 -30.461 231.574 15.877
3 16 -29.907 234.130 15.987 -31.403 232.723 16.352 -30.461 231.574 15.877
3 16 -29.907 234.130 15.987 -31.000 235.238 15.873 -31.403 232.723 16.352
3 16 -31.000 235.238 15.873 -32.472 233.855 16.232 -31.403 232.723 16.352
3 16 -31.000 235.238 15.873 -32.055 236.157 15.181 -32.472 233.855 16.232
3 16 -32.055 236.157 15.181 -33.503 234.796 15.535 -32.472 233.855 16.232
3 16 -32.055 236.157 15.181 -32.911 236.747 14.017 -33.503 234.796 15.535
3 16 -32.911 236.747 14.017 -34.341 235.403 14.366 -33.503 234.796 15.535
3 16 -32.911 236.747 14.017 -33.438 236.918 12.558 -34.341 235.403 14.366
3 16 -33.438 236.918 12.558 -34.858 235.584 12.905 -34.341 235.403 14.366
3 16 -33.438 236.918 12.558 -33.555 236.644 11.026 -34.858 235.584 12.905
3 16 -33.555 236.644 11.026 -34.974 235.311 11.372 -34.858 235.584 12.905
3 16 -33.555 236.644 11.026 -33.246 235.967 9.654 -34.974 235.311 11.372
3 16 -33.246 235.967 9.654 -34.673 234.626 10.003 -34.974 235.311 11.372
3 16 -31.851 237.338 9.300 -31.145 236.376 8.294 -33.246 235.967 9.654
3 16 -31.145 236.376 8.294 -32.556 234.990 8.652 -33.246 235.967 9.654
3 16 -31.145 236.376 8.294 -30.158 235.269 7.808 -32.556 234.990 8.652
3 16 -30.158 235.269 7.808 -31.591 233.861 8.171 -32.556 234.990 8.652
3 16 -30.158 235.269 7.808 -29.040 234.185 7.916 -31.591 233.861 8.171
3 16 -29.040 234.185 7.916 -30.498 232.753 8.285 -31.591 233.861 8.171
3 16 -29.040 234.185 7.916 -27.962 233.289 8.602 -30.498 232.753 8.285
3 16 -27.962 233.289 8.602 -29.443 231.834 8.977 -30.498 232.753 8.285
3 16 -27.962 233.289 8.602 -27.088 232.717 9.762 -29.443 231.834 8.977
3 16 -27.088 232.717 9.762 -28.587 231.244 10.141 -29.443 231.834 8.977
3 16 -27.088 232.717 9.762 -26.551 232.556 11.218 -28.587 231.244 10.141
3 16 -26.551 232.556 11.218 -28.060 231.073 11.600 -28.587 231.244 10.141
3 16 -26.551 232.556 11.218 -26.432 232.832 12.750 -28.060 231.073 11.600
3 16 -26.432 232.832 12.750 -27.943 231.347 13.132 -28.060 231.073 11.600
3 16 -26.432 232.832 12.750 -26.750 233.501 14.123 -27.943 231.347 13.132
3 16 -26.750 233.501 14.123 -28.252 232.024 14.504 -27.943 231.347 13.132
3 16 -26.750 233.501 14.123 -27.456 234.462 15.130 -28.252 232.024 14.504
3 16 -27.456 234.462 15.130 -28.942 233.001 15.506 -28.252 232.024 14.504
3 16 -27.456 234.462 15.130 -28.443 235.570 15.616 -28.942 233.001 15.506
3 16 -28.443 235.570 15.616 -29.907 234.130 15.987 -28.942 233.001 15.506
3 16 -28.443 235.570 15.616 -29.560 236.654 15.508 -29.907 234.130 15.987
3 16 -29.560 236.654 15.508 -31.000 235.238 15.873 -29.907 234.130 15.987
3 16 -29.560 236.654 15.508 -30.638 237.550 14.822 -31.000 235.238 15.873
3 16 -30.638 237.550 14.822 -32.055 236.157 15.181 -31.000 235.238 15.873
3 16 -30.638 237.550 14.822 -31.512 238.122 13.662 -32.055 236.157 15.181
3 16 -31.512 238.122 13.662 -32.911 236.747 14.017 -32.055 236.157 15.181
3 16 -31.512 238.122 13.662 -32.050 238.282 12.206 -32.911 236.747 14.017
3 16 -32.050 238.282 12.206 -33.438 236.918 12.558 -32.911 236.747 14.017
3 16 -32.050 238.282 12.206 -32.168 238.007 10.674 -33.438 236.918 12.558
3 16 -32.168 238.007 10.674 -33.555 236.644 11.026 -33.438 236.918 12.558
3 16 -32.168 238.007 10.674 -31.851 237.338 9.300 -33.555 236.644 11.026
3 16 -31.851 237.338 9.300 -33.246 235.967 9.654 -33.555 236.644 11.026
3 16 -30.485 238.740 8.941 -29.763 237.795 7.930 -31.851 237.338 9.300
3 16 -29.763 237.795 7.930 -31.145 236.376 8.294 -31.851 237.338 9.300
3 16 -29.763 237.795 7.930 -28.755 236.710 7.439 -31.145 236.376 8.294
3 16 -28.755 236.710 7.439 -30.158 235.269 7.808 -31.145 236.376 8.294
3 16 -28.755 236.710 7.439 -27.614 235.650 7.541 -30.158 235.269 7.808
3 16 -27.614 235.650 7.541 -29.040 234.185 7.916 -30.158 235.269 7.808
3 16 -27.614 235.650 7.541 -26.514 234.776 8.222 -29.040 234.185 7.916
3 16 -26.514 234.776 8.222 -27.962 233.289 8.602 -29.040 234.185 7.916
3 16 -26.514 234.776 8.222 -25.623 234.222 9.377 -27.962 233.289 8.602
3 16 -25.623 234.222 9.377 -27.088 232.717 9.762 -27.962 233.289 8.602
3 16 -25.623 234.222 9.377 -25.076 234.072 10.831 -27.088 232.717 9.762
3 16 -25.076 234.072 10.831 -26.551 232.556 11.218 -27.088 232.717 9.762
3 16 -25.076 234.072 10.831 -24.956 234.348 12.362 -26.551 232.556 11.218
3 16 -24.956 234.348 12.362 -26.432 232.832 12.750 -26.551 232.556 11.218
3 16 -24.956 234.348 12.362 -25.282 235.009 13.738 -26.432 232.832 12.750
3 16 -25.282 235.009 13.738 -26.750 233.501 14.123 -26.432 232.832 12.750
3 16 -25.282 235.009 13.738 -26.005 235.954 14.748 -26.750 233.501 14.123
3 16 -26.005 235.954 14.748 -27.456 234.462 15.130 -26.750 233.501 14.123
3 16 -26.005 235.954 14.748 -27.013 237.039 15.240 -27.456 234.462 15.130
3 16 -27.013 237.039 15.240 -28.443 235.570 15.616 -27.456 234.462 15.130
3 16 -27.013 237.039 15.240 -28.154 238.099 15.138 -28.443 235.570 15.616
3 16 -28.154 238.099 15.138 -29.560 236.654 15.508 -28.443 235.570 15.616
3 16 -28.154 238.099 15.138 -29.253 238.973 14.457 -29.560 236.654 15.508
3 16 -29.253 238.973 14.457 -30.638 237.550 14.822 -29.560 236.654 15.508
3 16 -29.253 238.973 14.457 -30.145 239.527 13.302 -30.638 237.550 14.822
3 16 -30.145 239.527 13.302 -31.512 238.122 13.662 -30.638 237.550 14.822
3 16 -30.145 239.527 13.302 -30.692 239.678 11.848 -31.512 238.122 13.662
3 16 -30.692 239.678 11.848 -32.050 238.282 12.206 -31.512 238.122 13.662
3 16 -30.692 239.678 11.848 -30.811 239.401 10.317 -32.050 238.282 12.206
3 16 -30.811 239.401 10.317 -32.168 238.007 10.674 -32.050 238.282 12.206
3 16 -30.811 239.401 10.317 -30.485 238.740 8.941 -32.168 238.007 10.674
3 16 -30.485 238.740 8.941 -31.851 237.338 9.300 -32.168 238.007 10.674
3 16 -29.152 240.172 8.578 -28.414 239.244 7.563 -30.485 238.740 8.941
3 16 -28.414 239.244 7.563 -29.763 237.795 7.930 -30.485 238.740 8.941
3 16 -28.414 239.244 7.563 -27.385 238.181 7.066 -29.763 237.795 7.930
3 16 -27.385 238.181 7.066 -28.755 236.710 7.439 -29.763 237.795 7.930
3 16 -27.385 238.181 7.066 -26.221 237.145 7.162 -28.755 236.710 7.439
3 16 -26.221 237.145 7.162 -27.614 235.650 7.541 -28.755 236.710 7.439
3 16 -26.221 237.145 7.162 -25.100 236.294 7.837 -27.614 235.650 7.541
3 16 -25.100 236.294 7.837 -26.514 234.776 8.222 -27.614 235.650 7.541
3 16 -25.100 236.294 7.837 -24.192 235.758 8.988 -26.514 234.776 8.222
3 16 -24.192 235.758 8.988 -25.623 234.222 9.377 -26.514 234.776 8.222
3 16 -24.192 235.758 8.988 -23.636 235.618 10.439 -25.623 234.222 9.377
3 16 -23.636 235.618 10.439 -25.076 234.072 10.831 -25.623 234.222 9.377
3 16 -23.636 235.618 10.439 -23.515 235.895 11.970 -25.076 234.072 10.831
3 16 -23.515 235.895 11.970 -24.956 234.348 12.362 -25.076 234.072 10.831
3 16 -23.515 235.895 11.970 -23.850 236.548 13.348 -24.956 234.348 12.362
3 16 -23.850 236.548 13.348 -25.282 235.009 13.738 -24.956 234.348 12.362
3 16 -23.850 236.548 13.348 -24.588 237.476 14.363 -25.282 235.009 13.738
3 16 -24.588 237.476 14.363 -26.005 235.954 14.748 -25.282 235.009 13.738
3 16 -24.588 237.476 14.363 -25.617 238.539 14.860 -26.005 235.954 14.748
3 16 -25.617 238.539 14.860 -27.013 237.039 15.240 -26.005 235.954 14.748
3 16 -25.617 238.539 14.860 -26.781 239.574 14.764 -27.013 237.039 15.240
3 16 -26.781 239.574 14.764 -28.154 238.099 15.138 -27.013 237.039 15.240
3 16 -26.781 239.574 14.764 -27.902 240.425 14.089 -28.154 238.099 15.138
3 16 -27.902 240.425 14.089 -29.253 238.973 14.457 -28.154 238.099 15.138
3 16 -27.902 240.425 14.089 -28.809 240.961 12.938 -29.253 238.973 14.457
3 16 -28.809 240.961 12.938 -30.145 239.527 13.302 -29.253 238.973 14.457
3 16 -28.809 240.961 12.938 -29.366 241.101 11.487 -30.145 239.527 13.302
3 16 -29.366 241.101 11.487 -30.692 239.678 11.848 -30.145 239.527 13.302
3 16 -29.366 241.101 11.487 -29.486 240.824 9.956 -30.692 239.678 11.848
3 16 -29.486 240.824 9.956 -30.811 239.401 10.317 -30.692 239.678 11.848
3 16 -29.486 240.824 9.956 -29.152 240.172 8.578 -30.811 239.401 10.317
3 16 -29.152 240.172 8.578 -30.485 238.740 8.941 -30.811 239.401 10.317
3 16 -27.849 241.633 8.210 -27.096 240.722 7.191 -29.152 240.172 8.578
3 16 -27.096 240.722 7.191 -28.414 239.244 7.563 -29.152 240.172 8.578
3 16 -27.096 240.722 7.191 -26.047 239.682 6.688 -28.414 239.244 7.563
3 16 -26.047 239.682 6.688 -27.385 238.181 7.066 -28.414 239.244 7.563
3 16 -26.047 239.682 6.688 -24.861 238.671 6.779 -27.385 238.181 7.066
3 16 -24.861 238.671 6.779 -26.221 237.145 7.162 -27.385 238.181 7.066
3 16 -24.861 238.671 6.779 -23.719 237.844 7.448 -26.221 237.145 7.162
3 16 -23.719 237.844 7.448 -25.100 236.294 7.837 -26.221 237.145 7.162
3 16 -23.719 237.844 7.448 -22.795 237.326 8.594 -25.100 236.294 7.837
3 16 -22.795 237.326 8.594 -24.192 235.758 8.988 -25.100 236.294 7.837
3 16 -22.795 237.326 8.594 -22.230 237.195 10.043 -24.192 235.758 8.988
3 16 -22.230 237.195 10.043 -23.636 235.618 10.439 -24.192 235.758 8.988
3 16 -22.230 237.195 10.043 -22.110 237.473 11.574 -23.636 235.618 10.439
3 16 -22.110 237.473 11.574 -23.515 235.895 11.970 -23.636 235.618 10.439
3 16 -22.110 237.473 11.574 -22.452 238.117 12.954 -23.515 235.895 11.970
3 16 -22.452 238.117 12.954 -23.850 236.548 13.348 -23.515 235.895 11.970
3 16 -22.452 238.117 12.954 -23.206 239.028 13.973 -23.850 236.548 13.348
3 16 -23.206 239.028 13.973 -24.588 237.476 14.363 -23.850 236.548 13.348
3 16 -23.206 239.028 13.973 -24.255 240.068 14.476 -24.588 237.476 14.363
3 16 -24.255 240.068 14.476 -25.617 238.539 14.860 -24.588 237.476 14.363
3 16 -24.255 240.068 14.476 -25.441 241.079 14.386 -25.617 238.539 14.860
3 16 -25.441 241.079 14.386 -26.781 239.574 14.764 -25.617 238.539 14.860
3 16 -25.441 241.079 14.386 -26.582 241.906 13.716 -26.781 239.574 14.764
3 16 -26.582 241.906 13.716 -27.902 240.425 14.089 -26.781 239.574 14.764
3 16 -26.582 241.906 13.716 -27.506 242.425 12.570 -27.902 240.425 14.089
3 16 -27.506 242.425 12.570 -28.809 240.961 12.938 -27.902 240.425 14.089
3 16 -27.506 242.425 12.570 -28.071 242.555 11.121 -28.809 240.961 12.938
3 16 -28.071 242.555 11.121 -29.366 241.101 11.487 -28.809 240.961 12.938
3 16 -28.071 242.555 11.121 -28.192 242.277 9.590 -29.366 241.101 11.487
3 16 -28.192 242.277 9.590 -29.486 240.824 9.956 -29.366 241.101 11.487
3 16 -28.192 242.277 9.590 -27.849 241.633 8.210 -29.486 240.824 9.956
3 16 -27.849 241.633 8.210 -29.152 240.172 8.578 -29.486 240.824 9.956
3 16 -26.579 243.123 7.839 -25.810 242.230 6.816 -27.849 241.633 8.210
3 16 -25.810 242.230 6.816 -27.096 240.722 7.191 -27.849 241.633 8.210
3 16 -25.810 242.230 6.816 -24.741 241.213 6.308 -27.096 240.722 7.191
3 16 -24.741 241.213 6.308 -26.047 239.682 6.688 -27.096 240.722 7.191
3 16 -24.741 241.213 6.308 -23.534 240.227 6.392 -26.047 239.682 6.688
3 16 -23.534 240.227 6.392 -24.861 238.671 6.779 -26.047 239.682 6.688
3 16 -23.534 240.227 6.392 -22.373 239.423 7.055 -24.861 238.671 6.779
3 16 -22.373 239.423 7.055 -23.719 237.844 7.448 -24.861 238.671 6.779
3 16 -22.373 239.423 7.055 -21.434 238.922 8.198 -23.719 237.844 7.448
3 16 -21.434 238.922 8.198 -22.795 237.326 8.594 -23.719 237.844 7.448
3 16 -21.434 238.922 8.198 -20.861 238.802 9.644 -22.795 237.326 8.594
3 16 -20.861 238.802 9.644 -22.230 237.195 10.043 -22.795 237.326 8.594
3 16 -20.861 238.802 9.644 -20.741 239.080 11.175 -22.230 237.195 10.043
3 16 -20.741 239.080 11.175 -22.110 237.473 11.574 -22.230 237.195 10.043
3 16 -20.741 239.080 11.175 -21.091 239.714 12.558 -22.110 237.473 11.574
3 16 -21.091 239.714 12.558 -22.452 238.117 12.954 -22.110 237.473 11.574
3 16 -21.091 239.714 12.558 -21.860 240.607 13.581 -22.452 238.117 12.954
3 16 -21.860 240.607 13.581 -23.206 239.028 13.973 -22.452 238.117 12.954
3 16 -21.860 240.607 13.581 -22.929 241.624 14.089 -23.206 239.028 13.973
3 16 -22.929 241.624 14.089 -24.255 240.068 14.476 -23.206 239.028 13.973
3 16 -22.929 241.624 14.089 -24.136 242.610 14.005 -24.255 240.068 14.476
3 16 -24.136 242.610 14.005 -25.441 241.079 14.386 -24.255 240.068 14.476
3 16 -24.136 242.610 14.005 -25.297 243.414 13.341 -25.441 241.079 14.386
3 16 -25.297 243.414 13.341 -26.582 241.906 13.716 -25.441 241.079 14.386
3 16 -25.297 243.414 13.341 -26.236 243.915 12.199 -26.582 241.906 13.716
3 16 -26.236 243.915 12.199 -27.506 242.425 12.570 -26.582 241.906 13.716
3 16 -26.236 243.915 12.199 -26.809 244.035 10.753 -27.506 242.425 12.570
3 16 -26.809 244.035 10.753 -28.071 242.555 11.121 -27.506 242.425 12.570
3 16 -26.809 244.035 10.753 -26.929 243.757 9.222 -28.071 242.555 11.121
3 16 -26.929 243.757 9.222 -28.192 242.277 9.590 -28.071 242.555 11.121
3 16 -26.929 243.757 9.222 -26.579 243.123 7.839 -28.192 242.277 9.590
3 16 -26.579 243.123 7.839 -27.849 241.633 8.210 -28.192 242.277 9.590
3 16 -25.342 244.640 7.466 -24.559 243.764 6.439 -26.579 243.123 7.839
3 16 -24.559 243.764 6.439 -25.810 242.230 6.816 -26.579 243.123 7.839
3 16 -24.559 243.764 6.439 -23.470 242.771 5.925 -25.810 242.230 6.816
3 16 -23.470 242.771 5.925 -24.741 241.213 6.308 -25.810 242.230 6.816
3 16 -23.470 242.771 5.925 -22.242 241.810 6.003 -24.741 241.213 6.308
3 16 -22.242 241.810 6.003 -23.534 240.227 6.392 -24.741 241.213 6.308
3 16 -22.242 241.810 6.003 -21.062 241.030 6.660 -23.534 240.227 6.392
3 16 -21.062 241.030 6.660 -22.373 239.423 7.055 -23.534 240.227 6.392
3 16 -21.062 241.030 6.660 -20.108 240.548 7.798 -22.373 239.423 7.055
3 16 -20.108 240.548 7.798 -21.434 238.922 8.198 -22.373 239.423 7.055
3 16 -20.108 240.548 7.798 -19.527 240.437 9.242 -21.434 238.922 8.198
3 16 -19.527 240.437 9.242 -20.861 238.802 9.644 -21.434 238.922 8.198
3 16 -19.527 240.437 9.242 -19.407 240.716 10.773 -20.861 238.802 9.644
3 16 -19.407 240.716 10.773 -20.741 239.080 11.175 -20.861 238.802 9.644
3 16 -19.407 240.716 10.773 -19.765 241.340 12.158 -20.741 239.080 11.175
3 16 -19.765 241.340 12.158 -21.091 239.714 12.558 -20.741 239.080 11.175
3 16 -19.765 241.340 12.158 -20.548 242.216 13.185 -21.091 239.714 12.558
3 16 -20.548 242.216 13.185 -21.860 240.607 13.581 -21.091 239.714 12.558
3 16 -20.548 242.216 13.185 -21.637 243.210 13.699 -21.860 240.607 13.581
3 16 -21.637 243.210 13.699 -22.929 241.624 14.089 -21.860 240.607 13.581
3 16 -21.637 243.210 13.699 -22.865 244.170 13.621 -22.929 241.624 14.089
3 16 -22.865 244.170 13.621 -24.136 242.610 14.005 -22.929 241.624 14.089
3 16 -22.865 244.170 13.621 -24.045 244.950 12.963 -24.136 242.610 14.005
3 16 -24.045 244.950 12.963 -25.297 243.414 13.341 -24.136 242.610 14.005
3 16 -24.045 244.950 12.963 -24.999 245.433 11.826 -25.297 243.414 13.341
3 16 -24.999 245.433 11.826 -26.236 243.915 12.199 -25.297 243.414 13.341
3 16 -24.999 245.433 11.826 -25.580 245.543 10.382 -26.236 243.915 12.199
3 16 -25.580 245.543 10.382 -26.809 244.035 10.753 -26.236 243.915 12.199
3 16 -25.580 245.543 10.382 -25.700 245.265 8.851 -26.809 244.035 10.753
3 16 -25.700 245.265 8.851 -26.929 243.757 9.222 -26.809 244.035 10.753
3 16 -25.700 245.265 8.851 -25.342 244.640 7.466 -26.929 243.757 9.222
3 16 -25.342 244.640 7.466 -26.579 243.123 7.839 -26.929 243.757 9.222
3 16 -24.136 246.185 7.090 -23.338 245.328 6.058 -25.342 244.640 7.466
3 16 -23.338 245.328 6.058 -24.559 243.764 6.439 -25.342 244.640 7.466
3 16 -23.338 245.328 6.058 -22.232 244.358 5.539 -24.559 243.764 6.439
3 16 -22.232 244.358 5.539 -23.470 242.771 5.925 -24.559 243.764 6.439
3 16 -22.232 244.358 5.539 -20.984 243.423 5.611 -23.470 242.771 5.925
3 16 -20.984 243.423 5.611 -22.242 241.810 6.003 -23.470 242.771 5.925
3 16 -20.984 243.423 5.611 -19.785 242.666 6.263 -22.242 241.810 6.003
3 16 -19.785 242.666 6.263 -21.062 241.030 6.660 -22.242 241.810 6.003
3 16 -19.785 242.666 6.263 -18.818 242.202 7.397 -21.062 241.030 6.660
3 16 -18.818 242.202 7.397 -20.108 240.548 7.798 -21.062 241.030 6.660
3 16 -18.818 242.202 7.397 -18.230 242.101 8.839 -20.108 240.548 7.798
3 16 -18.230 242.101 8.839 -19.527 240.437 9.242 -20.108 240.548 7.798
3 16 -18.230 242.101 8.839 -18.110 242.378 10.370 -19.527 240.437 9.242
3 16 -18.110 242.378 10.370 -19.407 240.716 10.773 -19.527 240.437 9.242
3 16 -18.110 242.378 10.370 -18.476 242.993 11.757 -19.407 240.716 10.773
3 16 -18.476 242.993 11.757 -19.765 241.340 12.158 -19.407 240.716 10.773
3 16 -18.476 242.993 11.757 -19.274 243.850 12.789 -19.765 241.340 12.158
3 16 -19.274 243.850 12.789 -20.548 242.216 13.185 -19.765 241.340 12.158
3 16 -19.274 243.850 12.789 -20.381 244.820 13.308 -20.548 242.216 13.185
3 16 -20.381 244.820 13.308 -21.637 243.210 13.699 -20.548 242.216 13.185
3 16 -20.381 244.820 13.308 -21.629 245.755 13.236 -21.637 243.210 13.699
3 16 -21.629 245.755 13.236 -22.865 244.170 13.621 -21.637 243.210 13.699
3 16 -21.629 245.755 13.236 -22.828 246.512 12.584 -22.865 244.170 13.621
3 16 -22.828 246.512 12.584 -24.045 244.950 12.963 -22.865 244.170 13.621
3 16 -22.828 246.512 12.584 -23.795 246.976 11.450 -24.045 244.950 12.963
3 16 -23.795 246.976 11.450 -24.999 245.433 11.826 -24.045 244.950 12.963
3 16 -23.795 246.976 11.450 -24.383 247.077 10.008 -24.999 245.433 11.826
3 16 -24.383 247.077 10.008 -25.580 245.543 10.382 -24.999 245.433 11.826
3 16 -24.383 247.077 10.008 -24.503 246.800 8.477 -25.580 245.543 10.382
3 16 -24.503 246.800 8.477 -25.700 245.265 8.851 -25.580 245.543 10.382
3 16 -24.503 246.800 8.477 -24.136 246.185 7.090 -25.700 245.265 8.851
3 16 -24.136 246.185 7.090 -25.342 244.640 7.466 -25.700 245.265 8.851
3 16 -22.965 247.755 6.714 -22.153 246.916 5.678 -24.136 246.185 7.090
3 16 -22.153 246.916 5.678 -23.338 245.328 6.058 -24.136 246.185 7.090
3 16 -22.153 246.916 5.678 -21.028 245.970 5.152 -23.338 245.328 6.058
3 16 -21.028 245.970 5.152 -22.232 244.358 5.539 -23.338 245.328 6.058
3 16 -21.028 245.970 5.152 -19.761 245.062 5.218 -22.232 244.358 5.539
3 16 -19.761 245.062 5.218 -20.984 243.423 5.611 -22.232 244.358 5.539
3 16 -19.761 245.062 5.218 -18.544 244.328 5.865 -20.984 243.423 5.611
3 16 -18.544 244.328 5.865 -19.785 242.666 6.263 -20.984 243.423 5.611
3 16 -18.544 244.328 5.865 -17.564 243.882 6.994 -19.785 242.666 6.263
3 16 -17.564 243.882 6.994 -18.818 242.202 7.397 -19.785 242.666 6.263
3 16 -17.564 243.882 6.994 -16.968 243.791 8.434 -18.818 242.202 7.397
3 16 -16.968 243.791 8.434 -18.230 242.101 8.839 -18.818 242.202 7.397
3 16 -16.968 243.791 8.434 -16.849 244.068 9.965 -18.230 242.101 8.839
3 16 -16.849 244.068 9.965 -18.110 242.378 10.370 -18.230 242.101 8.839
3 16 -16.849 244.068 9.965 -17.224 244.673 11.355 -18.110 242.378 10.370
3 16 -17.224 244.673 11.355 -18.476 242.993 11.757 -18.110 242.378 10.370
3 16 -17.224 244.673 11.355 -18.035 245.511 12.391 -18.476 242.993 11.757
3 16 -18.035 245.511 12.391 -19.274 243.850 12.789 -18.476 242.993 11.757
3 16 -18.035 245.511 12.391 -19.160 246.457 12.916 -19.274 243.850 12.789
3 16 -19.160 246.457 12.916 -20.381 244.820 13.308 -19.274 243.850 12.789
3 16 -19.160 246.457 12.916 -20.427 247.366 12.850 -20.381 244.820 13.308
3 16 -20.427 247.366 12.850 -21.629 245.755 13.236 -20.381 244.820 13.308
3 16 -20.427 247.366 12.850 -21.644 248.099 12.204 -21.629 245.755 13.236
3 16 -21.644 248.099 12.204 -22.828 246.512 12.584 -21.629 245.755 13.236
3 16 -21.644 248.099 12.204 -22.624 248.545 11.074 -22.828 246.512 12.584
3 16 -22.624 248.545 11.074 -23.795 246.976 11.450 -22.828 246.512 12.584
3 16 -22.624 248.545 11.074 -23.220 248.636 9.634 -23.795 246.976 11.450
3 16 -23.220 248.636 9.634 -24.383 247.077 10.008 -23.795 246.976 11.450
3 16 -23.220 248.636 9.634 -23.339 248.359 8.103 -24.383 247.077 10.008
3 16 -23.339 248.359 8.103 -24.503 246.800 8.477 -24.383 247.077 10.008
3 16 -23.339 248.359 8.103 -22.965 247.755 6.714 -24.503 246.800 8.477
3 16 -22.965 247.755 6.714 -24.136 246.185 7.090 -24.503 246.800 8.477
3 16 -21.826 249.351 6.336 -21.001 248.531 5.295 -22.965 247.755 6.714
3 16 -21.001 248.531 5.295 -22.153 246.916 5.678 -22.965 247.755 6.714
3 16 -21.001 248.531 5.295 -19.858 247.610 4.765 -22.153 246.916 5.678
3 16 -19.858 247.610 4.765 -21.028 245.970 5.152 -22.153 246.916 5.678
3 16 -19.858 247.610 4.765 -18.572 246.728 4.824 -21.028 245.970 5.152
3 16 -18.572 246.728 4.824 -19.761 245.062 5.218 -21.028 245.970 5.152
3 16 -18.572 246.728 4.824 -17.339 246.018 5.466 -19.761 245.062 5.218
3 16 -17.339 246.018 5.466 -18.544 244.328 5.865 -19.761 245.062 5.218
3 16 -17.339 246.018 5.466 -16.346 245.590 6.591 -18.544 244.328 5.865
3 16 -16.346 245.590 6.591 -17.564 243.882 6.994 -18.544 244.328 5.865
3 16 -16.346 245.590 6.591 -15.744 245.508 8.029 -17.564 243.882 6.994
3 16 -15.744 245.508 8.029 -16.968 243.791 8.434 -17.564 243.882 6.994
3 16 -15.744 245.508 8.029 -15.625 245.784 9.560 -16.968 243.791 8.434
3 16 -15.625 245.784 9.560 -16.849 244.068 9.965 -16.968 243.791 8.434
3 16 -15.625 245.784 9.560 -16.008 246.378 10.952 -16.849 244.068 9.965
3 16 -16.008 246.378 10.952 -17.224 244.673 11.355 -16.849 244.068 9.965
3 16 -16.008 246.378 10.952 -16.833 247.197 11.993 -17.224 244.673 11.355
3 16 -16.833 247.197 11.993 -18.035 245.511 12.391 -17.224 244.673 11.355
3 16 -16.833 247.197 11.993 -17.976 248.119 12.523 -18.035 245.511 12.391
3 16 -17.976 248.119 12.523 -19.160 246.457 12.916 -18.035 245.511 12.391
3 16 -17.976 248.119 12.523 -19.262 249.001 12.463 -19.160 246.457 12.916
3 16 -19.262 249.001 12.463 -20.427 247.366 12.850 -19.160 246.457 12.916
3 16 -19.262 249.001 12.463 -20.495 249.711 11.822 -20.427 247.366 12.850
3 16 -20.495 249.711 11.822 -21.644 248.099 12.204 -20.427 247.366 12.850
3 16 -20.495 249.711 11.822 -21.488 250.139 10.697 -21.644 248.099 12.204
3 16 -21.488 250.139 10.697 -22.624 248.545 11.074 -21.644 248.099 12.204
3 16 -21.488 250.139 10.697 -22.090 250.221 9.259 -22.624 248.545 11.074
3 16 -22.090 250.221 9.259 -23.220 248.636 9.634 -22.624 248.545 11.074
3 16 -22.090 250.221 9.259 -22.208 249.945 7.728 -23.220 248.636 9.634
3 16 -22.208 249.945 7.728 -23.339 248.359 8.103 -23.220 248.636 9.634
3 16 -22.208 249.945 7.728 -21.826 249.351 6.336 -23.339 248.359 8.103
3 16 -21.826 249.351 6.336 -22.965 247.755 6.714 -23.339 248.359 8.103
3 16 -20.721 250.972 5.958 -19.882 250.172 4.913 -21.826 249.351 6.336
3 16 -19.882 250.172 4.913 -21.001 248.531 5.295 -21.826 249.351 6.336
3 16 -19.882 250.172 4.913 -18.722 249.275 4.377 -21.001 248.531 5.295
3 16 -18.722 249.275 4.377 -19.858 247.610 4.765 -21.001 248.531 5.295
3 16 -18.722 249.275 4.377 -17.419 248.419 4.431 -19.858 247.610 4.765
3 16 -17.419 248.419 4.431 -18.572 246.728 4.824 -19.858 247.610 4.765
3 16 -17.419 248.419 4.431 -16.169 247.733 5.067 -18.572 246.728 4.824
3 16 -16.169 247.733 5.067 -17.339 246.018 5.466 -18.572 246.728 4.824
3 16 -16.169 247.733 5.067 -15.164 247.322 6.188 -17.339 246.018 5.466
3 16 -15.164 247.322 6.188 -16.346 245.590 6.591 -17.339 246.018 5.466
3 16 -15.164 247.322 6.188 -14.557 247.249 7.624 -16.346 245.590 6.591
3 16 -14.557 247.249 7.624 -15.744 245.508 8.029 -16.346 245.590 6.591
3 16 -14.557 247.249 7.624 -14.439 247.524 9.156 -15.744 245.508 8.029
3 16 -14.439 247.524 9.156 -15.625 245.784 9.560 -15.744 245.508 8.029
3 16 -14.439 247.524 9.156 -14.829 248.107 10.550 -15.625 245.784 9.560
3 16 -14.829 248.107 10.550 -16.008 246.378 10.952 -15.625 245.784 9.560
3 16 -14.829 248.107 10.550 -15.668 248.907 11.595 -16.008 246.378 10.952
3 16 -15.668 248.907 11.595 -16.833 247.197 11.993 -16.008 246.378 10.952
3 16 -15.668 248.907 11.595 -16.828 249.803 12.131 -16.833 247.197 11.993
3 16 -16.828 249.803 12.131 -17.976 248.119 12.523 -16.833 247.197 11.993
3 16 -16.828 249.803 12.131 -18.131 250.660 12.078 -17.976 248.119 12.523
3 16 -18.131 250.660 12.078 -19.262 249.001 12.463 -17.976 248.119 12.523
3 16 -18.131 250.660 12.078 -19.381 251.345 11.442 -19.262 249.001 12.463
3 16 -19.381 251.345 11.442 -20.495 249.711 11.822 -19.262 249.001 12.463
3 16 -19.381 251.345 11.442 -20.386 251.756 10.320 -20.495 249.711 11.822
3 16 -20.386 251.756 10.320 -21.488 250.139 10.697 -20.495 249.711 11.822
3 16 -20.386 251.756 10.320 -20.993 251.829 8.885 -21.488 250.139 10.697
3 16 -20.993 251.829 8.885 -22.090 250.221 9.259 -21.488 250.139 10.697
3 16 -20.993 251.829 8.885 -21.111 251.554 7.353 -22.090 250.221 9.259
3 16 -21.111 251.554 7.353 -22.208 249.945 7.728 -22.090 250.221 9.259
3 16 -21.111 251.554 7.353 -20.721 250.972 5.958 -22.208 249.945 7.728
3 16 -20.721 250.972 5.958 -21.826 249.351 6.336 -22.208 249.945 7.728
3 16 -19.650 252.616 5.581 -18.798 251.836 4.532 -20.721 250.972 5.958
3 16 -18.798 251.836 4.532 -19.882 250.172 4.913 -20.721 250.972 5.958
3 16 -18.798 251.836 4.532 -17.622 250.964 3.990 -19.882 250.172 4.913
3 16 -17.622 250.964 3.990 -18.722 249.275 4.377 -19.882 250.172 4.913
3 16 -17.622 250.964 3.990 -16.301 250.135 4.038 -18.722 249.275 4.377
3 16 -16.301 250.135 4.038 -17.419 248.419 4.431 -18.722 249.275 4.377
3 16 -16.301 250.135 4.038 -15.036 249.473 4.668 -17.419 248.419 4.431
3 16 -15.036 249.473 4.668 -16.169 247.733 5.067 -17.419 248.419 4.431
3 16 -15.036 249.473 4.668 -14.019 249.080 5.786 -16.169 247.733 5.067
3 16 -14.019 249.080 5.786 -15.164 247.322 6.188 -16.169 247.733 5.067
3 16 -14.019 249.080 5.786 -13.406 249.016 7.219 -15.164 247.322 6.188
3 16 -13.406 249.016 7.219 -14.557 247.249 7.624 -15.164 247.322 6.188
3 16 -13.406 249.016 7.219 -13.290 249.290 8.751 -14.557 247.249 7.624
3 16 -13.290 249.290 8.751 -14.439 247.524 9.156 -14.557 247.249 7.624
3 16 -13.290 249.290 8.751 -13.688 249.861 10.148 -14.439 247.524 9.156
3 16 -13.688 249.861 10.148 -14.829 248.107 10.550 -14.439 247.524 9.156
3 16 -13.688 249.861 10.148 -14.539 250.641 11.198 -14.829 248.107 10.550
3 16 -14.539 250.641 11.198 -15.668 248.907 11.595 -14.829 248.107 10.550
3 16 -14.539 250.641 11.198 -15.715 251.513 11.740 -15.668 248.907 11.595
3 16 -15.715 251.513 11.740 -16.828 249.803 12.131 -15.668 248.907 11.595
3 16 -15.715 251.513 11.740 -17.036 252.342 11.692 -16.828 249.803 12.131
3 16 -17.036 252.342 11.692 -18.131 250.660 12.078 -16.828 249.803 12.131
3 16 -17.036 252.342 11.692 -18.301 253.004 11.061 -18.131 250.660 12.078
3 16 -18.301 253.004 11.061 -19.381 251.345 11.442 -18.131 250.660 12.078
3 16 -18.301 253.004 11.061 -19.318 253.397 9.944 -19.381 251.345 11.442
3 16 -19.318 253.397 9.944 -20.386 251.756 10.320 -19.381 251.345 11.442
3 16 -19.318 253.397 9.944 -19.931 253.461 8.510 -20.386 251.756 10.320
3 16 -19.931 253.461 8.510 -20.993 251.829 8.885 -20.386 251.756 10.320
3 16 -19.931 253.461 8.510 -20.048 253.187 6.978 -20.993 251.829 8.885
3 16 -20.048 253.187 6.978 -21.111 251.554 7.353 -20.993 251.829 8.885
3 16 -20.048 253.187 6.978 -19.650 252.616 5.581 -21.111 251.554 7.353
3 16 -19.650 252.616 5.581 -20.721 250.972 5.958 -21.111 251.554 7.353
3 16 -18.612 254.285 5.205 -17.747 253.525 4.151 -19.650 252.616 5.581
3 16 -17.747 253.525 4.151 -18.798 251.836 4.532 -19.650 252.616 5.581
3 16 -17.747 253.525 4.151 -16.556 252.679 3.604 -18.798 251.836 4.532
3 16 -16.556 252.679 3.604 -17.622 250.964 3.990 -18.798 251.836 4.532
3 16 -16.556 252.679 3.604 -15.218 251.876 3.646 -17.622 250.964 3.990
3 16 -15.218 251.876 3.646 -16.301 250.135 4.038 -17.622 250.964 3.990
3 16 -15.218 251.876 3.646 -13.938 251.237 4.271 -16.301 250.135 4.038
3 16 -13.938 251.237 4.271 -15.036 249.473 4.668 -16.301 250.135 4.038
3 16 -13.938 251.237 4.271 -12.911 250.862 5.385 -15.036 249.473 4.668
3 16 -12.911 250.862 5.385 -14.019 249.080 5.786 -15.036 249.473 4.668
3 16 -12.911 250.862 5.385 -12.293 250.805 6.817 -14.019 249.080 5.786
3 16 -12.293 250.805 6.817 -13.406 249.016 7.219 -14.019 249.080 5.786
3 16 -12.293 250.805 6.817 -12.179 251.077 8.349 -13.406 249.016 7.219
3 16 -12.179 251.077 8.349 -13.290 249.290 8.751 -13.406 249.016 7.219
3 16 -12.179 251.077 8.349 -12.584 251.636 9.749 -13.290 249.290 8.751
3 16 -12.584 251.636 9.749 -13.688 249.861 10.148 -13.290 249.290 8.751
3 16 -12.584 251.636 9.749 -13.449 252.396 10.803 -13.688 249.861 10.148
3 16 -13.449 252.396 10.803 -14.539 250.641 11.198 -13.688 249.861 10.148
3 16 -13.449 252.396 10.803 -14.640 253.242 11.351 -14.539 250.641 11.198
3 16 -14.640 253.242 11.351 -15.715 251.513 11.740 -14.539 250.641 11.198
3 16 -14.640 253.242 11.351 -15.978 254.045 11.308 -15.715 251.513 11.740
3 16 -15.978 254.045 11.308 -17.036 252.342 11.692 -15.715 251.513 11.740
3 16 -15.978 254.045 11.308 -17.258 254.683 10.683 -17.036 252.342 11.692
3 16 -17.258 254.683 10.683 -18.301 253.004 11.061 -17.036 252.342 11.692
3 16 -17.258 254.683 10.683 -18.285 255.059 9.569 -18.301 253.004 11.061
3 16 -18.285 255.059 9.569 -19.318 253.397 9.944 -18.301 253.004 11.061
3 16 -18.285 255.059 9.569 -18.903 255.115 8.137 -19.318 253.397 9.944
3 16 -18.903 255.115 8.137 -19.931 253.461 8.510 -19.318 253.397 9.944
3 16 -18.903 255.115 8.137 -19.018 254.843 6.605 -19.931 253.461 8.510
3 16 -19.018 254.843 6.605 -20.048 253.187 6.978 -19.931 253.461 8.510
3 16 -19.018 254.843 6.605 -18.612 254.285 5.205 -20.048 253.187 6.978
3 16 -18.612 254.285 5.205 -19.650 252.616 5.581 -20.048 253.187 6.978
3 16 -17.609 255.974 4.831 -16.733 255.234 3.773 -18.612 254.285 5.205
3 16 -16.733 255.234 3.773 -17.747 253.525 4.151 -18.612 254.285 5.205
3 16 -16.733 255.234 3.773 -15.526 254.414 3.220 -17.747 253.525 4.151
3 16 -15.526 254.414 3.220 -16.556 252.679 3.604 -17.747 253.525 4.151
3 16 -15.526 254.414 3.220 -14.172 253.638 3.256 -16.556 252.679 3.604
3 16 -14.172 253.638 3.256 -15.218 251.876 3.646 -16.556 252.679 3.604
3 16 -14.172 253.638 3.256 -12.878 253.024 3.877 -15.218 251.876 3.646
3 16 -12.878 253.024 3.877 -13.938 251.237 4.271 -15.218 251.876 3.646
3 16 -12.878 253.024 3.877 -11.841 252.666 4.986 -13.938 251.237 4.271
3 16 -11.841 252.666 4.986 -12.911 250.862 5.385 -13.938 251.237 4.271
3 16 -11.841 252.666 4.986 -11.218 252.619 6.417 -12.911 250.862 5.385
3 16 -11.218 252.619 6.417 -12.293 250.805 6.817 -12.911 250.862 5.385
3 16 -11.218 252.619 6.417 -11.104 252.888 7.950 -12.293 250.805 6.817
3 16 -11.104 252.888 7.950 -12.179 251.077 8.349 -12.293 250.805 6.817
3 16 -11.104 252.888 7.950 -11.517 253.435 9.352 -12.179 251.077 8.349
3 16 -11.517 253.435 9.352 -12.584 251.636 9.749 -12.179 251.077 8.349
3 16 -11.517 253.435 9.352 -12.394 254.175 10.410 -12.584 251.636 9.749
3 16 -12.394 254.175 10.410 -13.449 252.396 10.803 -12.584 251.636 9.749
3 16 -12.394 254.175 10.410 -13.601 254.995 10.963 -13.449 252.396 10.803
3 16 -13.601 254.995 10.963 -14.640 253.242 11.351 -13.449 252.396 10.803
3 16 -13.601 254.995 10.963 -14.954 255.771 10.927 -14.640 253.242 11.351
3 16 -14.954 255.771 10.927 -15.978 254.045 11.308 -14.640 253.242 11.351
3 16 -14.954 255.771 10.927 -16.248 256.385 10.307 -15.978 254.045 11.308
3 16 -16.248 256.385 10.307 -17.258 254.683 10.683 -15.978 254.045 11.308
3 16 -16.248 256.385 10.307 -17.286 256.743 9.197 -17.258 254.683 10.683
3 16 -17.286 256.743 9.197 -18.285 255.059 9.569 -17.258 254.683 10.683
3 16 -17.286 256.743 9.197 -17.909 256.790 7.767 -18.285 255.059 9.569
3 16 -17.909 256.790 7.767 -18.903 255.115 8.137 -18.285 255.059 9.569
3 16 -17.909 256.790 7.767 -18.022 256.520 6.234 -18.903 255.115 8.137
3 16 -18.022 256.520 6.234 -19.018 254.843 6.605 -18.903 255.115 8.137
3 16 -18.022 256.520 6.234 -17.609 255.974 4.831 -19.018 254.843 6.605
3 16 -17.609 255.974 4.831 -18.612 254.285 5.205 -19.018 254.843 6.605
3 16 -16.640 257.687 4.460 -15.752 256.968 3.397 -17.609 255.974 4.831
3 16 -15.752 256.968 3.397 -16.733 255.234 3.773 -17.609 255.974 4.831
3 16 -15.752 256.968 3.397 -14.530 256.174 2.838 -16.733 255.234 3.773
3 16 -14.530 256.174 2.838 -15.526 254.414 3.220 -16.733 255.234 3.773
3 16 -14.530 256.174 2.838 -13.161 255.424 2.869 -15.526 254.414 3.220
3 16 -13.161 255.424 2.869 -14.172 253.638 3.256 -15.526 254.414 3.220
3 16 -13.161 255.424 2.869 -11.854 254.834 3.484 -14.172 253.638 3.256
3 16 -11.854 254.834 3.484 -12.878 253.024 3.877 -14.172 253.638 3.256
3 16 -11.854 254.834 3.484 -10.807 254.493 4.590 -12.878 253.024 3.877
3 16 -10.807 254.493 4.590 -11.841 252.666 4.986 -12.878 253.024 3.877
3 16 -10.807 254.493 4.590 -10.180 254.453 6.019 -11.841 252.666 4.986
3 16 -10.180 254.453 6.019 -11.218 252.619 6.417 -11.841 252.666 4.986
3 16 -10.180 254.453 6.019 -10.068 254.721 7.553 -11.218 252.619 6.417
3 16 -10.068 254.721 7.553 -11.104 252.888 7.950 -11.218 252.619 6.417
3 16 -10.068 254.721 7.553 -10.488 255.254 8.958 -11.104 252.888 7.950
3 16 -10.488 255.254 8.958 -11.517 253.435 9.352 -11.104 252.888 7.950
3 16 -10.488 255.254 8.958 -11.377 255.973 10.021 -11.517 253.435 9.352
3 16 -11.377 255.973 10.021 -12.394 254.175 10.410 -11.517 253.435 9.352
3 16 -11.377 255.973 10.021 -12.599 256.767 10.579 -12.394 254.175 10.410
3 16 -12.599 256.767 10.579 -13.601 254.995 10.963 -12.394 254.175 10.410
3 16 -12.599 256.767 10.579 -13.967 257.517 10.548 -13.601 254.995 10.963
3 16 -13.967 257.517 10.548 -14.954 255.771 10.927 -13.601 254.995 10.963
3 16 -13.967 257.517 10.548 -15.275 258.107 9.933 -14.954 255.771 10.927
3 16 -15.275 258.107 9.933 -16.248 256.385 10.307 -14.954 255.771 10.927
3 16 -15.275 258.107 9.933 -16.322 258.448 8.827 -16.248 256.385 10.307
3 16 -16.322 258.448 8.827 -17.286 256.743 9.197 -16.248 256.385 10.307
3 16 -16.322 258.448 8.827 -16.949 258.488 7.398 -17.286 256.743 9.197
3 16 -16.949 258.488 7.398 -17.909 256.790 7.767 -17.286 256.743 9.197
3 16 -16.949 258.488 7.398 -17.061 258.220 5.865 -17.909 256.790 7.767
3 16 -17.061 258.220 5.865 -18.022 256.520 6.234 -17.909 256.790 7.767
3 16 -17.061 258.220 5.865 -16.640 257.687 4.460 -18.022 256.520 6.234
3 16 -16.640 257.687 4.460 -17.609 255.974 4.831 -18.022 256.520 6.234
3 16 -15.706 259.420 4.092 -14.806 258.722 3.025 -16.640 257.687 4.460
3 16 -14.806 258.722 3.025 -15.752 256.968 3.397 -16.640 257.687 4.460
3 16 -14.806 258.722 3.025 -13.570 257.954 2.461 -15.752 256.968 3.397
3 16 -13.570 257.954 2.461 -14.530 256.174 2.838 -15.752 256.968 3.397
3 16 -13.570 257.954 2.461 -12.187 257.231 2.486 -14.530 256.174 2.838
3 16 -12.187 257.231 2.486 -13.161 255.424 2.869 -14.530 256.174 2.838
3 16 -12.187 257.231 2.486 -10.866 256.665 3.096 -13.161 255.424 2.869
3 16 -10.866 256.665 3.096 -11.854 254.834 3.484 -13.161 255.424 2.869
3 16 -10.866 256.665 3.096 -9.810 256.341 4.199 -11.854 254.834 3.484
3 16 -9.810 256.341 4.199 -10.807 254.493 4.590 -11.854 254.834 3.484
3 16 -9.810 256.341 4.199 -9.179 256.309 5.626 -10.807 254.493 4.590
3 16 -9.179 256.309 5.626 -10.180 254.453 6.019 -10.807 254.493 4.590
3 16 -9.179 256.309 5.626 -9.069 256.573 7.160 -10.180 254.453 6.019
3 16 -9.069 256.573 7.160 -10.068 254.721 7.553 -10.180 254.453 6.019
3 16 -9.069 256.573 7.160 -9.497 257.094 8.568 -10.068 254.721 7.553
3 16 -9.497 257.094 8.568 -10.488 255.254 8.958 -10.068 254.721 7.553
3 16 -9.497 257.094 8.568 -10.397 257.791 9.635 -10.488 255.254 8.958
3 16 -10.397 257.791 9.635 -11.377 255.973 10.021 -10.488 255.254 8.958
3 16 -10.397 257.791 9.635 -11.633 258.559 10.199 -11.377 255.973 10.021
3 16 -11.633 258.559 10.199 -12.599 256.767 10.579 -11.377 255.973 10.021
3 16 -11.633 258.559 10.199 -13.016 259.282 10.174 -12.599 256.767 10.579
3 16 -13.016 259.282 10.174 -13.967 257.517 10.548 -12.599 256.767 10.579
3 16 -13.016 259.282 10.174 -14.337 259.848 9.564 -13.967 257.517 10.548
3 16 -14.337 259.848 9.564 -15.275 258.107 9.933 -13.967 257.517 10.548
3 16 -14.337 259.848 9.564 -15.393 260.172 8.461 -15.275 258.107 9.933
3 16 -15.393 260.172 8.461 -16.322 258.448 8.827 -15.275 258.107 9.933
3 16 -15.393 260.172 8.461 -16.024 260.204 7.034 -16.322 258.448 8.827
3 16 -16.024 260.204 7.034 -16.949 258.488 7.398 -16.322 258.448 8.827
3 16 -16.024 260.204 7.034 -16.134 259.940 5.500 -16.949 258.488 7.398
3 16 -16.134 259.940 5.500 -17.061 258.220 5.865 -16.949 258.488 7.398
3 16 -16.134 259.940 5.500 -15.706 259.420 4.092 -17.061 258.220 5.865
3 16 -15.706 259.420 4.092 -16.640 257.687 4.460 -17.061 258.220 5.865
3 16 -14.806 261.173 3.727 -13.895 260.497 2.656 -15.706 259.420 4.092
3 16 -13.895 260.497 2.656 -14.806 258.722 3.025 -15.706 259.420 4.092
3 16 -13.895 260.497 2.656 -12.645 259.755 2.087 -14.806 258.722 3.025
3 16 -12.645 259.755 2.087 -13.570 257.954 2.461 -14.806 258.722 3.025
3 16 -12.645 259.755 2.087 -11.248 259.060 2.106 -13.570 257.954 2.461
3 16 -11.248 259.060 2.106 -12.187 257.231 2.486 -13.570 257.954 2.461
3 16 -11.248 259.060 2.106 -9.916 258.517 2.712 -12.187 257.231 2.486
3 16 -9.916 258.517 2.712 -10.866 256.665 3.096 -12.187 257.231 2.486
3 16 -9.916 258.517 2.712 -8.851 258.210 3.811 -10.866 256.665 3.096
3 16 -8.851 258.210 3.811 -9.810 256.341 4.199 -10.866 256.665 3.096
3 16 -8.851 258.210 3.811 -8.217 258.185 5.237 -9.810 256.341 4.199
3 16 -8.217 258.185 5.237 -9.179 256.309 5.626 -9.810 256.341 4.199
3 16 -8.217 258.185 5.237 -8.108 258.446 6.772 -9.179 256.309 5.626
3 16 -8.108 258.446 6.772 -9.069 256.573 7.160 -9.179 256.309 5.626
3 16 -8.108 258.446 6.772 -8.543 258.953 8.182 -9.069 256.573 7.160
3 16 -8.543 258.953 8.182 -9.497 257.094 8.568 -9.069 256.573 7.160
3 16 -8.543 258.953 8.182 -9.454 259.629 9.254 -9.497 257.094 8.568
3 16 -9.454 259.629 9.254 -10.397 257.791 9.635 -9.497 257.094 8.568
3 16 -9.454 259.629 9.254 -10.704 260.371 9.823 -10.397 257.791 9.635
3 16 -10.704 260.371 9.823 -11.633 258.559 10.199 -10.397 257.791 9.635
3 16 -10.704 260.371 9.823 -12.101 261.066 9.803 -11.633 258.559 10.199
3 16 -12.101 261.066 9.803 -13.016 259.282 10.174 -11.633 258.559 10.199
3 16 -12.101 261.066 9.803 -13.434 261.609 9.198 -13.016 259.282 10.174
3 16 -13.434 261.609 9.198 -14.337 259.848 9.564 -13.016 259.282 10.174
3 16 -13.434 261.609 9.198 -14.498 261.916 8.099 -14.337 259.848 9.564
3 16 -14.498 261.916 8.099 -15.393 260.172 8.461 -14.337 259.848 9.564
3 16 -14.498 261.916 8.099 -15.133 261.941 6.673 -15.393 260.172 8.461
3 16 -15.133 261.941 6.673 -16.024 260.204 7.034 -15.393 260.172 8.461
3 16 -15.133 261.941 6.673 -15.241 261.680 5.138 -16.024 260.204 7.034
3 16 -15.241 261.680 5.138 -16.134 259.940 5.500 -16.024 260.204 7.034
3 16 -15.241 261.680 5.138 -14.806 261.173 3.727 -16.134 259.940 5.500
3 16 -14.806 261.173 3.727 -15.706 259.420 4.092 -16.134 259.940 5.500
3 16 -13.941 262.947 3.368 -13.018 262.293 2.292 -14.806 261.173 3.727
3 16 -13.018 262.293 2.292 -13.895 260.497 2.656 -14.806 261.173 3.727
3 16 -13.018 262.293 2.292 -11.756 261.578 1.717 -13.895 260.497 2.656
3 16 -11.756 261.578 1.717 -12.645 259.755 2.087 -13.895 260.497 2.656
3 16 -11.756 261.578 1.717 -10.345 260.909 1.732 -12.645 259.755 2.087
3 16 -10.345 260.909 1.732 -11.248 259.060 2.106 -12.645 259.755 2.087
3 16 -10.345 260.909 1.732 -9.002 260.390 2.332 -11.248 259.060 2.106
3 16 -9.002 260.390 2.332 -9.916 258.517 2.712 -11.248 259.060 2.106
3 16 -9.002 260.390 2.332 -7.929 260.099 3.429 -9.916 258.517 2.712
3 16 -7.929 260.099 3.429 -8.851 258.210 3.811 -9.916 258.517 2.712
3 16 -7.929 260.099 3.429 -7.292 260.081 4.853 -8.851 258.210 3.811
3 16 -7.292 260.081 4.853 -8.217 258.185 5.237 -8.851 258.210 3.811
3 16 -7.292 260.081 4.853 -7.186 260.337 6.389 -8.217 258.185 5.237
3 16 -7.186 260.337 6.389 -8.108 258.446 6.772 -8.217 258.185 5.237
3 16 -7.186 260.337 6.389 -7.628 260.830 7.802 -8.108 258.446 6.772
3 16 -7.628 260.830 7.802 -8.543 258.953 8.182 -8.108 258.446 6.772
3 16 -7.628 260.830 7.802 -8.550 261.484 8.878 -8.543 258.953 8.182
3 16 -8.550 261.484 8.878 -9.454 259.629 9.254 -8.543 258.953 8.182
3 16 -8.550 261.484 8.878 -9.812 262.199 9.453 -9.454 259.629 9.254
3 16 -9.812 262.199 9.453 -10.704 260.371 9.823 -9.454 259.629 9.254
3 16 -9.812 262.199 9.453 -11.223 262.867 9.438 -10.704 260.371 9.823
3 16 -11.223 262.867 9.438 -12.101 261.066 9.803 -10.704 260.371 9.823
3 16 -11.223 262.867 9.438 -12.567 263.386 8.837 -12.101 261.066 9.803
3 16 -12.567 263.386 8.837 -13.434 261.609 9.198 -12.101 261.066 9.803
3 16 -12.567 263.386 8.837 -13.639 263.677 7.741 -13.434 261.609 9.198
3 16 -13.639 263.677 7.741 -14.498 261.916 8.099 -13.434 261.609 9.198
3 16 -13.639 263.677 7.741 -14.276 263.696 6.317 -14.498 261.916 8.099
3 16 -14.276 263.696 6.317 -15.133 261.941 6.673 -14.498 261.916 8.099
3 16 -14.276 263.696 6.317 -14.382 263.439 4.781 -15.133 261.941 6.673
3 16 -14.382 263.439 4.781 -15.241 261.680 5.138 -15.133 261.941 6.673
3 16 -14.382 263.439 4.781 -13.941 262.947 3.368 -15.241 261.680 5.138
3 16 -13.941 262.947 3.368 -14.806 261.173 3.727 -15.241 261.680 5.138
3 16 -13.111 264.737 3.014 -12.178 264.105 1.934 -13.941 262.947 3.368
3 16 -12.178 264.105 1.934 -13.018 262.293 2.292 -13.941 262.947 3.368
3 16 -12.178 264.105 1.934 -10.903 263.417 1.354 -13.018 262.293 2.292
3 16 -10.903 263.417 1.354 -11.756 261.578 1.717 -13.018 262.293 2.292
3 16 -10.903 263.417 1.354 -9.480 262.777 1.363 -11.756 261.578 1.717
3 16 -9.480 262.777 1.363 -10.345 260.909 1.732 -11.756 261.578 1.717
3 16 -9.480 262.777 1.363 -8.125 262.282 1.959 -10.345 260.909 1.732
3 16 -8.125 262.282 1.959 -9.002 260.390 2.332 -10.345 260.909 1.732
3 16 -8.125 262.282 1.959 -7.045 262.007 3.052 -9.002 260.390 2.332
3 16 -7.045 262.007 3.052 -7.929 260.099 3.429 -9.002 260.390 2.332
3 16 -7.045 262.007 3.052 -6.404 261.996 4.475 -7.929 260.099 3.429
3 16 -6.404 261.996 4.475 -7.292 260.081 4.853 -7.929 260.099 3.429
3 16 -6.404 261.996 4.475 -6.300 262.249 6.012 -7.292 260.081 4.853
3 16 -6.300 262.249 6.012 -7.186 260.337 6.389 -7.292 260.081 4.853
3 16 -6.300 262.249 6.012 -6.749 262.727 7.428 -7.186 260.337 6.389
3 16 -6.749 262.727 7.428 -7.628 260.830 7.802 -7.186 260.337 6.389
3 16 -6.749 262.727 7.428 -7.682 263.359 8.508 -7.628 260.830 7.802
3 16 -7.682 263.359 8.508 -8.550 261.484 8.878 -7.628 260.830 7.802
3 16 -7.682 263.359 8.508 -8.957 264.047 9.088 -8.550 261.484 8.878
3 16 -8.957 264.047 9.088 -9.812 262.199 9.453 -8.550 261.484 8.878
3 16 -8.957 264.047 9.088 -10.380 264.688 9.079 -9.812 262.199 9.453
3 16 -10.380 264.688 9.079 -11.223 262.867 9.438 -9.812 262.199 9.453
3 16 -10.380 264.688 9.079 -11.735 265.183 8.483 -11.223 262.867 9.438
3 16 -11.735 265.183 8.483 -12.567 263.386 8.837 -11.223 262.867 9.438
3 16 -11.735 265.183 8.483 -12.815 265.457 7.390 -12.567 263.386 8.837
3 16 -12.815 265.457 7.390 -13.639 263.677 7.741 -12.567 263.386 8.837
3 16 -12.815 265.457 7.390 -13.455 265.468 5.967 -13.639 263.677 7.741
3 16 -13.455 265.468 5.967 -14.276 263.696 6.317 -13.639 263.677 7.741
3 16 -13.455 265.468 5.967 -13.559 265.216 4.430 -14.276 263.696 6.317
3 16 -13.559 265.216 4.430 -14.382 263.439 4.781 -14.276 263.696 6.317
3 16 -13.559 265.216 4.430 -13.111 264.737 3.014 -14.382 263.439 4.781
3 16 -13.111 264.737 3.014 -13.941 262.947 3.368 -14.382 263.439 4.781
3 16 -12.315 266.548 2.665 -11.372 265.939 1.581 -13.111 264.737 3.014
3 16 -11.372 265.939 1.581 -12.178 264.105 1.934 -13.111 264.737 3.014
3 16 -11.372 265.939 1.581 -10.085 265.278 0.996 -12.178 264.105 1.934
3 16 -10.085 265.278 0.996 -10.903 263.417 1.354 -12.178 264.105 1.934
3 16 -10.085 265.278 0.996 -8.650 264.664 1.000 -10.903 263.417 1.354
3 16 -8.650 264.664 1.000 -9.480 262.777 1.363 -10.903 263.417 1.354
3 16 -8.650 264.664 1.000 -7.285 264.192 1.592 -9.480 262.777 1.363
3 16 -7.285 264.192 1.592 -8.125 262.282 1.959 -9.480 262.777 1.363
3 16 -7.285 264.192 1.592 -6.198 263.934 2.682 -8.125 262.282 1.959
3 16 -6.198 263.934 2.682 -7.045 262.007 3.052 -8.125 262.282 1.959
3 16 -6.198 263.934 2.682 -5.555 263.928 4.104 -7.045 262.007 3.052
3 16 -5.555 263.928 4.104 -6.404 261.996 4.475 -7.045 262.007 3.052
3 16 -5.555 263.928 4.104 -5.453 264.176 5.642 -6.404 261.996 4.475
3 16 -5.453 264.176 5.642 -6.300 262.249 6.012 -6.404 261.996 4.475
3 16 -5.453 264.176 5.642 -5.909 264.639 7.061 -6.300 262.249 6.012
3 16 -5.909 264.639 7.061 -6.749 262.727 7.428 -6.300 262.249 6.012
3 16 -5.909 264.639 7.061 -6.852 265.248 8.145 -6.749 262.727 7.428
3 16 -6.852 265.248 8.145 -7.682 263.359 8.508 -6.749 262.727 7.428
3 16 -6.852 265.248 8.145 -8.139 265.910 8.730 -7.682 263.359 8.508
3 16 -8.139 265.910 8.730 -8.957 264.047 9.088 -7.682 263.359 8.508
3 16 -8.139 265.910 8.730 -9.574 266.523 8.726 -8.957 264.047 9.088
3 16 -9.574 266.523 8.726 -10.380 264.688 9.079 -8.957 264.047 9.088
3 16 -9.574 266.523 8.726 -10.938 266.995 8.134 -10.380 264.688 9.079
3 16 -10.938 266.995 8.134 -11.735 265.183 8.483 -10.380 264.688 9.079
3 16 -10.938 266.995 8.134 -12.025 267.254 7.044 -11.735 265.183 8.483
3 16 -12.025 267.254 7.044 -12.815 265.457 7.390 -11.735 265.183 8.483
3 16 -12.025 267.254 7.044 -12.668 267.260 5.622 -12.815 265.457 7.390
3 16 -12.668 267.260 5.622 -13.455 265.468 5.967 -12.815 265.457 7.390
3 16 -12.668 267.260 5.622 -12.770 267.012 4.084 -13.455 265.468 5.967
3 16 -12.770 267.012 4.084 -13.559 265.216 4.430 -13.455 265.468 5.967
3 16 -12.770 267.012 4.084 -12.315 266.548 2.665 -13.559 265.216 4.430
3 16 -12.315 266.548 2.665 -13.111 264.737 3.014 -13.559 265.216 4.430
3 16 -11.553 268.375 2.324 -10.601 267.789 1.235 -12.315 266.548 2.665
3 16 -10.601 267.789 1.235 -11.372 265.939 1.581 -12.315 266.548 2.665
3 16 -10.601 267.789 1.235 -9.303 267.154 0.646 -11.372 265.939 1.581
3 16 -9.303 267.154 0.646 -10.085 265.278 0.996 -11.372 265.939 1.581
3 16 -9.303 267.154 0.646 -7.856 266.568 0.645 -10.085 265.278 0.996
3 16 -7.856 266.568 0.645 -8.650 264.664 1.000 -10.085 265.278 0.996
3 16 -7.856 266.568 0.645 -6.482 266.119 1.233 -8.650 264.664 1.000
3 16 -6.482 266.119 1.233 -7.285 264.192 1.592 -8.650 264.664 1.000
3 16 -6.482 266.119 1.233 -5.389 265.876 2.320 -7.285 264.192 1.592
3 16 -5.389 265.876 2.320 -6.198 263.934 2.682 -7.285 264.192 1.592
3 16 -5.389 265.876 2.320 -4.743 265.876 3.741 -6.198 263.934 2.682
3 16 -4.743 265.876 3.741 -5.555 263.928 4.104 -6.198 263.934 2.682
3 16 -4.743 265.876 3.741 -4.644 266.119 5.279 -5.555 263.928 4.104
3 16 -4.644 266.119 5.279 -5.453 264.176 5.642 -5.555 263.928 4.104
3 16 -4.644 266.119 5.279 -5.105 266.568 6.701 -5.453 264.176 5.642
3 16 -5.105 266.568 6.701 -5.909 264.639 7.061 -5.453 264.176 5.642
3 16 -5.105 266.568 6.701 -6.058 267.154 7.790 -5.909 264.639 7.061
3 16 -6.058 267.154 7.790 -6.852 265.248 8.145 -5.909 264.639 7.061
3 16 -6.058 267.154 7.790 -7.356 267.789 8.379 -6.852 265.248 8.145
3 16 -7.356 267.789 8.379 -8.139 265.910 8.730 -6.852 265.248 8.145
3 16 -7.356 267.789 8.379 -8.802 268.375 8.380 -8.139 265.910 8.730
3 16 -8.802 268.375 8.380 -9.574 266.523 8.726 -8.139 265.910 8.730
3 16 -8.802 268.375 8.380 -10.177 268.824 7.792 -9.574 266.523 8.726
3 16 -10.177 268.824 7.792 -10.938 266.995 8.134 -9.574 266.523 8.726
3 16 -10.177 268.824 7.792 -11.270 269.067 6.705 -10.938 266.995 8.134
3 16 -11.270 269.067 6.705 -12.025 267.254 7.044 -10.938 266.995 8.134
3 16 -11.270 269.067 6.705 -11.915 269.067 5.284 -12.025 267.254 7.044
3 16 -11.915 269.067 5.284 -12.668 267.260 5.622 -12.025 267.254 7.044
3 16 -11.915 269.067 5.284 -12.015 268.824 3.746 -12.668 267.260 5.622
3 16 -12.015 268.824 3.746 -12.770 267.012 4.084 -12.668 267.260 5.622
3 16 -12.015 268.824 3.746 -11.553 268.375 2.324 -12.770 267.012 4.084
3 16 -11.553 268.375 2.324 -12.315 266.548 2.665 -12.770 267.012 4.084
3 16 -10.827 270.219 1.989 -9.865 269.656 0.896 -11.553 268.375 2.324
3 16 -9.865 269.656 0.896 -10.601 267.789 1.235 -11.553 268.375 2.324
3 16 -9.865 269.656 0.896 -8.556 269.049 0.302 -10.601 267.789 1.235
3 16 -8.556 269.049 0.302 -9.303 267.154 0.646 -10.601 267.789 1.235
3 16 -8.556 269.049 0.302 -7.099 268.490 0.296 -9.303 267.154 0.646
3 16 -7.099 268.490 0.296 -7.856 266.568 0.645 -9.303 267.154 0.646
3 16 -7.099 268.490 0.296 -5.715 268.064 0.880 -7.856 266.568 0.645
3 16 -5.715 268.064 0.880 -6.482 266.119 1.233 -7.856 266.568 0.645
3 16 -5.715 268.064 0.880 -4.616 267.837 1.965 -6.482 266.119 1.233
3 16 -4.616 267.837 1.965 -5.389 265.876 2.320 -6.482 266.119 1.233
3 16 -4.616 267.837 1.965 -3.969 267.842 3.385 -5.389 265.876 2.320
3 16 -3.969 267.842 3.385 -4.743 265.876 3.741 -5.389 265.876 2.320
3 16 -3.969 267.842 3.385 -3.872 268.080 4.924 -4.743 265.876 3.741
3 16 -3.872 268.080 4.924 -4.644 266.119 5.279 -4.743 265.876 3.741
3 16 -3.872 268.080 4.924 -4.339 268.513 6.349 -4.644 266.119 5.279
3 16 -4.339 268.513 6.349 -5.105 266.568 6.701 -4.644 266.119 5.279
3 16 -4.339 268.513 6.349 -5.301 269.076 7.441 -5.105 266.568 6.701
3 16 -5.301 269.076 7.441 -6.058 267.154 7.790 -5.105 266.568 6.701
3 16 -5.301 269.076 7.441 -6.610 269.683 8.036 -6.058 267.154 7.790
3 16 -6.610 269.683 8.036 -7.356 267.789 8.379 -6.058 267.154 7.790
3 16 -6.610 269.683 8.036 -8.067 270.242 8.042 -7.356 267.789 8.379
3 16 -8.067 270.242 8.042 -8.802 268.375 8.380 -7.356 267.789 8.379
3 16 -8.067 270.242 8.042 -9.451 270.667 7.458 -8.802 268.375 8.380
3 16 -9.451 270.667 7.458 -10.177 268.824 7.792 -8.802 268.375 8.380
3 16 -9.451 270.667 7.458 -10.550 270.895 6.373 -10.177 268.824 7.792
3 16 -10.550 270.895 6.373 -11.270 269.067 6.705 -10.177 268.824 7.792
3 16 -10.550 270.895 6.373 -11.197 270.889 4.953 -11.270 269.067 6.705
3 16 -11.197 270.889 4.953 -11.915 269.067 5.284 -11.270 269.067 6.705
3 16 -11.197 270.889 4.953 -11.295 270.652 3.414 -11.915 269.067 5.284
3 16 -11.295 270.652 3.414 -12.015 268.824 3.746 -11.915 269.067 5.284
3 16 -11.295 270.652 3.414 -10.827 270.219 1.989 -12.015 268.824 3.746
3 16 -10.827 270.219 1.989 -11.553 268.375 2.324 -12.015 268.824 3.746
3 16 -10.135 272.079 1.663 -9.164 271.540 0.566 -10.827 270.219 1.989
3 16 -9.164 271.540 0.566 -9.865 269.656 0.896 -10.827 270.219 1.989
3 16 -9.164 271.540 0.566 -7.844 270.961 -0.033 -9.865 269.656 0.896
3 16 -7.844 270.961 -0.033 -8.556 269.049 0.302 -9.865 269.656 0.896
3 16 -7.844 270.961 -0.033 -6.377 270.430 -0.043 -8.556 269.049 0.302
3 16 -6.377 270.430 -0.043 -7.099 268.490 0.296 -8.556 269.049 0.302
3 16 -6.377 270.430 -0.043 -4.985 270.027 0.537 -7.099 268.490 0.296
3 16 -4.985 270.027 0.537 -5.715 268.064 0.880 -7.099 268.490 0.296
3 16 -4.985 270.027 0.537 -3.880 269.814 1.619 -5.715 268.064 0.880
3 16 -3.880 269.814 1.619 -4.616 267.837 1.965 -5.715 268.064 0.880
3 16 -3.880 269.814 1.619 -3.232 269.824 3.038 -4.616 267.837 1.965
3 16 -3.232 269.824 3.038 -3.969 267.842 3.385 -4.616 267.837 1.965
3 16 -3.232 269.824 3.038 -3.137 270.055 4.579 -3.969 267.842 3.385
3 16 -3.137 270.055 4.579 -3.872 268.080 4.924 -3.969 267.842 3.385
3 16 -3.137 270.055 4.579 -3.611 270.471 6.006 -3.872 268.080 4.924
3 16 -3.611 270.471 6.006 -4.339 268.513 6.349 -3.872 268.080 4.924
3 16 -3.611 270.471 6.006 -4.582 271.010 7.103 -4.339 268.513 6.349
3 16 -4.582 271.010 7.103 -5.301 269.076 7.441 -4.339 268.513 6.349
3 16 -4.582 271.010 7.103 -5.902 271.589 7.702 -5.301 269.076 7.441
3 16 -5.902 271.589 7.702 -6.610 269.683 8.036 -5.301 269.076 7.441
3 16 -5.902 271.589 7.702 -7.369 272.121 7.713 -6.610 269.683 8.036
3 16 -7.369 272.121 7.713 -8.067 270.242 8.042 -6.610 269.683 8.036
3 16 -7.369 272.121 7.713 -8.761 272.523 7.133 -8.067 270.242 8.042
3 16 -8.761 272.523 7.133 -9.451 270.667 7.458 -8.067 270.242 8.042
3 16 -8.761 272.523 7.133 -9.866 272.736 6.051 -9.451 270.667 7.458
3 16 -9.866 272.736 6.051 -10.550 270.895 6.373 -9.451 270.667 7.458
3 16 -9.866 272.736 6.051 -10.514 272.726 4.631 -10.550 270.895 6.373
3 16 -10.514 272.726 4.631 -11.197 270.889 4.953 -10.550 270.895 6.373
3 16 -10.514 272.726 4.631 -10.609 272.495 3.091 -11.197 270.889 4.953
3 16 -10.609 272.495 3.091 -11.295 270.652 3.414 -11.197 270.889 4.953
3 16 -10.609 272.495 3.091 -10.135 272.079 1.663 -11.295 270.652 3.414
3 16 -10.135 272.079 1.663 -10.827 270.219 1.989 -11.295 270.652 3.414
3 16 -9.479 273.953 1.346 -8.499 273.438 0.246 -10.135 272.079 1.663
3 16 -8.499 273.438 0.246 -9.164 271.540 0.566 -10.135 272.079 1.663
3 16 -8.499 273.438 0.246 -7.170 272.887 -0.358 -9.164 271.540 0.566
3 16 -7.170 272.887 -0.358 -7.844 270.961 -0.033 -9.164 271.540 0.566
3 16 -7.170 272.887 -0.358 -5.693 272.384 -0.373 -7.844 270.961 -0.033
3 16 -5.693 272.384 -0.373 -6.377 270.430 -0.043 -7.844 270.961 -0.033
3 16 -5.693 272.384 -0.373 -4.293 272.004 0.203 -6.377 270.430 -0.043
3 16 -4.293 272.004 0.203 -4.985 270.027 0.537 -6.377 270.430 -0.043
3 16 -4.293 272.004 0.203 -3.183 271.807 1.283 -4.985 270.027 0.537
3 16 -3.183 271.807 1.283 -3.880 269.814 1.619 -4.985 270.027 0.537
3 16 -3.183 271.807 1.283 -2.533 271.822 2.701 -3.880 269.814 1.619
3 16 -2.533 271.822 2.701 -3.232 269.824 3.038 -3.880 269.814 1.619
3 16 -2.533 271.822 2.701 -2.441 272.046 4.243 -3.232 269.824 3.038
3 16 -2.441 272.046 4.243 -3.137 270.055 4.579 -3.232 269.824 3.038
3 16 -2.441 272.046 4.243 -2.921 272.446 5.673 -3.137 270.055 4.579
3 16 -2.921 272.446 5.673 -3.611 270.471 6.006 -3.137 270.055 4.579
3 16 -2.921 272.446 5.673 -3.900 272.961 6.774 -3.611 270.471 6.006
3 16 -3.900 272.961 6.774 -4.582 271.010 7.103 -3.611 270.471 6.006
3 16 -3.900 272.961 6.774 -5.230 273.512 7.378 -4.582 271.010 7.103
3 16 -5.230 273.512 7.378 -5.902 271.589 7.702 -4.582 271.010 7.103
3 16 -5.230 273.512 7.378 -6.707 274.015 7.393 -5.902 271.589 7.702
3 16 -6.707 274.015 7.393 -7.369 272.121 7.713 -5.902 271.589 7.702
3 16 -6.707 274.015 7.393 -8.107 274.395 6.817 -7.369 272.121 7.713
3 16 -8.107 274.395 6.817 -8.761 272.523 7.133 -7.369 272.121 7.713
3 16 -8.107 274.395 6.817 -9.216 274.592 5.737 -8.761 272.523 7.133
3 16 -9.216 274.592 5.737 -9.866 272.736 6.051 -8.761 272.523 7.133
3 16 -9.216 274.592 5.737 -9.867 274.577 4.318 -9.866 272.736 6.051
3 16 -9.867 274.577 4.318 -10.514 272.726 4.631 -9.866 272.736 6.051
3 16 -9.867 274.577 4.318 -9.959 274.353 2.777 -10.514 272.726 4.631
3 16 -9.959 274.353 2.777 -10.609 272.495 3.091 -10.514 272.726 4.631
3 16 -9.959 274.353 2.777 -9.479 273.953 1.346 -10.609 272.495 3.091
3 16 -9.479 273.953 1.346 -10.135 272.079 1.663 -10.609 272.495 3.091
3 16 -8.856 275.845 1.039 -7.869 275.354 -0.066 -9.479 273.953 1.346
3 16 -7.869 275.354 -0.066 -8.499 273.438 0.246 -9.479 273.953 1.346
3 16 -7.869 275.354 -0.066 -6.530 274.830 -0.674 -8.499 273.438 0.246
3 16 -6.530 274.830 -0.674 -7.170 272.887 -0.358 -8.499 273.438 0.246
3 16 -6.530 274.830 -0.674 -5.044 274.353 -0.693 -7.170 272.887 -0.358
3 16 -5.044 274.353 -0.693 -5.693 272.384 -0.373 -7.170 272.887 -0.358
3 16 -5.044 274.353 -0.693 -3.637 273.995 -0.121 -5.693 272.384 -0.373
3 16 -3.637 273.995 -0.121 -4.293 272.004 0.203 -5.693 272.384 -0.373
3 16 -3.637 273.995 -0.121 -2.523 273.812 0.957 -4.293 272.004 0.203
3 16 -2.523 273.812 0.957 -3.183 271.807 1.283 -4.293 272.004 0.203
3 16 -2.523 273.812 0.957 -1.872 273.830 2.375 -3.183 271.807 1.283
3 16 -1.872 273.830 2.375 -2.533 271.822 2.701 -3.183 271.807 1.283
3 16 -1.872 273.830 2.375 -1.782 274.047 3.918 -2.533 271.822 2.701
3 16 -1.782 274.047 3.918 -2.441 272.046 4.243 -2.533 271.822 2.701
3 16 -1.782 274.047 3.918 -2.268 274.430 5.351 -2.441 272.046 4.243
3 16 -2.268 274.430 5.351 -2.921 272.446 5.673 -2.441 272.046 4.243
3 16 -2.268 274.430 5.351 -3.255 274.921 6.455 -2.921 272.446 5.673
3 16 -3.255 274.921 6.455 -3.900 272.961 6.774 -2.921 272.446 5.673
3 16 -3.255 274.921 6.455 -4.594 275.445 7.064 -3.900 272.961 6.774
3 16 -4.594 275.445 7.064 -5.230 273.512 7.378 -3.900 272.961 6.774
3 16 -4.594 275.445 7.064 -6.080 275.922 7.083 -5.230 273.512 7.378
3 16 -6.080 275.922 7.083 -6.707 274.015 7.393 -5.230 273.512 7.378
3 16 -6.080 275.922 7.083 -7.487 276.280 6.510 -6.707 274.015 7.393
3 16 -7.487 276.280 6.510 -8.107 274.395 6.817 -6.707 274.015 7.393
3 16 -7.487 276.280 6.510 -8.601 276.464 5.432 -8.107 274.395 6.817
3 16 -8.601 276.464 5.432 -9.216 274.592 5.737 -8.107 274.395 6.817
3 16 -8.601 276.464 5.432 -9.252 276.446 4.014 -9.216 274.592 5.737
3 16 -9.252 276.446 4.014 -9.867 274.577 4.318 -9.216 274.592 5.737
3 16 -9.252 276.446 4.014 -9.342 276.228 2.471 -9.867 274.577 4.318
3 16 -9.342 276.228 2.471 -9.959 274.353 2.777 -9.867 274.577 4.318
3 16 -9.342 276.228 2.471 -8.856 275.845 1.039 -9.959 274.353 2.777
3 16 -8.856 275.845 1.039 -9.479 273.953 1.346 -9.959 274.353 2.777
3 16 -8.267 277.749 0.740 -7.273 277.281 -0.368 -8.856 275.845 1.039
3 16 -7.273 277.281 -0.368 -7.869 275.354 -0.066 -8.856 275.845 1.039
3 16 -7.273 277.281 -0.368 -5.926 276.784 -0.980 -7.869 275.354 -0.066
3 16 -5.926 276.784 -0.980 -6.530 274.830 -0.674 -7.869 275.354 -0.066
3 16 -5.926 276.784 -0.980 -4.432 276.333 -1.003 -6.530 274.830 -0.674
3 16 -4.432 276.333 -1.003 -5.044 274.353 -0.693 -6.530 274.830 -0.674
3 16 -4.432 276.333 -1.003 -3.018 275.997 -0.433 -5.044 274.353 -0.693
3 16 -3.018 275.997 -0.433 -3.637 273.995 -0.121 -5.044 274.353 -0.693
3 16 -3.018 275.997 -0.433 -1.900 275.827 0.642 -3.637 273.995 -0.121
3 16 -1.900 275.827 0.642 -2.523 273.812 0.957 -3.637 273.995 -0.121
3 16 -1.900 275.827 0.642 -1.247 275.849 2.060 -2.523 273.812 0.957
3 16 -1.247 275.849 2.060 -1.872 273.830 2.375 -2.523 273.812 0.957
3 16 -1.247 275.849 2.060 -1.160 276.060 3.603 -1.872 273.830 2.375
3 16 -1.160 276.060 3.603 -1.782 274.047 3.918 -1.872 273.830 2.375
3 16 -1.160 276.060 3.603 -1.651 276.428 5.039 -1.782 274.047 3.918
3 16 -1.651 276.428 5.039 -2.268 274.430 5.351 -1.782 274.047 3.918
3 16 -1.651 276.428 5.039 -2.645 276.896 6.147 -2.268 274.430 5.351
3 16 -2.645 276.896 6.147 -3.255 274.921 6.455 -2.268 274.430 5.351
3 16 -2.645 276.896 6.147 -3.992 277.393 6.759 -3.255 274.921 6.455
3 16 -3.992 277.393 6.759 -4.594 275.445 7.064 -3.255 274.921 6.455
3 16 -3.992 277.393 6.759 -5.486 277.844 6.782 -4.594 275.445 7.064
3 16 -5.486 277.844 6.782 -6.080 275.922 7.083 -4.594 275.445 7.064
3 16 -5.486 277.844 6.782 -6.899 278.180 6.213 -6.080 275.922 7.083
3 16 -6.899 278.180 6.213 -7.487 276.280 6.510 -6.080 275.922 7.083
3 16 -6.899 278.180 6.213 -8.018 278.350 5.137 -7.487 276.280 6.510
3 16 -8.018 278.350 5.137 -8.601 276.464 5.432 -7.487 276.280 6.510
3 16 -8.018 278.350 5.137 -8.670 278.327 3.720 -8.601 276.464 5.432
3 16 -8.670 278.327 3.720 -9.252 276.446 4.014 -8.601 276.464 5.432
3 16 -8.670 278.327 3.720 -8.758 278.116 2.176 -9.252 276.446 4.014
3 16 -8.758 278.116 2.176 -9.342 276.228 2.471 -9.252 276.446 4.014
3 16 -8.758 278.116 2.176 -8.267 277.749 0.740 -9.342 276.228 2.471
3 16 -8.267 277.749 0.740 -8.856 275.845 1.039 -9.342 276.228 2.471
3 16 -7.712 279.666 0.452 -6.710 279.223 -0.659 -8.267 277.749 0.740
3 16 -6.710 279.223 -0.659 -7.273 277.281 -0.368 -8.267 277.749 0.740
3 16 -6.710 279.223 -0.659 -5.355 278.754 -1.276 -7.273 277.281 -0.368
3 16 -5.355 278.754 -1.276 -5.926 276.784 -0.980 -7.273 277.281 -0.368
3 16 -5.355 278.754 -1.276 -3.853 278.331 -1.303 -5.926 276.784 -0.980
3 16 -3.853 278.331 -1.303 -4.432 276.333 -1.003 -5.926 276.784 -0.980
3 16 -3.853 278.331 -1.303 -2.433 278.017 -0.737 -4.432 276.333 -1.003
3 16 -2.433 278.017 -0.737 -3.018 275.997 -0.433 -4.432 276.333 -1.003
3 16 -2.433 278.017 -0.737 -1.311 277.861 0.337 -3.018 275.997 -0.433
3 16 -1.311 277.861 0.337 -1.900 275.827 0.642 -3.018 275.997 -0.433
3 16 -1.311 277.861 0.337 -0.658 277.886 1.754 -1.900 275.827 0.642
3 16 -0.658 277.886 1.754 -1.247 275.849 2.060 -1.900 275.827 0.642
3 16 -0.658 277.886 1.754 -0.573 278.088 3.299 -1.247 275.849 2.060
3 16 -0.573 278.088 3.299 -1.160 276.060 3.603 -1.247 275.849 2.060
3 16 -0.573 278.088 3.299 -1.069 278.438 4.737 -1.160 276.060 3.603
3 16 -1.069 278.438 4.737 -1.651 276.428 5.039 -1.160 276.060 3.603
3 16 -1.069 278.438 4.737 -2.071 278.880 5.849 -1.651 276.428 5.039
3 16 -2.071 278.880 5.849 -2.645 276.896 6.147 -1.651 276.428 5.039
3 16 -2.071 278.880 5.849 -3.426 279.349 6.465 -2.645 276.896 6.147
3 16 -3.426 279.349 6.465 -3.992 277.393 6.759 -2.645 276.896 6.147
3 16 -3.426 279.349 6.465 -4.928 279.772 6.492 -3.992 277.393 6.759
3 16 -4.928 279.772 6.492 -5.486 277.844 6.782 -3.992 277.393 6.759
3 16 -4.928 279.772 6.492 -6.348 280.086 5.926 -5.486 277.844 6.782
3 16 -6.348 280.086 5.926 -6.899 278.180 6.213 -5.486 277.844 6.782
3 16 -6.348 280.086 5.926 -7.470 280.242 4.853 -6.899 278.180 6.213
3 16 -7.470 280.242 4.853 -8.018 278.350 5.137 -6.899 278.180 6.213
3 16 -7.470 280.242 4.853 -8.123 280.217 3.435 -8.018 278.350 5.137
3 16 -8.123 280.217 3.435 -8.670 278.327 3.720 -8.018 278.350 5.137
3 16 -8.123 280.217 3.435 -8.208 280.015 1.890 -8.670 278.327 3.720
3 16 -8.208 280.015 1.890 -8.758 278.116 2.176 -8.670 278.327 3.720
3 16 -8.208 280.015 1.890 -7.712 279.666 0.452 -8.758 278.116 2.176
3 16 -7.712 279.666 0.452 -8.267 277.749 0.740 -8.758 278.116 2.176
3 16 -7.194 281.592 0.178 -6.184 281.178 -0.938 -7.712 279.666 0.452
3 16 -6.184 281.178 -0.938 -6.710 279.223 -0.659 -7.712 279.666 0.452
3 16 -6.184 281.178 -0.938 -4.821 280.740 -1.558 -6.710 279.223 -0.659
3 16 -4.821 280.740 -1.558 -5.355 278.754 -1.276 -6.710 279.223 -0.659
3 16 -4.821 280.740 -1.558 -3.311 280.346 -1.589 -5.355 278.754 -1.276
3 16 -3.311 280.346 -1.589 -3.853 278.331 -1.303 -5.355 278.754 -1.276
3 16 -3.311 280.346 -1.589 -1.884 280.056 -1.026 -3.853 278.331 -1.303
3 16 -1.884 280.056 -1.026 -2.433 278.017 -0.737 -3.853 278.331 -1.303
3 16 -1.884 280.056 -1.026 -0.759 279.913 0.045 -2.433 278.017 -0.737
3 16 -0.759 279.913 0.045 -1.311 277.861 0.337 -2.433 278.017 -0.737
3 16 -0.759 279.913 0.045 -0.105 279.940 1.462 -1.311 277.861 0.337
3 16 -0.105 279.940 1.462 -0.658 277.886 1.754 -1.311 277.861 0.337
3 16 -0.105 279.940 1.462 -0.023 280.132 3.009 -0.658 277.886 1.754
3 16 -0.023 280.132 3.009 -0.573 278.088 3.299 -0.658 277.886 1.754
3 16 -0.023 280.132 3.009 -0.525 280.461 4.450 -0.573 278.088 3.299
3 16 -0.525 280.461 4.450 -1.069 278.438 4.737 -0.573 278.088 3.299
3 16 -0.525 280.461 4.450 -1.535 280.875 5.566 -1.069 278.438 4.737
3 16 -1.535 280.875 5.566 -2.071 278.880 5.849 -1.069 278.438 4.737
3 16 -1.535 280.875 5.566 -2.898 281.313 6.186 -2.071 278.880 5.849
3 16 -2.898 281.313 6.186 -3.426 279.349 6.465 -2.071 278.880 5.849
3 16 -2.898 281.313 6.186 -4.408 281.707 6.217 -3.426 279.349 6.465
3 16 -4.408 281.707 6.217 -4.928 279.772 6.492 -3.426 279.349 6.465
3 16 -4.408 281.707 6.217 -5.835 281.997 5.654 -4.928 279.772 6.492
3 16 -5.835 281.997 5.654 -6.348 280.086 5.926 -4.928 279.772 6.492
3 16 -5.835 281.997 5.654 -6.960 282.139 4.583 -6.348 280.086 5.926
3 16 -6.960 282.139 4.583 -7.470 280.242 4.853 -6.348 280.086 5.926
3 16 -6.960 282.139 4.583 -7.614 282.113 3.166 -7.470 280.242 4.853
3 16 -7.614 282.113 3.166 -8.123 280.217 3.435 -7.470 280.242 4.853
3 16 -7.614 282.113 3.166 -7.696 281.920 1.619 -8.123 280.217 3.435
3 16 -7.696 281.920 1.619 -8.208 280.015 1.890 -8.123 280.217 3.435
3 16 -7.696 281.920 1.619 -7.194 281.592 0.178 -8.208 280.015 1.890
3 16 -7.194 281.592 0.178 -7.712 279.666 0.452 -8.208 280.015 1.890
3 16 -6.713 283.532 -0.083 -5.697 283.144 -1.202 -7.194 281.592 0.178
3 16 -5.697 283.144 -1.202 -6.184 281.178 -0.938 -7.194 281.592 0.178
3 16 -5.697 283.144 -1.202 -4.326 282.736 -1.826 -6.184 281.178 -0.938
3 16 -4.326 282.736 -1.826 -4.821 280.740 -1.558 -6.184 281.178 -0.938
3 16 -4.326 282.736 -1.826 -2.809 282.370 -1.861 -4.821 280.740 -1.558
3 16 -2.809 282.370 -1.861 -3.311 280.346 -1.589 -4.821 280.740 -1.558
3 16 -2.809 282.370 -1.861 -1.377 282.102 -1.300 -3.311 280.346 -1.589
3 16 -1.377 282.102 -1.300 -1.884 280.056 -1.026 -3.311 280.346 -1.589
3 16 -1.377 282.102 -1.300 -0.248 281.973 -0.231 -1.884 280.056 -1.026
3 16 -0.248 281.973 -0.231 -0.759 279.913 0.045 -1.884 280.056 -1.026
3 16 -0.248 281.973 -0.231 0.406 282.002 1.186 -0.759 279.913 0.045
3 16 0.406 282.002 1.186 -0.105 279.940 1.462 -0.759 279.913 0.045
3 16 0.406 282.002 1.186 0.485 282.185 2.734 -0.105 279.940 1.462
3 16 0.485 282.185 2.734 -0.023 280.132 3.009 -0.105 279.940 1.462
3 16 0.485 282.185 2.734 -0.022 282.494 4.178 -0.023 280.132 3.009
3 16 -0.022 282.494 4.178 -0.525 280.461 4.450 -0.023 280.132 3.009
3 16 -0.022 282.494 4.178 -1.038 282.882 5.297 -0.525 280.461 4.450
3 16 -1.038 282.882 5.297 -1.535 280.875 5.566 -0.525 280.461 4.450
3 16 -1.038 282.882 5.297 -2.409 283.290 5.921 -1.535 280.875 5.566
3 16 -2.409 283.290 5.921 -2.898 281.313 6.186 -1.535 280.875 5.566
3 16 -2.409 283.290 5.921 -3.925 283.656 5.956 -2.898 281.313 6.186
3 16 -3.925 283.656 5.956 -4.408 281.707 6.217 -2.898 281.313 6.186
3 16 -3.925 283.656 5.956 -5.357 283.924 5.396 -4.408 281.707 6.217
3 16 -5.357 283.924 5.396 -5.835 281.997 5.654 -4.408 281.707 6.217
3 16 -5.357 283.924 5.396 -6.486 284.054 4.326 -5.835 281.997 5.654
3 16 -6.486 284.054 4.326 -6.960 282.139 4.583 -5.835 281.997 5.654
3 16 -6.486 284.054 4.326 -7.140 284.025 2.909 -6.960 282.139 4.583
3 16 -7.140 284.025 2.909 -7.614 282.113 3.166 -6.960 282.139 4.583
3 16 -7.140 284.025 2.909 -7.220 283.842 1.361 -7.614 282.113 3.166
3 16 -7.220 283.842 1.361 -7.696 281.920 1.619 -7.614 282.113 3.166
3 16 -7.220 283.842 1.361 -6.713 283.532 -0.083 -7.696 281.920 1.619
3 16 -6.713 283.532 -0.083 -7.194 281.592 0.178 -7.696 281.920 1.619
3 16 -6.262 285.491 -0.332 -5.241 285.125 -1.454 -6.713 283.532 -0.083
3 16 -5.241 285.125 -1.454 -5.697 283.144 -1.202 -6.713 283.532 -0.083
3 16 -5.241 285.125 -1.454 -3.864 284.741 -2.081 -5.697 283.144 -1.202
3 16 -3.864 284.741 -2.081 -4.326 282.736 -1.826 -5.697 283.144 -1.202
3 16 -3.864 284.741 -2.081 -2.342 284.398 -2.119 -4.326 282.736 -1.826
3 16 -2.342 284.398 -2.119 -2.809 282.370 -1.861 -4.326 282.736 -1.826
3 16 -2.342 284.398 -2.119 -0.906 284.148 -1.561 -2.809 282.370 -1.861
3 16 -0.906 284.148 -1.561 -1.377 282.102 -1.300 -2.809 282.370 -1.861
3 16 -0.906 284.148 -1.561 0.225 284.029 -0.492 -1.377 282.102 -1.300
3 16 0.225 284.029 -0.492 -0.248 281.973 -0.231 -1.377 282.102 -1.300
3 16 0.225 284.029 -0.492 0.879 284.059 0.925 -0.248 281.973 -0.231
3 16 0.879 284.059 0.925 0.406 282.002 1.186 -0.248 281.973 -0.231
3 16 0.879 284.059 0.925 0.957 284.235 2.473 0.406 282.002 1.186
3 16 0.957 284.235 2.473 0.485 282.185 2.734 0.406 282.002 1.186
3 16 0.957 284.235 2.473 0.446 284.528 3.919 0.485 282.185 2.734
3 16 0.446 284.528 3.919 -0.022 282.494 4.178 0.485 282.185 2.734
3 16 0.446 284.528 3.919 -0.575 284.894 5.041 -0.022 282.494 4.178
3 16 -0.575 284.894 5.041 -1.038 282.882 5.297 -0.022 282.494 4.178
3 16 -0.575 284.894 5.041 -1.952 285.278 5.668 -1.038 282.882 5.297
3 16 -1.952 285.278 5.668 -2.409 283.290 5.921 -1.038 282.882 5.297
3 16 -1.952 285.278 5.668 -3.474 285.622 5.706 -2.409 283.290 5.921
3 16 -3.474 285.622 5.706 -3.925 283.656 5.956 -2.409 283.290 5.921
3 16 -3.474 285.622 5.706 -4.910 285.872 5.148 -3.925 283.656 5.956
3 16 -4.910 285.872 5.148 -5.357 283.924 5.396 -3.925 283.656 5.956
3 16 -4.910 285.872 5.148 -6.041 285.990 4.079 -5.357 283.924 5.396
3 16 -6.041 285.990 4.079 -6.486 284.054 4.326 -5.357 283.924 5.396
3 16 -6.041 285.990 4.079 -6.695 285.960 2.662 -6.486 284.054 4.326
3 16 -6.695 285.960 2.662 -7.140 284.025 2.909 -6.486 284.054 4.326
3 16 -6.695 285.960 2.662 -6.773 285.785 1.113 -7.140 284.025 2.909
3 16 -6.773 285.785 1.113 -7.220 283.842 1.361 -7.140 284.025 2.909
3 16 -6.773 285.785 1.113 -6.262 285.491 -0.332 -7.220 283.842 1.361
3 16 -6.262 285.491 -0.332 -6.713 283.532 -0.083 -7.220 283.842 1.361
3 16 -5.838 287.459 -0.573 -4.812 287.112 -1.697 -6.262 285.491 -0.332
3 16 -4.812 287.112 -1.697 -5.241 285.125 -1.454 -6.262 285.491 -0.332
3 16 -4.812 287.112 -1.697 -3.431 286.749 -2.327 -5.241 285.125 -1.454
3 16 -3.431 286.749 -2.327 -3.864 284.741 -2.081 -5.241 285.125 -1.454
3 16 -3.431 286.749 -2.327 -1.905 286.428 -2.367 -3.864 284.741 -2.081
3 16 -1.905 286.428 -2.367 -2.342 284.398 -2.119 -3.864 284.741 -2.081
3 16 -1.905 286.428 -2.367 -0.465 286.195 -1.811 -2.342 284.398 -2.119
3 16 -0.465 286.195 -1.811 -0.906 284.148 -1.561 -2.342 284.398 -2.119
3 16 -0.465 286.195 -1.811 0.669 286.087 -0.744 -0.906 284.148 -1.561
3 16 0.669 286.087 -0.744 0.225 284.029 -0.492 -0.906 284.148 -1.561
3 16 0.669 286.087 -0.744 1.323 286.121 0.673 0.225 284.029 -0.492
3 16 1.323 286.121 0.673 0.879 284.059 0.925 0.225 284.029 -0.492
3 16 1.323 286.121 0.673 1.400 286.290 2.222 0.879 284.059 0.925
3 16 1.400 286.290 2.222 0.957 284.235 2.473 0.879 284.059 0.925
3 16 1.400 286.290 2.222 0.886 286.570 3.669 0.957 284.235 2.473
3 16 0.886 286.570 3.669 0.446 284.528 3.919 0.957 284.235 2.473
3 16 0.886 286.570 3.669 -0.139 286.917 4.793 0.446 284.528 3.919
3 16 -0.139 286.917 4.793 -0.575 284.894 5.041 0.446 284.528 3.919
3 16 -0.139 286.917 4.793 -1.521 287.279 5.423 -0.575 284.894 5.041
3 16 -1.521 287.279 5.423 -1.952 285.278 5.668 -0.575 284.894 5.041
3 16 -1.521 287.279 5.423 -3.047 287.601 5.463 -1.952 285.278 5.668
3 16 -3.047 287.601 5.463 -3.474 285.622 5.706 -1.952 285.278 5.668
3 16 -3.047 287.601 5.463 -4.487 287.834 4.907 -3.474 285.622 5.706
3 16 -4.487 287.834 4.907 -4.910 285.872 5.148 -3.474 285.622 5.706
3 16 -4.487 287.834 4.907 -5.620 287.942 3.840 -4.910 285.872 5.148
3 16 -5.620 287.942 3.840 -6.041 285.990 4.079 -4.910 285.872 5.148
3 16 -5.620 287.942 3.840 -6.275 287.908 2.424 -6.041 285.990 4.079
3 16 -6.275 287.908 2.424 -6.695 285.960 2.662 -6.041 285.990 4.079
3 16 -6.275 287.908 2.424 -6.352 287.739 0.874 -6.695 285.960 2.662
3 16 -6.352 287.739 0.874 -6.773 285.785 1.113 -6.695 285.960 2.662
3 16 -6.352 287.739 0.874 -5.838 287.459 -0.573 -6.773 285.785 1.113
3 16 -5.838 287.459 -0.573 -6.262 285.491 -0.332 -6.773 285.785 1.113
3 16 -5.448 289.427 -0.800 -4.416 289.110 -1.927 -5.838 287.459 -0.573
3 16 -4.416 289.110 -1.927 -4.812 287.112 -1.697 -5.838 287.459 -0.573
3 16 -4.416 289.110 -1.927 -3.029 288.781 -2.561 -4.812 287.112 -1.697
3 16 -3.029 288.781 -2.561 -3.431 286.749 -2.327 -4.812 287.112 -1.697
3 16 -3.029 288.781 -2.561 -1.496 288.489 -2.604 -3.431 286.749 -2.327
3 16 -1.496 288.489 -2.604 -1.905 286.428 -2.367 -3.431 286.749 -2.327
3 16 -1.496 288.489 -2.604 -0.052 288.280 -2.051 -1.905 286.428 -2.367
3 16 -0.052 288.280 -2.051 -0.465 286.195 -1.811 -1.905 286.428 -2.367
3 16 -0.052 288.280 -2.051 1.084 288.184 -0.985 -0.465 286.195 -1.811
3 16 1.084 288.184 -0.985 0.669 286.087 -0.744 -0.465 286.195 -1.811
3 16 1.084 288.184 -0.985 1.738 288.217 0.432 0.669 286.087 -0.744
3 16 1.738 288.217 0.432 1.323 286.121 0.673 0.669 286.087 -0.744
3 16 1.738 288.217 0.432 1.812 288.373 1.983 1.323 286.121 0.673
3 16 1.812 288.373 1.983 1.400 286.290 2.222 1.323 286.121 0.673
3 16 1.812 288.373 1.983 1.294 288.629 3.433 1.400 286.290 2.222
3 16 1.294 288.629 3.433 0.886 286.570 3.669 1.400 286.290 2.222
3 16 1.294 288.629 3.433 0.262 288.946 4.560 0.886 286.570 3.669
3 16 0.262 288.946 4.560 -0.139 286.917 4.793 0.886 286.570 3.669
3 16 0.262 288.946 4.560 -1.126 289.275 5.194 -0.139 286.917 4.793
3 16 -1.126 289.275 5.194 -1.521 287.279 5.423 -0.139 286.917 4.793
3 16 -1.126 289.275 5.194 -2.659 289.567 5.237 -1.521 287.279 5.423
3 16 -2.659 289.567 5.237 -3.047 287.601 5.463 -1.521 287.279 5.423
3 16 -2.659 289.567 5.237 -4.103 289.777 4.684 -3.047 287.601 5.463
3 16 -4.103 289.777 4.684 -4.487 287.834 4.907 -3.047 287.601 5.463
3 16 -4.103 289.777 4.684 -5.238 289.872 3.617 -4.487 287.834 4.907
3 16 -5.238 289.872 3.617 -5.620 287.942 3.840 -4.487 287.834 4.907
3 16 -5.238 289.872 3.617 -5.893 289.839 2.201 -5.620 287.942 3.840
3 16 -5.893 289.839 2.201 -6.275 287.908 2.424 -5.620 287.942 3.840
3 16 -5.893 289.839 2.201 -5.967 289.683 0.650 -6.275 287.908 2.424
3 16 -5.967 289.683 0.650 -6.352 287.739 0.874 -6.275 287.908 2.424
3 16 -5.967 289.683 0.650 -5.448 289.427 -0.800 -6.352 287.739 0.874
3 16 -5.448 289.427 -0.800 -5.838 287.459 -0.573 -6.352 287.739 0.874
3 16 -5.106 291.391 -1.002 -4.067 291.117 -2.133 -5.448 289.427 -0.800
3 16 -4.067 291.117 -2.133 -4.416 289.110 -1.927 -5.448 289.427 -0.800
3 16 -4.067 291.117 -2.133 -2.671 290.833 -2.771 -4.416 289.110 -1.927
3 16 -2.671 290.833 -2.771 -3.029 288.781 -2.561 -4.416 289.110 -1.927
3 16 -2.671 290.833 -2.771 -1.131 290.583 -2.819 -3.029 288.781 -2.561
3 16 -1.131 290.583 -2.819 -1.496 288.489 -2.604 -3.029 288.781 -2.561
3 16 -1.131 290.583 -2.819 0.318 290.403 -2.268 -1.496 288.489 -2.604
3 16 0.318 290.403 -2.268 -0.052 288.280 -2.051 -1.496 288.489 -2.604
3 16 0.318 290.403 -2.268 1.456 290.322 -1.203 -0.052 288.280 -2.051
3 16 1.456 290.322 -1.203 1.084 288.184 -0.985 -0.052 288.280 -2.051
3 16 1.456 290.322 -1.203 2.110 290.352 0.214 1.084 288.184 -0.985
3 16 2.110 290.352 0.214 1.738 288.217 0.432 1.084 288.184 -0.985
3 16 2.110 290.352 0.214 2.180 290.488 1.767 1.738 288.217 0.432
3 16 2.180 290.488 1.767 1.812 288.373 1.983 1.738 288.217 0.432
3 16 2.180 290.488 1.767 1.655 290.710 3.220 1.812 288.373 1.983
3 16 1.655 290.710 3.220 1.294 288.629 3.433 1.812 288.373 1.983
3 16 1.655 290.710 3.220 0.616 290.984 4.352 1.294 288.629 3.433
3 16 0.616 290.984 4.352 0.262 288.946 4.560 1.294 288.629 3.433
3 16 0.616 290.984 4.352 -0.780 291.268 4.990 0.262 288.946 4.560
3 16 -0.780 291.268 4.990 -1.126 289.275 5.194 0.262 288.946 4.560
3 16 -0.780 291.268 4.990 -2.320 291.518 5.037 -1.126 289.275 5.194
3 16 -2.320 291.518 5.037 -2.659 289.567 5.237 -1.126 289.275 5.194
3 16 -2.320 291.518 5.037 -3.769 291.698 4.486 -2.659 289.567 5.237
3 16 -3.769 291.698 4.486 -4.103 289.777 4.684 -2.659 289.567 5.237
3 16 -3.769 291.698 4.486 -4.907 291.779 3.421 -4.103 289.777 4.684
3 16 -4.907 291.779 3.421 -5.238 289.872 3.617 -4.103 289.777 4.684
3 16 -4.907 291.779 3.421 -5.561 291.749 2.005 -5.238 289.872 3.617
3 16 -5.561 291.749 2.005 -5.893 289.839 2.201 -5.238 289.872 3.617
3 16 -5.561 291.749 2.005 -5.631 291.613 0.451 -5.893 289.839 2.201
3 16 -5.631 291.613 0.451 -5.967 289.683 0.650 -5.893 289.839 2.201
3 16 -5.631 291.613 0.451 -5.106 291.391 -1.002 -5.967 289.683 0.650
3 16 -5.106 291.391 -1.002 -5.448 289.427 -0.800 -5.967 289.683 0.650
3 16 -4.808 293.382 -1.181 -3.764 293.135 -2.315 -5.106 291.391 -1.002
3 16 -3.764 293.135 -2.315 -4.067 291.117 -2.133 -5.106 291.391 -1.002
3 16 -3.764 293.135 -2.315 -2.364 292.881 -2.955 -4.067 291.117 -2.133
3 16 -2.364 292.881 -2.955 -2.671 290.833 -2.771 -4.067 291.117 -2.133
3 16 -2.364 292.881 -2.955 -0.820 292.657 -3.005 -2.671 290.833 -2.771
3 16 -0.820 292.657 -3.005 -1.131 290.583 -2.819 -2.671 290.833 -2.771
3 16 -0.820 292.657 -3.005 0.632 292.498 -2.456 -1.131 290.583 -2.819
3 16 0.632 292.498 -2.456 0.318 290.403 -2.268 -1.131 290.583 -2.819
3 16 0.632 292.498 -2.456 1.772 292.428 -1.392 0.318 290.403 -2.268
3 16 1.772 292.428 -1.392 1.456 290.322 -1.203 0.318 290.403 -2.268
3 16 1.772 292.428 -1.392 2.426 292.457 0.025 1.456 290.322 -1.203
3 16 2.426 292.457 0.025 2.110 290.352 0.214 1.456 290.322 -1.203
3 16 2.426 292.457 0.025 2.493 292.582 1.579 2.110 290.352 0.214
3 16 2.493 292.582 1.579 2.180 290.488 1.767 2.110 290.352 0.214
3 16 2.493 292.582 1.579 1.965 292.783 3.034 2.180 290.488 1.767
3 16 1.965 292.783 3.034 1.655 290.710 3.220 2.180 290.488 1.767
3 16 1.965 292.783 3.034 0.922 293.029 4.168 1.655 290.710 3.220
3 16 0.922 293.029 4.168 0.616 290.984 4.352 1.655 290.710 3.220
3 16 0.922 293.029 4.168 -0.478 293.283 4.809 0.616 290.984 4.352
3 16 -0.478 293.283 4.809 -0.780 291.268 4.990 0.616 290.984 4.352
3 16 -0.478 293.283 4.809 -2.022 293.507 4.858 -0.780 291.268 4.990
3 16 -2.022 293.507 4.858 -2.320 291.518 5.037 -0.780 291.268 4.990
3 16 -2.022 293.507 4.858 -3.474 293.666 4.309 -2.320 291.518 5.037
3 16 -3.474 293.666 4.309 -3.769 291.698 4.486 -2.320 291.518 5.037
3 16 -3.474 293.666 4.309 -4.614 293.737 3.245 -3.769 291.698 4.486
3 16 -4.614 293.737 3.245 -4.907 291.779 3.421 -3.769 291.698 4.486
3 16 -4.614 293.737 3.245 -5.268 293.707 1.828 -4.907 291.779 3.421
3 16 -5.268 293.707 1.828 -5.561 291.749 2.005 -4.907 291.779 3.421
3 16 -5.268 293.707 1.828 -5.336 293.583 0.274 -5.561 291.749 2.005
3 16 -5.336 293.583 0.274 -5.631 291.613 0.451 -5.561 291.749 2.005
3 16 -5.336 293.583 0.274 -4.808 293.382 -1.181 -5.631 291.613 0.451
3 16 -4.808 293.382 -1.181 -5.106 291.391 -1.002 -5.631 291.613 0.451
3 16 -4.524 295.411 -1.355 -3.480 295.164 -2.489 -4.808 293.382 -1.181
3 16 -3.480 295.164 -2.489 -3.764 293.135 -2.315 -4.808 293.382 -1.181
3 16 -3.480 295.164 -2.489 -2.080 294.911 -3.130 -3.764 293.135 -2.315
3 16 -2.080 294.911 -3.130 -2.364 292.881 -2.955 -3.764 293.135 -2.315
3 16 -2.080 294.911 -3.130 -0.536 294.689 -3.180 -2.364 292.881 -2.955
3 16 -0.536 294.689 -3.180 -0.820 292.657 -3.005 -2.364 292.881 -2.955
3 16 -0.536 294.689 -3.180 0.917 294.532 -2.631 -0.820 292.657 -3.005
3 16 0.917 294.532 -2.631 0.632 292.498 -2.456 -0.820 292.657 -3.005
3 16 0.917 294.532 -2.631 2.057 294.465 -1.567 0.632 292.498 -2.456
3 16 2.057 294.465 -1.567 1.772 292.428 -1.392 0.632 292.498 -2.456
3 16 2.057 294.465 -1.567 2.711 294.498 -0.150 1.772 292.428 -1.392
3 16 2.711 294.498 -0.150 2.426 292.457 0.025 1.772 292.428 -1.392
3 16 2.711 294.498 -0.150 2.779 294.625 1.404 2.426 292.457 0.025
3 16 2.779 294.625 1.404 2.493 292.582 1.579 2.426 292.457 0.025
3 16 2.779 294.625 1.404 2.251 294.827 2.858 2.493 292.582 1.579
3 16 2.251 294.827 2.858 1.965 292.783 3.034 2.493 292.582 1.579
3 16 2.251 294.827 2.858 1.208 295.074 3.992 1.965 292.783 3.034
3 16 1.208 295.074 3.992 0.922 293.029 4.168 1.965 292.783 3.034
3 16 1.208 295.074 3.992 -0.193 295.328 4.633 0.922 293.029 4.168
3 16 -0.193 295.328 4.633 -0.478 293.283 4.809 0.922 293.029 4.168
3 16 -0.193 295.328 4.633 -1.737 295.550 4.683 -0.478 293.283 4.809
3 16 -1.737 295.550 4.683 -2.022 293.507 4.858 -0.478 293.283 4.809
3 16 -1.737 295.550 4.683 -3.189 295.706 4.134 -2.022 293.507 4.858
3 16 -3.189 295.706 4.134 -3.474 293.666 4.309 -2.022 293.507 4.858
3 16 -3.189 295.706 4.134 -4.329 295.773 3.070 -3.474 293.666 4.309
3 16 -4.329 295.773 3.070 -4.614 293.737 3.245 -3.474 293.666 4.309
3 16 -4.329 295.773 3.070 -4.983 295.740 1.654 -4.614 293.737 3.245
3 16 -4.983 295.740 1.654 -5.268 293.707 1.828 -4.614 293.737 3.245
3 16 -4.983 295.740 1.654 -5.052 295.613 0.099 -5.268 293.707 1.828
3 16 -5.052 295.613 0.099 -5.336 293.583 0.274 -5.268 293.707 1.828
3 16 -5.052 295.613 0.099 -4.524 295.411 -1.355 -5.336 293.583 0.274
3 16 -4.524 295.411 -1.355 -4.808 293.382 -1.181 -5.336 293.583 0.274
3 16 -4.236 297.440 -1.539 -3.192 297.195 -2.673 -4.524 295.411 -1.355
3 16 -3.192 297.195 -2.673 -3.480 295.164 -2.489 -4.524 295.411 -1.355
3 16 -3.192 297.195 -2.673 -1.791 296.944 -3.314 -3.480 295.164 -2.489
3 16 -1.791 296.944 -3.314 -2.080 294.911 -3.130 -3.480 295.164 -2.489
3 16 -1.791 296.944 -3.314 -0.246 296.726 -3.364 -2.080 294.911 -3.130
3 16 -0.246 296.726 -3.364 -0.536 294.689 -3.180 -2.080 294.911 -3.130
3 16 -0.246 296.726 -3.364 1.207 296.575 -2.816 -0.536 294.689 -3.180
3 16 1.207 296.575 -2.816 0.917 294.532 -2.631 -0.536 294.689 -3.180
3 16 1.207 296.575 -2.816 2.348 296.512 -1.752 0.917 294.532 -2.631
3 16 2.348 296.512 -1.752 2.057 294.465 -1.567 0.917 294.532 -2.631
3 16 2.348 296.512 -1.752 3.002 296.548 -0.336 2.057 294.465 -1.567
3 16 3.002 296.548 -0.336 2.711 294.498 -0.150 2.057 294.465 -1.567
3 16 3.002 296.548 -0.336 3.071 296.677 1.218 2.711 294.498 -0.150
3 16 3.071 296.677 1.218 2.779 294.625 1.404 2.711 294.498 -0.150
3 16 3.071 296.677 1.218 2.543 296.880 2.673 2.779 294.625 1.404
3 16 2.543 296.880 2.673 2.251 294.827 2.858 2.779 294.625 1.404
3 16 2.543 296.880 2.673 1.499 297.125 3.807 2.251 294.827 2.858
3 16 1.499 297.125 3.807 1.208 295.074 3.992 2.251 294.827 2.858
3 16 1.499 297.125 3.807 0.098 297.376 4.448 1.208 295.074 3.992
3 16 0.098 297.376 4.448 -0.193 295.328 4.633 1.208 295.074 3.992
3 16 0.098 297.376 4.448 -1.446 297.594 4.498 -0.193 295.328 4.633
3 16 -1.446 297.594 4.498 -1.737 295.550 4.683 -0.193 295.328 4.633
3 16 -1.446 297.594 4.498 -2.900 297.746 3.949 -1.737 295.550 4.683
3 16 -2.900 297.746 3.949 -3.189 295.706 4.134 -1.737 295.550 4.683
3 16 -2.900 297.746 3.949 -4.040 297.808 2.886 -3.189 295.706 4.134
3 16 -4.040 297.808 2.886 -4.329 295.773 3.070 -3.189 295.706 4.134
3 16 -4.040 297.808 2.886 -4.695 297.772 1.470 -4.329 295.773 3.070
3 16 -4.695 297.772 1.470 -4.983 295.740 1.654 -4.329 295.773 3.070
3 16 -4.695 297.772 1.470 -4.763 297.643 -0.084 -4.983 295.740 1.654
3 16 -4.763 297.643 -0.084 -5.052 295.613 0.099 -4.983 295.740 1.654
3 16 -4.763 297.643 -0.084 -4.236 297.440 -1.539 -5.052 295.613 0.099
3 16 -4.236 297.440 -1.539 -4.524 295.411 -1.355 -5.052 295.613 0.099
3 16 -3.989 299.419 -1.700 -2.938 299.231 -2.838 -4.236 297.440 -1.539
3 16 -2.938 299.231 -2.838 -3.192 297.195 -2.673 -4.236 297.440 -1.539
3 16 -2.938 299.231 -2.838 -1.530 299.040 -3.483 -3.192 297.195 -2.673
3 16 -1.530 299.040 -3.483 -1.791 296.944 -3.314 -3.192 297.195 -2.673
3 16 -1.530 299.040 -3.483 0.021 298.873 -3.537 -1.791 296.944 -3.314
3 16 0.021 298.873 -3.537 -0.246 296.726 -3.364 -1.791 296.944 -3.314
3 16 0.021 298.873 -3.537 1.478 298.758 -2.991 -0.246 296.726 -3.364
3 16 1.478 298.758 -2.991 1.207 296.575 -2.816 -0.246 296.726 -3.364
3 16 1.478 298.758 -2.991 2.621 298.710 -1.928 1.207 296.575 -2.816
3 16 2.621 298.710 -1.928 2.348 296.512 -1.752 1.207 296.575 -2.816
3 16 2.621 298.710 -1.928 3.274 298.739 -0.511 2.348 296.512 -1.752
3 16 3.274 298.739 -0.511 3.002 296.548 -0.336 2.348 296.512 -1.752
3 16 3.274 298.739 -0.511 3.338 298.838 1.045 3.002 296.548 -0.336
3 16 3.338 298.838 1.045 3.071 296.677 1.218 3.002 296.548 -0.336
3 16 3.338 298.838 1.045 2.804 298.994 2.503 3.071 296.677 1.218
3 16 2.804 298.994 2.503 2.543 296.880 2.673 3.071 296.677 1.218
3 16 2.804 298.994 2.503 1.753 299.182 3.642 2.543 296.880 2.673
3 16 1.753 299.182 3.642 1.499 297.125 3.807 2.543 296.880 2.673
3 16 1.753 299.182 3.642 0.345 299.373 4.287 1.499 297.125 3.807
3 16 0.345 299.373 4.287 0.098 297.376 4.448 1.499 297.125 3.807
3 16 0.345 299.373 4.287 -1.206 299.540 4.341 0.098 297.376 4.448
3 16 -1.206 299.540 4.341 -1.446 297.594 4.498 0.098 297.376 4.448
3 16 -1.206 299.540 4.341 -2.663 299.655 3.795 -1.446 297.594 4.498
3 16 -2.663 299.655 3.795 -2.900 297.746 3.949 -1.446 297.594 4.498
3 16 -2.663 299.655 3.795 -3.806 299.703 2.732 -2.900 297.746 3.949
3 16 -3.806 299.703 2.732 -4.040 297.808 2.886 -2.900 297.746 3.949
3 16 -3.806 299.703 2.732 -4.459 299.674 1.315 -4.040 297.808 2.886
3 16 -4.459 299.674 1.315 -4.695 297.772 1.470 -4.040 297.808 2.886
3 16 -4.459 299.674 1.315 -4.523 299.575 -0.241 -4.695 297.772 1.470
3 16 -4.523 299.575 -0.241 -4.763 297.643 -0.084 -4.695 297.772 1.470
3 16 -4.523 299.575 -0.241 -3.989 299.419 -1.700 -4.763 297.643 -0.084
3 16 -3.989 299.419 -1.700 -4.236 297.440 -1.539 -4.763 297.643 -0.084
3 16 -3.847 301.344 -1.794 -2.787 301.270 -2.936 -3.989 299.419 -1.700
3 16 -2.787 301.270 -2.936 -2.938 299.231 -2.838 -3.989 299.419 -1.700
3 16 -2.787 301.270 -2.936 -1.369 301.195 -3.585 -2.938 299.231 -2.838
3 16 -1.369 301.195 -3.585 -1.530 299.040 -3.483 -2.938 299.231 -2.838
3 16 -1.369 301.195 -3.585 0.189 301.129 -3.642 -1.530 299.040 -3.483
3 16 0.189 301.129 -3.642 0.021 298.873 -3.537 -1.530 299.040 -3.483
3 16 0.189 301.129 -3.642 1.651 301.083 -3.098 0.021 298.873 -3.537
3 16 1.651 301.083 -3.098 1.478 298.758 -2.991 0.021 298.873 -3.537
3 16 1.651 301.083 -3.098 2.794 301.064 -2.035 1.478 298.758 -2.991
3 16 2.794 301.064 -2.035 2.621 298.710 -1.928 1.478 298.758 -2.991
3 16 2.794 301.064 -2.035 3.445 301.075 -0.617 2.621 298.710 -1.928
3 16 3.445 301.075 -0.617 3.274 298.739 -0.511 2.621 298.710 -1.928
3 16 3.445 301.075 -0.617 3.503 301.114 0.943 3.274 298.739 -0.511
3 16 3.503 301.114 0.943 3.338 298.838 1.045 3.274 298.739 -0.511
3 16 3.503 301.114 0.943 2.960 301.175 2.405 3.338 298.838 1.045
3 16 2.960 301.175 2.405 2.804 298.994 2.503 3.338 298.838 1.045
3 16 2.960 301.175 2.405 1.900 301.248 3.547 2.804 298.994 2.503
3 16 1.900 301.248 3.547 1.753 299.182 3.642 2.804 298.994 2.503
3 16 1.900 301.248 3.547 0.483 301.324 4.196 1.753 299.182 3.642
3 16 0.483 301.324 4.196 0.345 299.373 4.287 1.753 299.182 3.642
3 16 0.483 301.324 4.196 -1.076 301.390 4.253 0.345 299.373 4.287
3 16 -1.076 301.390 4.253 -1.206 299.540 4.341 0.345 299.373 4.287
3 16 -1.076 301.390 4.253 -2.538 301.436 3.709 -1.206 299.540 4.341
3 16 -2.538 301.436 3.709 -2.663 299.655 3.795 -1.206 299.540 4.341
3 16 -2.538 301.436 3.709 -3.681 301.455 2.646 -2.663 299.655 3.795
3 16 -3.681 301.455 2.646 -3.806 299.703 2.732 -2.663 299.655 3.795
3 16 -3.681 301.455 2.646 -4.331 301.444 1.228 -3.806 299.703 2.732
3 16 -4.331 301.444 1.228 -4.459 299.674 1.315 -3.806 299.703 2.732
3 16 -4.331 301.444 1.228 -4.390 301.405 -0.332 -4.459 299.674 1.315
3 16 -4.390 301.405 -0.332 -4.523 299.575 -0.241 -4.459 299.674 1.315
3 16 -4.390 301.405 -0.332 -3.847 301.344 -1.794 -4.523 299.575 -0.241
3 16 -3.847 301.344 -1.794 -3.989 299.419 -1.700 -4.523 299.575 -0.241
3 16 -3.780 303.393 -1.838 -2.719 303.325 -2.980 -3.847 301.344 -1.794
3 16 -2.719 303.325 -2.980 -2.787 301.270 -2.936 -3.847 301.344 -1.794
3 16 -2.719 303.325 -2.980 -1.301 303.256 -3.629 -2.787 301.270 -2.936
3 16 -1.301 303.256 -3.629 -1.369 301.195 -3.585 -2.787 301.270 -2.936
3 16 -1.301 303.256 -3.629 0.257 303.197 -3.686 -1.369 301.195 -3.585
3 16 0.257 303.197 -3.686 0.189 301.129 -3.642 -1.369 301.195 -3.585
3 16 0.257 303.197 -3.686 1.719 303.156 -3.142 0.189 301.129 -3.642
3 16 1.719 303.156 -3.142 1.651 301.083 -3.098 0.189 301.129 -3.642
3 16 1.719 303.156 -3.142 2.863 303.140 -2.080 1.651 301.083 -3.098
3 16 2.863 303.140 -2.080 2.794 301.064 -2.035 1.651 301.083 -3.098
3 16 2.863 303.140 -2.080 3.513 303.151 -0.661 2.794 301.064 -2.035
3 16 3.513 303.151 -0.661 3.445 301.075 -0.617 2.794 301.064 -2.035
3 16 3.513 303.151 -0.661 3.571 303.188 0.898 3.445 301.075 -0.617
3 16 3.571 303.188 0.898 3.503 301.114 0.943 3.445 301.075 -0.617
3 16 3.571 303.188 0.898 3.029 303.245 2.360 3.503 301.114 0.943
3 16 3.029 303.245 2.360 2.960 301.175 2.405 3.503 301.114 0.943
3 16 3.029 303.245 2.360 1.968 303.313 3.503 2.960 301.175 2.405
3 16 1.968 303.313 3.503 1.900 301.248 3.547 2.960 301.175 2.405
3 16 1.968 303.313 3.503 0.550 303.381 4.152 1.900 301.248 3.547
3 16 0.550 303.381 4.152 0.483 301.324 4.196 1.900 301.248 3.547
3 16 0.550 303.381 4.152 -1.008 303.441 4.209 0.483 301.324 4.196
3 16 -1.008 303.441 4.209 -1.076 301.390 4.253 0.483 301.324 4.196
3 16 -1.008 303.441 4.209 -2.471 303.481 3.665 -1.076 301.390 4.253
3 16 -2.471 303.481 3.665 -2.538 301.436 3.709 -1.076 301.390 4.253
3 16 -2.471 303.481 3.665 -3.614 303.497 2.603 -2.538 301.436 3.709
3 16 -3.614 303.497 2.603 -3.681 301.455 2.646 -2.538 301.436 3.709
3 16 -3.614 303.497 2.603 -4.264 303.486 1.184 -3.681 301.455 2.646
3 16 -4.264 303.486 1.184 -4.331 301.444 1.228 -3.681 301.455 2.646
3 16 -4.264 303.486 1.184 -4.323 303.449 -0.375 -4.331 301.444 1.228
3 16 -4.323 303.449 -0.375 -4.390 301.405 -0.332 -4.331 301.444 1.228
3 16 -4.323 303.449 -0.375 -3.780 303.393 -1.838 -4.390 301.405 -0.332
3 16 -3.780 303.393 -1.838 -3.847 301.344 -1.794 -4.390 301.405 -0.332
3 16 -3.627 305.598 -1.945 -2.575 305.392 -3.079 -3.780 303.393 -1.838
3 16 -2.575 305.392 -3.079 -2.719 303.325 -2.980 -3.780 303.393 -1.838
3 16 -2.575 305.392 -3.079 -1.167 305.184 -3.719 -2.719 303.325 -2.980
3 16 -1.167 305.184 -3.719 -1.301 303.256 -3.629 -2.719 303.325 -2.980
3 16 -1.167 305.184 -3.719 0.383 305.006 -3.767 -1.301 303.256 -3.629
3 16 0.383 305.006 -3.767 0.257 303.197 -3.686 -1.301 303.256 -3.629
3 16 0.383 305.006 -3.767 1.839 304.885 -3.217 0.257 303.197 -3.686
3 16 1.839 304.885 -3.217 1.719 303.156 -3.142 0.257 303.197 -3.686
3 16 1.839 304.885 -3.217 2.978 304.839 -2.151 1.719 303.156 -3.142
3 16 2.978 304.839 -2.151 2.863 303.140 -2.080 1.719 303.156 -3.142
3 16 2.978 304.839 -2.151 3.628 304.876 -0.733 2.863 303.140 -2.080
3 16 3.628 304.876 -0.733 3.513 303.151 -0.661 2.863 303.140 -2.080
3 16 3.628 304.876 -0.733 3.690 304.990 0.822 3.513 303.151 -0.661
3 16 3.690 304.990 0.822 3.571 303.188 0.898 3.513 303.151 -0.661
3 16 3.690 304.990 0.822 3.154 305.163 2.278 3.571 303.188 0.898
3 16 3.154 305.163 2.278 3.029 303.245 2.360 3.571 303.188 0.898
3 16 3.154 305.163 2.278 2.101 305.369 3.412 3.029 303.245 2.360
3 16 2.101 305.369 3.412 1.968 303.313 3.503 3.029 303.245 2.360
3 16 2.101 305.369 3.412 0.693 305.576 4.052 1.968 303.313 3.503
3 16 0.693 305.576 4.052 0.550 303.381 4.152 1.968 303.313 3.503
3 16 0.693 305.576 4.052 -0.857 305.754 4.100 0.550 303.381 4.152
3 16 -0.857 305.754 4.100 -1.008 303.441 4.209 0.550 303.381 4.152
3 16 -0.857 305.754 4.100 -2.312 305.875 3.550 -1.008 303.441 4.209
3 16 -2.312 305.875 3.550 -2.471 303.481 3.665 -1.008 303.441 4.209
3 16 -2.312 305.875 3.550 -3.452 305.921 2.484 -2.471 303.481 3.665
3 16 -3.452 305.921 2.484 -3.614 303.497 2.603 -2.471 303.481 3.665
3 16 -3.452 305.921 2.484 -4.102 305.884 1.066 -3.614 303.497 2.603
3 16 -4.102 305.884 1.066 -4.264 303.486 1.184 -3.614 303.497 2.603
3 16 -4.102 305.884 1.066 -4.163 305.771 -0.489 -4.264 303.486 1.184
3 16 -4.163 305.771 -0.489 -4.323 303.449 -0.375 -4.264 303.486 1.184
3 16 -4.163 305.771 -0.489 -3.627 305.598 -1.945 -4.323 303.449 -0.375
3 16 -3.627 305.598 -1.945 -3.780 303.393 -1.838 -4.323 303.449 -0.375
3 16 -3.331 307.715 -2.150 -2.286 307.449 -3.279 -3.627 305.598 -1.945
3 16 -2.286 307.449 -3.279 -2.575 305.392 -3.079 -3.627 305.598 -1.945
3 16 -2.286 307.449 -3.279 -0.886 307.180 -3.913 -2.575 305.392 -3.079
3 16 -0.886 307.180 -3.913 -1.167 305.184 -3.719 -2.575 305.392 -3.079
3 16 -0.886 307.180 -3.913 0.657 306.951 -3.956 -1.167 305.184 -3.719
3 16 0.657 306.951 -3.956 0.383 305.006 -3.767 -1.167 305.184 -3.719
3 16 0.657 306.951 -3.956 2.108 306.795 -3.402 0.383 305.006 -3.767
3 16 2.108 306.795 -3.402 1.839 304.885 -3.217 0.383 305.006 -3.767
3 16 2.108 306.795 -3.402 3.246 306.738 -2.335 1.839 304.885 -3.217
3 16 3.246 306.738 -2.335 2.978 304.839 -2.151 1.839 304.885 -3.217
3 16 3.246 306.738 -2.335 3.897 306.786 -0.918 2.978 304.839 -2.151
3 16 3.897 306.786 -0.918 3.628 304.876 -0.733 2.978 304.839 -2.151
3 16 3.897 306.786 -0.918 3.962 306.934 0.635 3.628 304.876 -0.733
3 16 3.962 306.934 0.635 3.690 304.990 0.822 3.628 304.876 -0.733
3 16 3.962 306.934 0.635 3.432 307.158 2.085 3.690 304.990 0.822
3 16 3.432 307.158 2.085 3.154 305.163 2.278 3.690 304.990 0.822
3 16 3.432 307.158 2.085 2.388 307.425 3.214 3.154 305.163 2.278
3 16 2.388 307.425 3.214 2.101 305.369 3.412 3.154 305.163 2.278
3 16 2.388 307.425 3.214 0.987 307.693 3.848 2.101 305.369 3.412
3 16 0.987 307.693 3.848 0.693 305.576 4.052 2.101 305.369 3.412
3 16 0.987 307.693 3.848 -0.556 307.923 3.891 0.693 305.576 4.052
3 16 -0.556 307.923 3.891 -0.857 305.754 4.100 0.693 305.576 4.052
3 16 -0.556 307.923 3.891 -2.007 308.078 3.337 -0.857 305.754 4.100
3 16 -2.007 308.078 3.337 -2.312 305.875 3.550 -0.857 305.754 4.100
3 16 -2.007 308.078 3.337 -3.144 308.136 2.270 -2.312 305.875 3.550
3 16 -3.144 308.136 2.270 -3.452 305.921 2.484 -2.312 305.875 3.550
3 16 -3.144 308.136 2.270 -3.796 308.087 0.853 -3.452 305.921 2.484
3 16 -3.796 308.087 0.853 -4.102 305.884 1.066 -3.452 305.921 2.484
3 16 -3.796 308.087 0.853 -3.861 307.940 -0.700 -4.102 305.884 1.066
3 16 -3.861 307.940 -0.700 -4.163 305.771 -0.489 -4.102 305.884 1.066
3 16 -3.861 307.940 -0.700 -3.331 307.715 -2.150 -4.163 305.771 -0.489
3 16 -3.331 307.715 -2.150 -3.627 305.598 -1.945 -4.163 305.771 -0.489
3 16 -3.116 309.613 -2.304 -2.052 309.514 -3.442 -3.331 307.715 -2.150
3 16 -2.052 309.514 -3.442 -2.286 307.449 -3.279 -3.331 307.715 -2.150
3 16 -2.052 309.514 -3.442 -0.633 309.413 -4.085 -2.286 307.449 -3.279
3 16 -0.633 309.413 -4.085 -0.886 307.180 -3.913 -2.286 307.449 -3.279
3 16 -0.633 309.413 -4.085 0.924 309.327 -4.134 -0.886 307.180 -3.913
3 16 0.924 309.327 -4.134 0.657 306.951 -3.956 -0.886 307.180 -3.913
3 16 0.924 309.327 -4.134 2.383 309.270 -3.584 0.657 306.951 -3.956
3 16 2.383 309.270 -3.584 2.108 306.795 -3.402 0.657 306.951 -3.956
3 16 2.383 309.270 -3.584 3.522 309.248 -2.517 2.108 306.795 -3.402
3 16 3.522 309.248 -2.517 3.246 306.738 -2.335 2.108 306.795 -3.402
3 16 3.522 309.248 -2.517 4.167 309.267 -1.096 3.246 306.738 -2.335
3 16 4.167 309.267 -1.096 3.897 306.786 -0.918 3.246 306.738 -2.335
3 16 4.167 309.267 -1.096 4.220 309.323 0.463 3.897 306.786 -0.918
3 16 4.220 309.323 0.463 3.962 306.934 0.635 3.897 306.786 -0.918
3 16 4.220 309.323 0.463 3.673 309.407 1.922 3.962 306.934 0.635
3 16 3.673 309.407 1.922 3.432 307.158 2.085 3.962 306.934 0.635
3 16 3.673 309.407 1.922 2.609 309.507 3.060 3.432 307.158 2.085
3 16 2.609 309.507 3.060 2.388 307.425 3.214 3.432 307.158 2.085
3 16 2.609 309.507 3.060 1.190 309.607 3.702 2.388 307.425 3.214
3 16 1.190 309.607 3.702 0.987 307.693 3.848 2.388 307.425 3.214
3 16 1.190 309.607 3.702 -0.367 309.693 3.752 0.987 307.693 3.848
3 16 -0.367 309.693 3.752 -0.556 307.923 3.891 0.987 307.693 3.848
3 16 -0.367 309.693 3.752 -1.826 309.751 3.202 -0.556 307.923 3.891
3 16 -1.826 309.751 3.202 -2.007 308.078 3.337 -0.556 307.923 3.891
3 16 -1.826 309.751 3.202 -2.965 309.772 2.135 -2.007 308.078 3.337
3 16 -2.965 309.772 2.135 -3.144 308.136 2.270 -2.007 308.078 3.337
3 16 -2.965 309.772 2.135 -3.610 309.753 0.714 -3.144 308.136 2.270
3 16 -3.610 309.753 0.714 -3.796 308.087 0.853 -3.144 308.136 2.270
3 16 -3.610 309.753 0.714 -3.663 309.698 -0.845 -3.796 308.087 0.853
3 16 -3.663 309.698 -0.845 -3.861 307.940 -0.700 -3.796 308.087 0.853
3 16 -3.663 309.698 -0.845 -3.116 309.613 -2.304 -3.861 307.940 -0.700
3 16 -3.116 309.613 -2.304 -3.331 307.715 -2.150 -3.861 307.940 -0.700
3 16 -3.142 311.544 -2.295 -2.075 311.665 -3.427 -3.116 309.613 -2.304
3 16 -2.075 311.665 -3.427 -2.052 309.514 -3.442 -3.116 309.613 -2.304
3 16 -2.075 311.665 -3.427 -0.655 311.788 -4.064 -2.052 309.514 -3.442
3 16 -0.655 311.788 -4.064 -0.633 309.413 -4.085 -2.052 309.514 -3.442
3 16 -0.655 311.788 -4.064 0.902 311.892 -4.107 -0.633 309.413 -4.085
3 16 0.902 311.892 -4.107 0.924 309.327 -4.134 -0.633 309.413 -4.085
3 16 0.902 311.892 -4.107 2.358 311.963 -3.550 0.924 309.327 -4.134
3 16 2.358 311.963 -3.550 2.383 309.270 -3.584 0.924 309.327 -4.134
3 16 2.358 311.963 -3.550 3.493 311.989 -2.479 2.383 309.270 -3.584
3 16 3.493 311.989 -2.479 3.522 309.248 -2.517 2.383 309.270 -3.584
3 16 3.493 311.989 -2.479 4.132 311.967 -1.055 3.522 309.248 -2.517
3 16 4.132 311.967 -1.055 4.167 309.267 -1.096 3.522 309.248 -2.517
3 16 4.132 311.967 -1.055 4.180 311.900 0.503 4.167 309.267 -1.096
3 16 4.180 311.900 0.503 4.220 309.323 0.463 4.167 309.267 -1.096
3 16 4.180 311.900 0.503 3.628 311.797 1.960 4.220 309.323 0.463
3 16 3.628 311.797 1.960 3.673 309.407 1.922 4.220 309.323 0.463
3 16 3.628 311.797 1.960 2.561 311.676 3.092 3.673 309.407 1.922
3 16 2.561 311.676 3.092 2.609 309.507 3.060 3.673 309.407 1.922
3 16 2.561 311.676 3.092 1.142 311.553 3.729 2.609 309.507 3.060
3 16 1.142 311.553 3.729 1.190 309.607 3.702 2.609 309.507 3.060
3 16 1.142 311.553 3.729 -0.415 311.448 3.772 1.190 309.607 3.702
3 16 -0.415 311.448 3.772 -0.367 309.693 3.752 1.190 309.607 3.702
3 16 -0.415 311.448 3.772 -1.871 311.378 3.215 -0.367 309.693 3.752
3 16 -1.871 311.378 3.215 -1.826 309.751 3.202 -0.367 309.693 3.752
3 16 -1.871 311.378 3.215 -3.006 311.351 2.144 -1.826 309.751 3.202
3 16 -3.006 311.351 2.144 -2.965 309.772 2.135 -1.826 309.751 3.202
3 16 -3.006 311.351 2.144 -3.646 311.374 0.720 -2.965 309.772 2.135
3 16 -3.646 311.374 0.720 -3.610 309.753 0.714 -2.965 309.772 2.135
3 16 -3.646 311.374 0.720 -3.693 311.441 -0.838 -3.610 309.753 0.714
3 16 -3.693 311.441 -0.838 -3.663 309.698 -0.845 -3.610 309.753 0.714
3 16 -3.693 311.441 -0.838 -3.142 311.544 -2.295 -3.663 309.698 -0.845
3 16 -3.142 311.544 -2.295 -3.116 309.613 -2.304 -3.663 309.698 -0.845
3 16 -3.315 313.695 -2.176 -2.249 313.839 -3.307 -3.142 311.544 -2.295
3 16 -2.249 313.839 -3.307 -2.075 311.665 -3.427 -3.142 311.544 -2.295
3 16 -2.249 313.839 -3.307 -0.831 313.984 -3.942 -2.075 311.665 -3.427
3 16 -0.831 313.984 -3.942 -0.655 311.788 -4.064 -2.075 311.665 -3.427
3 16 -0.831 313.984 -3.942 0.724 314.107 -3.984 -0.655 311.788 -4.064
3 16 0.724 314.107 -3.984 0.902 311.892 -4.107 -0.655 311.788 -4.064
3 16 0.724 314.107 -3.984 2.180 314.191 -3.427 0.902 311.892 -4.107
3 16 2.180 314.191 -3.427 2.358 311.963 -3.550 0.902 311.892 -4.107
3 16 2.180 314.191 -3.427 3.314 314.221 -2.355 2.358 311.963 -3.550
3 16 3.314 314.221 -2.355 3.493 311.989 -2.479 2.358 311.963 -3.550
3 16 3.314 314.221 -2.355 3.954 314.195 -0.932 3.493 311.989 -2.479
3 16 3.954 314.195 -0.932 4.132 311.967 -1.055 3.493 311.989 -2.479
3 16 3.954 314.195 -0.932 4.002 314.115 0.626 4.132 311.967 -1.055
3 16 4.002 314.115 0.626 4.180 311.900 0.503 4.132 311.967 -1.055
3 16 4.002 314.115 0.626 3.452 313.994 2.081 4.180 311.900 0.503
3 16 3.452 313.994 2.081 3.628 311.797 1.960 4.180 311.900 0.503
3 16 3.452 313.994 2.081 2.386 313.850 3.213 3.628 311.797 1.960
3 16 2.386 313.850 3.213 2.561 311.676 3.092 3.628 311.797 1.960
3 16 2.386 313.850 3.213 0.968 313.706 3.848 2.561 311.676 3.092
3 16 0.968 313.706 3.848 1.142 311.553 3.729 2.561 311.676 3.092
3 16 0.968 313.706 3.848 -0.587 313.582 3.890 1.142 311.553 3.729
3 16 -0.587 313.582 3.890 -0.415 311.448 3.772 1.142 311.553 3.729
3 16 -0.587 313.582 3.890 -2.043 313.499 3.333 -0.415 311.448 3.772
3 16 -2.043 313.499 3.333 -1.871 311.378 3.215 -0.415 311.448 3.772
3 16 -2.043 313.499 3.333 -3.177 313.468 2.261 -1.871 311.378 3.215
3 16 -3.177 313.468 2.261 -3.006 311.351 2.144 -1.871 311.378 3.215
3 16 -3.177 313.468 2.261 -3.817 313.494 0.838 -3.006 311.351 2.144
3 16 -3.817 313.494 0.838 -3.646 311.374 0.720 -3.006 311.351 2.144
3 16 -3.817 313.494 0.838 -3.865 313.574 -0.720 -3.646 311.374 0.720
3 16 -3.865 313.574 -0.720 -3.693 311.441 -0.838 -3.646 311.374 0.720
3 16 -3.865 313.574 -0.720 -3.315 313.695 -2.176 -3.693 311.441 -0.838
3 16 -3.315 313.695 -2.176 -3.142 311.544 -2.295 -3.693 311.441 -0.838
3 16 -3.404 315.779 -2.117 -2.332 315.803 -3.251 -3.315 313.695 -2.176
3 16 -2.332 315.803 -3.251 -2.249 313.839 -3.307 -3.315 313.695 -2.176
3 16 -2.332 315.803 -3.251 -0.907 315.826 -3.888 -2.249 313.839 -3.307
3 16 -0.907 315.826 -3.888 -0.831 313.984 -3.942 -2.249 313.839 -3.307
3 16 -0.907 315.826 -3.888 0.653 315.846 -3.931 -0.831 313.984 -3.942
3 16 0.653 315.846 -3.931 0.724 314.107 -3.984 -0.831 313.984 -3.942
3 16 0.653 315.846 -3.931 2.111 315.859 -3.375 0.724 314.107 -3.984
3 16 2.111 315.859 -3.375 2.180 314.191 -3.427 0.724 314.107 -3.984
3 16 2.111 315.859 -3.375 3.245 315.864 -2.302 2.180 314.191 -3.427
3 16 3.245 315.864 -2.302 3.314 314.221 -2.355 2.180 314.191 -3.427
3 16 3.245 315.864 -2.302 3.882 315.860 -0.878 3.314 314.221 -2.355
3 16 3.882 315.860 -0.878 3.954 314.195 -0.932 3.314 314.221 -2.355
3 16 3.882 315.860 -0.878 3.926 315.847 0.682 3.954 314.195 -0.932
3 16 3.926 315.847 0.682 4.002 314.115 0.626 3.954 314.195 -0.932
3 16 3.926 315.847 0.682 3.369 315.827 2.140 4.002 314.115 0.626
3 16 3.369 315.827 2.140 3.452 313.994 2.081 4.002 314.115 0.626
3 16 3.369 315.827 2.140 2.297 315.804 3.274 3.452 313.994 2.081
3 16 2.297 315.804 3.274 2.386 313.850 3.213 3.452 313.994 2.081
3 16 2.297 315.804 3.274 0.873 315.781 3.912 2.386 313.850 3.213
3 16 0.873 315.781 3.912 0.968 313.706 3.848 2.386 313.850 3.213
3 16 0.873 315.781 3.912 -0.687 315.761 3.955 0.968 313.706 3.848
3 16 -0.687 315.761 3.955 -0.587 313.582 3.890 0.968 313.706 3.848
3 16 -0.687 315.761 3.955 -2.145 315.748 3.398 -0.587 313.582 3.890
3 16 -2.145 315.748 3.398 -2.043 313.499 3.333 -0.587 313.582 3.890
3 16 -2.145 315.748 3.398 -3.279 315.743 2.326 -2.043 313.499 3.333
3 16 -3.279 315.743 2.326 -3.177 313.468 2.261 -2.043 313.499 3.333
3 16 -3.279 315.743 2.326 -3.917 315.747 0.901 -3.177 313.468 2.261
3 16 -3.917 315.747 0.901 -3.817 313.494 0.838 -3.177 313.468 2.261
3 16 -3.917 315.747 0.901 -3.961 315.760 -0.659 -3.817 313.494 0.838
3 16 -3.961 315.760 -0.659 -3.865 313.574 -0.720 -3.817 313.494 0.838
3 16 -3.961 315.760 -0.659 -3.404 315.779 -2.117 -3.865 313.574 -0.720
3 16 -3.404 315.779 -2.117 -3.315 313.695 -2.176 -3.865 313.574 -0.720
3 16 -3.401 317.642 -2.119 -2.329 317.621 -3.253 -3.404 315.779 -2.117
3 16 -2.329 317.621 -3.253 -2.332 315.803 -3.251 -3.404 315.779 -2.117
3 16 -2.329 317.621 -3.253 -0.904 317.600 -3.890 -2.332 315.803 -3.251
3 16 -0.904 317.600 -3.890 -0.907 315.826 -3.888 -2.332 315.803 -3.251
3 16 -0.904 317.600 -3.890 0.656 317.582 -3.933 -0.907 315.826 -3.888
3 16 0.656 317.582 -3.933 0.653 315.846 -3.931 -0.907 315.826 -3.888
3 16 0.656 317.582 -3.933 2.114 317.569 -3.376 0.653 315.846 -3.931
3 16 2.114 317.569 -3.376 2.111 315.859 -3.375 0.653 315.846 -3.931
3 16 2.114 317.569 -3.376 3.248 317.565 -2.304 2.111 315.859 -3.375
3 16 3.248 317.565 -2.304 3.245 315.864 -2.302 2.111 315.859 -3.375
3 16 3.248 317.565 -2.304 3.885 317.569 -0.879 3.245 315.864 -2.302
3 16 3.885 317.569 -0.879 3.882 315.860 -0.878 3.245 315.864 -2.302
3 16 3.885 317.569 -0.879 3.928 317.580 0.681 3.882 315.860 -0.878
3 16 3.928 317.580 0.681 3.926 315.847 0.682 3.882 315.860 -0.878
3 16 3.928 317.580 0.681 3.372 317.598 2.139 3.926 315.847 0.682
3 16 3.372 317.598 2.139 3.369 315.827 2.140 3.926 315.847 0.682
3 16 3.372 317.598 2.139 2.299 317.619 3.273 3.369 315.827 2.140
3 16 2.299 317.619 3.273 2.297 315.804 3.274 3.369 315.827 2.140
3 16 2.299 317.619 3.273 0.875 317.640 3.910 2.297 315.804 3.274
3 16 0.875 317.640 3.910 0.873 315.781 3.912 2.297 315.804 3.274
3 16 0.875 317.640 3.910 -0.685 317.659 3.953 0.873 315.781 3.912
3 16 -0.685 317.659 3.953 -0.687 315.761 3.955 0.873 315.781 3.912
3 16 -0.685 317.659 3.953 -2.143 317.671 3.396 -0.687 315.761 3.955
3 16 -2.143 317.671 3.396 -2.145 315.748 3.398 -0.687 315.761 3.955
3 16 -2.143 317.671 3.396 -3.277 317.675 2.324 -2.145 315.748 3.398
3 16 -3.277 317.675 2.324 -3.279 315.743 2.326 -2.145 315.748 3.398
3 16 -3.277 317.675 2.324 -3.914 317.671 0.899 -3.279 315.743 2.326
3 16 -3.914 317.671 0.899 -3.917 315.747 0.901 -3.279 315.743 2.326
3 16 -3.914 317.671 0.899 -3.958 317.660 -0.661 -3.917 315.747 0.901
3 16 -3.958 317.660 -0.661 -3.961 315.760 -0.659 -3.917 315.747 0.901
3 16 -3.958 317.660 -0.661 -3.401 317.642 -2.119 -3.961 315.760 -0.659
3 16 -3.401 317.642 -2.119 -3.404 315.779 -2.117 -3.961 315.760 -0.659
3 16 -3.386 319.000 -2.129 -2.314 319.000 -3.263 -3.401 317.642 -2.119
3 16 -2.314 319.000 -3.263 -2.329 317.621 -3.253 -3.401 317.642 -2.119
3 16 -2.314 319.000 -3.263 -0.889 319.000 -3.900 -2.329 317.621 -3.253
3 16 -0.889 319.000 -3.900 -0.904 317.600 -3.890 -2.329 317.621 -3.253
3 16 -0.889 319.000 -3.900 0.671 319.000 -3.943 -0.904 317.600 -3.890
3 16 0.671 319.000 -3.943 0.656 317.582 -3.933 -0.904 317.600 -3.890
3 16 0.671 319.000 -3.943 2.129 319.000 -3.386 0.656 317.582 -3.933
3 16 2.129 319.000 -3.386 2.114 317.569 -3.376 0.656 317.582 -3.933
3 16 2.129 319.000 -3.386 3.263 319.000 -2.314 2.114 317.569 -3.376
3 16 3.263 319.000 -2.314 3.248 317.565 -2.304 2.114 317.569 -3.376
3 16 3.263 319.000 -2.314 3.900 319.000 -0.889 3.248 317.565 -2.304
3 16 3.900 319.000 -0.889 3.885 317.569 -0.879 3.248 317.565 -2.304
3 16 3.900 319.000 -0.889 3.943 319.000 0.671 3.885 317.569 -0.879
3 16 3.943 319.000 0.671 3.928 317.580 0.681 3.885 317.569 -0.879
3 16 3.943 319.000 0.671 3.386 319.000 2.129 3.928 317.580 0.681
3 16 3.386 319.000 2.129 3.372 317.598 2.139 3.928 317.580 0.681
3 16 3.386 319.000 2.129 2.314 319.000 3.263 3.372 317.598 2.139
3 16 2.314 319.000 3.263 2.299 317.619 3.273 3.372 317.598 2.139
3 16 2.314 319.000 3.263 0.889 319.000 3.900 2.299 317.619 3.273
3 16 0.889 319.000 3.900 0.875 317.640 3.910 2.299 317.619 3.273
3 16 0.889 319.000 3.900 -0.671 319.000 3.943 0.875 317.640 3.910
3 16 -0.671 319.000 3.943 -0.685 317.659 3.953 0.875 317.640 3.910
3 16 -0.671 319.000 3.943 -2.129 319.000 3.386 -0.685 317.659 3.953
3 16 -2.129 319.000 3.386 -2.143 317.671 3.396 -0.685 317.659 3.953
3 16 -2.129 319.000 3.386 -3.263 319.000 2.314 -2.143 317.671 3.396
3 16 -3.263 319.000 2.314 -3.277 317.675 2.324 -2.143 317.671 3.396
3 16 -3.263 319.000 2.314 -3.900 319.000 0.889 -3.277 317.675 2.324
3 16 -3.900 319.000 0.889 -3.914 317.671 0.899 -3.277 317.675 2.324
3 16 -3.900 319.000 0.889 -3.943 319.000 -0.671 -3.914 317.671 0.899
3 16 -3.943 319.000 -0.671 -3.958 317.660 -0.661 -3.914 317.671 0.899
3 16 -3.943 319.000 -0.671 -3.386 319.000 -2.129 -3.958 317.660 -0.661
3 16 -3.386 319.000 -2.129 -3.401 317.642 -2.119 -3.958 317.660 -0.661
3 16 -178.751 314.055 -1.567 -178.243 314.065 -0.975 -178.258 315.430 -0.982
3 16 -178.766 315.430 -1.574 -178.751 314.055 -1.567 -178.258 315.430 -0.982
3 16 -179.448 314.045 -1.919 -178.751 314.055 -1.567 -178.766 315.430 -1.574
3 16 -179.462 315.430 -1.926 -179.448 314.045 -1.919 -178.766 315.430 -1.574
3 16 -180.226 314.036 -1.978 -179.448 314.045 -1.919 -179.462 315.430 -1.926
3 16 -180.240 315.430 -1.986 -180.226 314.036 -1.978 -179.462 315.430 -1.926
3 16 -180.967 314.029 -1.735 -180.226 314.036 -1.978 -180.240 315.430 -1.986
3 16 -180.982 315.430 -1.742 -180.967 314.029 -1.735 -180.240 315.430 -1.986
3 16 -181.559 314.025 -1.227 -180.967 314.029 -1.735 -180.982 315.430 -1.742
3 16 -181.574 315.430 -1.234 -181.559 314.025 -1.227 -180.982 315.430 -1.742
3 16 -181.912 314.025 -0.530 -181.559 314.025 -1.227 -181.574 315.430 -1.234
3 16 -181.926 315.430 -0.538 -181.912 314.025 -0.530 -181.574 315.430 -1.234
3 16 -181.971 314.029 0.248 -181.912 314.025 -0.530 -181.926 315.430 -0.538
3 16 -181.986 315.430 0.240 -181.971 314.029 0.248 -181.926 315.430 -0.538
3 16 -181.728 314.036 0.989 -181.971 314.029 0.248 -181.986 315.430 0.240
3 16 -181.742 315.430 0.982 -181.728 314.036 0.989 -181.986 315.430 0.240
3 16 -181.219 314.045 1.581 -181.728 314.036 0.989 -181.742 315.430 0.982
3 16 -181.234 315.430 1.574 -181.219 314.045 1.581 -181.742 315.430 0.982
3 16 -180.523 314.055 1.934 -181.219 314.045 1.581 -181.234 315.430 1.574
3 16 -180.538 315.430 1.926 -180.523 314.055 1.934 -181.234 315.430 1.574
3 16 -179.745 314.064 1.993 -180.523 314.055 1.934 -180.538 315.430 1.926
3 16 -179.760 315.430 1.986 -179.745 314.064 1.993 -180.538 315.430 1.926
3 16 -179.004 314.072 1.750 -179.745 314.064 1.993 -179.760 315.430 1.986
3 16 -179.018 315.430 1.742 -179.004 314.072 1.750 -179.760 315.430 1.986
3 16 -178.412 314.075 1.241 -179.004 314.072 1.750 -179.018 315.430 1.742
3 16 -178.426 315.430 1.234 -178.412 314.075 1.241 -179.018 315.430 1.742
3 16 -178.059 314.075 0.545 -178.412 314.075 1.241 -178.426 315.430 1.234
3 16 -178.074 315.430 0.538 -178.059 314.075 0.545 -178.426 315.430 1.234
3 16 -178.000 314.072 -0.233 -178.059 314.075 0.545 -178.074 315.430 0.538
3 16 -178.015 315.430 -0.240 -178.000 314.072 -0.233 -178.074 315.430 0.538
3 16 -178.243 314.065 -0.975 -178.000 314.072 -0.233 -178.015 315.430 -0.240
3 16 -178.258 315.430 -0.982 -178.243 314.065 -0.975 -178.015 315.430 -0.240
3 16 -178.749 312.228 -1.565 -178.240 312.218 -0.974 -178.243 314.065 -0.975
3 16 -178.751 314.055 -1.567 -178.749 312.228 -1.565 -178.243 314.065 -0.975
3 16 -179.445 312.239 -1.918 -178.749 312.228 -1.565 -178.751 314.055 -1.567
3 16 -179.448 314.045 -1.919 -179.445 312.239 -1.918 -178.751 314.055 -1.567
3 16 -180.223 312.249 -1.977 -179.445 312.239 -1.918 -179.448 314.045 -1.919
3 16 -180.226 314.036 -1.978 -180.223 312.249 -1.977 -179.448 314.045 -1.919
3 16 -180.965 312.257 -1.733 -180.223 312.249 -1.977 -180.226 314.036 -1.978
3 16 -180.967 314.029 -1.735 -180.965 312.257 -1.733 -180.226 314.036 -1.978
3 16 -181.557 312.261 -1.225 -180.965 312.257 -1.733 -180.967 314.029 -1.735
3 16 -181.559 314.025 -1.227 -181.557 312.261 -1.225 -180.967 314.029 -1.735
3 16 -181.909 312.261 -0.529 -181.557 312.261 -1.225 -181.559 314.025 -1.227
3 16 -181.912 314.025 -0.530 -181.909 312.261 -0.529 -181.559 314.025 -1.227
3 16 -181.968 312.257 0.250 -181.909 312.261 -0.529 -181.912 314.025 -0.530
3 16 -181.971 314.029 0.248 -181.968 312.257 0.250 -181.912 314.025 -0.530
3 16 -181.725 312.249 0.991 -181.968 312.257 0.250 -181.971 314.029 0.248
3 16 -181.728 314.036 0.989 -181.725 312.249 0.991 -181.971 314.029 0.248
3 16 -181.216 312.239 1.583 -181.725 312.249 0.991 -181.728 314.036 0.989
3 16 -181.219 314.045 1.581 -181.216 312.239 1.583 -181.728 314.036 0.989
3 16 -180.520 312.228 1.935 -181.216 312.239 1.583 -181.219 314.045 1.581
3 16 -180.523 314.055 1.934 -180.520 312.228 1.935 -181.219 314.045 1.581
3 16 -179.742 312.218 1.994 -180.520 312.228 1.935 -180.523 314.055 1.934
3 16 -179.745 314.064 1.993 -179.742 312.218 1.994 -180.523 314.055 1.934
3 16 -179.001 312.210 1.751 -179.742 312.218 1.994 -179.745 314.064 1.993
3 16 -179.004 314.072 1.750 -179.001 312.210 1.751 -179.745 314.064 1.993
3 16 -178.409 312.206 1.242 -179.001 312.210 1.751 -179.004 314.072 1.750
3 16 -178.412 314.075 1.241 -178.409 312.206 1.242 -179.004 314.072 1.750
3 16 -178.056 312.206 0.546 -178.409 312.206 1.242 -178.412 314.075 1.241
3 16 -178.059 314.075 0.545 -178.056 312.206 0.546 -178.412 314.075 1.241
3 16 -177.997 312.210 -0.232 -178.056 312.206 0.546 -178.059 314.075 0.545
3 16 -178.000 314.072 -0.233 -177.997 312.210 -0.232 -178.059 314.075 0.545
3 16 -178.240 312.218 -0.974 -177.997 312.210 -0.232 -178.000 314.072 -0.233
3 16 -178.243 314.065 -0.975 -178.240 312.218 -0.974 -178.000 314.072 -0.233
3 16 -178.840 310.240 -1.612 -178.333 310.175 -1.022 -178.240 312.218 -0.974
3 16 -178.749 312.228 -1.565 -178.840 310.240 -1.612 -178.240 312.218 -0.974
3 16 -179.534 310.309 -1.962 -178.840 310.240 -1.612 -178.749 312.228 -1.565
3 16 -179.445 312.239 -1.918 -179.534 310.309 -1.962 -178.749 312.228 -1.565
3 16 -180.309 310.374 -2.019 -179.534 310.309 -1.962 -179.445 312.239 -1.918
3 16 -180.223 312.249 -1.977 -180.309 310.374 -2.019 -179.445 312.239 -1.918
3 16 -181.049 310.423 -1.773 -180.309 310.374 -2.019 -180.223 312.249 -1.977
3 16 -180.965 312.257 -1.733 -181.049 310.423 -1.773 -180.223 312.249 -1.977
3 16 -181.639 310.449 -1.264 -181.049 310.423 -1.773 -180.965 312.257 -1.733
3 16 -181.557 312.261 -1.225 -181.639 310.449 -1.264 -180.965 312.257 -1.733
3 16 -181.990 310.449 -0.567 -181.639 310.449 -1.264 -181.557 312.261 -1.225
3 16 -181.909 312.261 -0.529 -181.990 310.449 -0.567 -181.557 312.261 -1.225
3 16 -182.049 310.422 0.211 -181.990 310.449 -0.567 -181.909 312.261 -0.529
3 16 -181.968 312.257 0.250 -182.049 310.422 0.211 -181.909 312.261 -0.529
3 16 -181.807 310.373 0.951 -182.049 310.422 0.211 -181.968 312.257 0.250
3 16 -181.725 312.249 0.991 -181.807 310.373 0.951 -181.968 312.257 0.250
3 16 -181.300 310.308 1.541 -181.807 310.373 0.951 -181.725 312.249 0.991
3 16 -181.216 312.239 1.583 -181.300 310.308 1.541 -181.725 312.249 0.991
3 16 -180.606 310.239 1.891 -181.300 310.308 1.541 -181.216 312.239 1.583
3 16 -180.520 312.228 1.935 -180.606 310.239 1.891 -181.216 312.239 1.583
3 16 -179.831 310.174 1.948 -180.606 310.239 1.891 -180.520 312.228 1.935
3 16 -179.742 312.218 1.994 -179.831 310.174 1.948 -180.520 312.228 1.935
3 16 -179.092 310.125 1.702 -179.831 310.174 1.948 -179.742 312.218 1.994
3 16 -179.001 312.210 1.751 -179.092 310.125 1.702 -179.742 312.218 1.994
3 16 -178.501 310.099 1.193 -179.092 310.125 1.702 -179.001 312.210 1.751
3 16 -178.409 312.206 1.242 -178.501 310.099 1.193 -179.001 312.210 1.751
3 16 -178.150 310.099 0.496 -178.501 310.099 1.193 -178.409 312.206 1.242
3 16 -178.056 312.206 0.546 -178.150 310.099 0.496 -178.409 312.206 1.242
3 16 -178.091 310.126 -0.282 -178.150 310.099 0.496 -178.056 312.206 0.546
3 16 -177.997 312.210 -0.232 -178.091 310.126 -0.282 -178.056 312.206 0.546
3 16 -178.333 310.175 -1.022 -178.091 310.126 -0.282 -177.997 312.210 -0.232
3 16 -178.240 312.218 -0.974 -178.333 310.175 -1.022 -177.997 312.210 -0.232
3 16 -179.018 308.069 -1.702 -178.511 308.015 -1.112 -178.333 310.175 -1.022
3 16 -178.840 310.240 -1.612 -179.018 308.069 -1.702 -178.333 310.175 -1.022
3 16 -179.713 308.127 -2.053 -179.018 308.069 -1.702 -178.840 310.240 -1.612
3 16 -179.534 310.309 -1.962 -179.713 308.127 -2.053 -178.840 310.240 -1.612
3 16 -180.490 308.180 -2.110 -179.713 308.127 -2.053 -179.534 310.309 -1.962
3 16 -180.309 310.374 -2.019 -180.490 308.180 -2.110 -179.534 310.309 -1.962
3 16 -181.229 308.221 -1.865 -180.490 308.180 -2.110 -180.309 310.374 -2.019
3 16 -181.049 310.423 -1.773 -181.229 308.221 -1.865 -180.309 310.374 -2.019
3 16 -181.820 308.243 -1.355 -181.229 308.221 -1.865 -181.049 310.423 -1.773
3 16 -181.639 310.449 -1.264 -181.820 308.243 -1.355 -181.049 310.423 -1.773
3 16 -182.171 308.243 -0.658 -181.820 308.243 -1.355 -181.639 310.449 -1.264
3 16 -181.990 310.449 -0.567 -182.171 308.243 -0.658 -181.639 310.449 -1.264
3 16 -182.230 308.221 0.120 -182.171 308.243 -0.658 -181.990 310.449 -0.567
3 16 -182.049 310.422 0.211 -182.230 308.221 0.120 -181.990 310.449 -0.567
3 16 -181.987 308.181 0.860 -182.230 308.221 0.120 -182.049 310.422 0.211
3 16 -181.807 310.373 0.951 -181.987 308.181 0.860 -182.049 310.422 0.211
3 16 -181.479 308.127 1.450 -181.987 308.181 0.860 -181.807 310.373 0.951
3 16 -181.300 310.308 1.541 -181.479 308.127 1.450 -181.807 310.373 0.951
3 16 -180.785 308.069 1.801 -181.479 308.127 1.450 -181.300 310.308 1.541
3 16 -180.606 310.239 1.891 -180.785 308.069 1.801 -181.300 310.308 1.541
3 16 -180.008 308.016 1.858 -180.785 308.069 1.801 -180.606 310.239 1.891
3 16 -179.831 310.174 1.948 -180.008 308.016 1.858 -180.606 310.239 1.891
3 16 -179.268 307.975 1.613 -180.008 308.016 1.858 -179.831 310.174 1.948
3 16 -179.092 310.125 1.702 -179.268 307.975 1.613 -179.831 310.174 1.948
3 16 -178.678 307.953 1.103 -179.268 307.975 1.613 -179.092 310.125 1.702
3 16 -178.501 310.099 1.193 -178.678 307.953 1.103 -179.092 310.125 1.702
3 16 -178.326 307.952 0.406 -178.678 307.953 1.103 -178.501 310.099 1.193
3 16 -178.150 310.099 0.496 -178.326 307.952 0.406 -178.501 310.099 1.193
3 16 -178.268 307.974 -0.371 -178.326 307.952 0.406 -178.150 310.099 0.496
3 16 -178.091 310.126 -0.282 -178.268 307.974 -0.371 -178.150 310.099 0.496
3 16 -178.511 308.015 -1.112 -178.268 307.974 -0.371 -178.091 310.126 -0.282
3 16 -178.333 310.175 -1.022 -178.511 308.015 -1.112 -178.091 310.126 -0.282
3 16 -179.055 305.961 -1.721 -178.544 306.011 -1.133 -178.511 308.015 -1.112
3 16 -179.018 308.069 -1.702 -179.055 305.961 -1.721 -178.511 308.015 -1.112
3 16 -179.752 305.907 -2.068 -179.055 305.961 -1.721 -179.018 308.069 -1.702
3 16 -179.713 308.127 -2.053 -179.752 305.907 -2.068 -179.018 308.069 -1.702
3 16 -180.529 305.858 -2.122 -179.752 305.907 -2.068 -179.713 308.127 -2.053
3 16 -180.490 308.180 -2.110 -180.529 305.858 -2.122 -179.713 308.127 -2.053
3 16 -181.268 305.821 -1.873 -180.529 305.858 -2.122 -180.490 308.180 -2.110
3 16 -181.229 308.221 -1.865 -181.268 305.821 -1.873 -180.490 308.180 -2.110
3 16 -181.856 305.801 -1.361 -181.268 305.821 -1.873 -181.229 308.221 -1.865
3 16 -181.820 308.243 -1.355 -181.856 305.801 -1.361 -181.229 308.221 -1.865
3 16 -182.204 305.803 -0.662 -181.856 305.801 -1.361 -181.820 308.243 -1.355
3 16 -182.171 308.243 -0.658 -182.204 305.803 -0.662 -181.820 308.243 -1.355
3 16 -182.259 305.825 0.116 -182.204 305.803 -0.662 -182.171 308.243 -0.658
3 16 -182.230 308.221 0.120 -182.259 305.825 0.116 -182.171 308.243 -0.658
3 16 -182.012 305.864 0.855 -182.259 305.825 0.116 -182.230 308.221 0.120
3 16 -181.987 308.181 0.860 -182.012 305.864 0.855 -182.230 308.221 0.120
3 16 -181.501 305.914 1.443 -182.012 305.864 0.855 -181.987 308.181 0.860
3 16 -181.479 308.127 1.450 -181.501 305.914 1.443 -181.987 308.181 0.860
3 16 -180.805 305.968 1.790 -181.501 305.914 1.443 -181.479 308.127 1.450
3 16 -180.785 308.069 1.801 -180.805 305.968 1.790 -181.479 308.127 1.450
3 16 -180.028 306.017 1.844 -180.805 305.968 1.790 -180.785 308.069 1.801
3 16 -180.008 308.016 1.858 -180.028 306.017 1.844 -180.785 308.069 1.801
3 16 -179.289 306.054 1.595 -180.028 306.017 1.844 -180.008 308.016 1.858
3 16 -179.268 307.975 1.613 -179.289 306.054 1.595 -180.008 308.016 1.858
3 16 -178.701 306.073 1.083 -179.289 306.054 1.595 -179.268 307.975 1.613
3 16 -178.678 307.953 1.103 -178.701 306.073 1.083 -179.268 307.975 1.613
3 16 -178.353 306.072 0.384 -178.701 306.073 1.083 -178.678 307.953 1.103
3 16 -178.326 307.952 0.406 -178.353 306.072 0.384 -178.678 307.953 1.103
3 16 -178.298 306.050 -0.394 -178.353 306.072 0.384 -178.326 307.952 0.406
3 16 -178.268 307.974 -0.371 -178.298 306.050 -0.394 -178.326 307.952 0.406
3 16 -178.544 306.011 -1.133 -178.298 306.050 -0.394 -178.268 307.974 -0.371
3 16 -178.511 308.015 -1.112 -178.544 306.011 -1.133 -178.268 307.974 -0.371
3 16 -178.812 303.928 -1.595 -178.308 304.057 -1.013 -178.544 306.011 -1.133
3 16 -179.055 305.961 -1.721 -178.812 303.928 -1.595 -178.544 306.011 -1.133
3 16 -179.500 303.790 -1.935 -178.812 303.928 -1.595 -179.055 305.961 -1.721
3 16 -179.752 305.907 -2.068 -179.500 303.790 -1.935 -179.055 305.961 -1.721
3 16 -180.269 303.663 -1.982 -179.500 303.790 -1.935 -179.752 305.907 -2.068
3 16 -180.529 305.858 -2.122 -180.269 303.663 -1.982 -179.752 305.907 -2.068
3 16 -181.001 303.567 -1.728 -180.269 303.663 -1.982 -180.529 305.858 -2.122
3 16 -181.268 305.821 -1.873 -181.001 303.567 -1.728 -180.529 305.858 -2.122
3 16 -181.584 303.517 -1.213 -181.001 303.567 -1.728 -181.268 305.821 -1.873
3 16 -181.856 305.801 -1.361 -181.584 303.517 -1.213 -181.268 305.821 -1.873
3 16 -181.930 303.520 -0.513 -181.584 303.517 -1.213 -181.856 305.801 -1.361
3 16 -182.204 305.803 -0.662 -181.930 303.520 -0.513 -181.856 305.801 -1.361
3 16 -181.987 303.576 0.263 -181.930 303.520 -0.513 -182.204 305.803 -0.662
3 16 -182.259 305.825 0.116 -181.987 303.576 0.263 -182.204 305.803 -0.662
3 16 -181.745 303.676 0.998 -181.987 303.576 0.263 -182.259 305.825 0.116
3 16 -182.012 305.864 0.855 -181.745 303.676 0.998 -182.259 305.825 0.116
3 16 -181.241 303.805 1.580 -181.745 303.676 0.998 -182.012 305.864 0.855
3 16 -181.501 305.914 1.443 -181.241 303.805 1.580 -182.012 305.864 0.855
3 16 -180.553 303.943 1.921 -181.241 303.805 1.580 -181.501 305.914 1.443
3 16 -180.805 305.968 1.790 -180.553 303.943 1.921 -181.501 305.914 1.443
3 16 -179.784 304.070 1.967 -180.553 303.943 1.921 -180.805 305.968 1.790
3 16 -180.028 306.017 1.844 -179.784 304.070 1.967 -180.805 305.968 1.790
3 16 -179.053 304.166 1.714 -179.784 304.070 1.967 -180.028 306.017 1.844
3 16 -179.289 306.054 1.595 -179.053 304.166 1.714 -180.028 306.017 1.844
3 16 -178.469 304.216 1.198 -179.053 304.166 1.714 -179.289 306.054 1.595
3 16 -178.701 306.073 1.083 -178.469 304.216 1.198 -179.289 306.054 1.595
3 16 -178.123 304.213 0.498 -178.469 304.216 1.198 -178.701 306.073 1.083
3 16 -178.353 306.072 0.384 -178.123 304.213 0.498 -178.701 306.073 1.083
3 16 -178.067 304.157 -0.278 -178.123 304.213 0.498 -178.353 306.072 0.384
3 16 -178.298 306.050 -0.394 -178.067 304.157 -0.278 -178.353 306.072 0.384
3 16 -178.308 304.057 -1.013 -178.067 304.157 -0.278 -178.298 306.050 -0.394
3 16 -178.544 306.011 -1.133 -178.308 304.057 -1.013 -178.298 306.050 -0.394
3 16 -178.497 301.859 -1.430 -177.989 301.959 -0.846 -178.308 304.057 -1.013
3 16 -178.812 303.928 -1.595 -178.497 301.859 -1.430 -178.308 304.057 -1.013
3 16 -179.190 301.752 -1.773 -178.497 301.859 -1.430 -178.812 303.928 -1.595
3 16 -179.500 303.790 -1.935 -179.190 301.752 -1.773 -178.812 303.928 -1.595
3 16 -179.963 301.654 -1.821 -179.190 301.752 -1.773 -179.500 303.790 -1.935
3 16 -180.269 303.663 -1.982 -179.963 301.654 -1.821 -179.500 303.790 -1.935
3 16 -180.697 301.581 -1.569 -179.963 301.654 -1.821 -180.269 303.663 -1.982
3 16 -181.001 303.567 -1.728 -180.697 301.581 -1.569 -180.269 303.663 -1.982
3 16 -181.282 301.542 -1.054 -180.697 301.581 -1.569 -181.001 303.567 -1.728
3 16 -181.584 303.517 -1.213 -181.282 301.542 -1.054 -181.001 303.567 -1.728
3 16 -181.628 301.545 -0.354 -181.282 301.542 -1.054 -181.584 303.517 -1.213
3 16 -181.930 303.520 -0.513 -181.628 301.545 -0.354 -181.584 303.517 -1.213
3 16 -181.683 301.589 0.423 -181.628 301.545 -0.354 -181.930 303.520 -0.513
3 16 -181.987 303.576 0.263 -181.683 301.589 0.423 -181.930 303.520 -0.513
3 16 -181.438 301.667 1.160 -181.683 301.589 0.423 -181.987 303.576 0.263
3 16 -181.745 303.676 0.998 -181.438 301.667 1.160 -181.987 303.576 0.263
3 16 -180.930 301.767 1.744 -181.438 301.667 1.160 -181.745 303.676 0.998
3 16 -181.241 303.805 1.580 -180.930 301.767 1.744 -181.745 303.676 0.998
3 16 -180.237 301.874 2.086 -180.930 301.767 1.744 -181.241 303.805 1.580
3 16 -180.553 303.943 1.921 -180.237 301.874 2.086 -181.241 303.805 1.580
3 16 -179.464 301.971 2.135 -180.237 301.874 2.086 -180.553 303.943 1.921
3 16 -179.784 304.070 1.967 -179.464 301.971 2.135 -180.553 303.943 1.921
3 16 -178.729 302.045 1.882 -179.464 301.971 2.135 -179.784 304.070 1.967
3 16 -179.053 304.166 1.714 -178.729 302.045 1.882 -179.784 304.070 1.967
3 16 -178.144 302.083 1.367 -178.729 302.045 1.882 -179.053 304.166 1.714
3 16 -178.469 304.216 1.198 -178.144 302.083 1.367 -179.053 304.166 1.714
3 16 -177.798 302.080 0.668 -178.144 302.083 1.367 -178.469 304.216 1.198
3 16 -178.123 304.213 0.498 -177.798 302.080 0.668 -178.469 304.216 1.198
3 16 -177.744 302.037 -0.109 -177.798 302.080 0.668 -178.123 304.213 0.498
3 16 -178.067 304.157 -0.278 -177.744 302.037 -0.109 -178.123 304.213 0.498
3 16 -177.989 301.959 -0.846 -177.744 302.037 -0.109 -178.067 304.157 -0.278
3 16 -178.308 304.057 -1.013 -177.989 301.959 -0.846 -178.067 304.157 -0.278
3 16 -178.347 299.763 -1.349 -177.833 299.797 -0.763 -177.989 301.959 -0.846
3 16 -178.497 301.859 -1.430 -178.347 299.763 -1.349 -177.989 301.959 -0.846
3 16 -179.046 299.727 -1.693 -178.347 299.763 -1.349 -178.497 301.859 -1.430
3 16 -179.190 301.752 -1.773 -179.046 299.727 -1.693 -178.497 301.859 -1.430
3 16 -179.825 299.695 -1.743 -179.046 299.727 -1.693 -179.190 301.752 -1.773
3 16 -179.963 301.654 -1.821 -179.825 299.695 -1.743 -179.190 301.752 -1.773
3 16 -180.563 299.672 -1.491 -179.825 299.695 -1.743 -179.963 301.654 -1.821
3 16 -180.697 301.581 -1.569 -180.563 299.672 -1.491 -179.963 301.654 -1.821
3 16 -181.149 299.661 -0.976 -180.563 299.672 -1.491 -180.697 301.581 -1.569
3 16 -181.282 301.542 -1.054 -181.149 299.661 -0.976 -180.697 301.581 -1.569
3 16 -181.494 299.664 -0.276 -181.149 299.661 -0.976 -181.282 301.542 -1.054
3 16 -181.628 301.545 -0.354 -181.494 299.664 -0.276 -181.282 301.542 -1.054
3 16 -181.544 299.680 0.503 -181.494 299.664 -0.276 -181.628 301.545 -0.354
3 16 -181.683 301.589 0.423 -181.544 299.680 0.503 -181.628 301.545 -0.354
3 16 -181.293 299.707 1.241 -181.544 299.680 0.503 -181.683 301.589 0.423
3 16 -181.438 301.667 1.160 -181.293 299.707 1.241 -181.683 301.589 0.423
3 16 -180.779 299.741 1.827 -181.293 299.707 1.241 -181.438 301.667 1.160
3 16 -180.930 301.767 1.744 -180.779 299.741 1.827 -181.438 301.667 1.160
3 16 -180.080 299.777 2.171 -180.779 299.741 1.827 -180.930 301.767 1.744
3 16 -180.237 301.874 2.086 -180.080 299.777 2.171 -180.930 301.767 1.744
3 16 -179.302 299.809 2.221 -180.080 299.777 2.171 -180.237 301.874 2.086
3 16 -179.464 301.971 2.135 -179.302 299.809 2.221 -180.237 301.874 2.086
3 16 -178.563 299.832 1.970 -179.302 299.809 2.221 -179.464 301.971 2.135
3 16 -178.729 302.045 1.882 -178.563 299.832 1.970 -179.464 301.971 2.135
3 16 -177.977 299.843 1.454 -178.563 299.832 1.970 -178.729 302.045 1.882
3 16 -178.144 302.083 1.367 -177.977 299.843 1.454 -178.729 302.045 1.882
3 16 -177.633 299.840 0.754 -177.977 299.843 1.454 -178.144 302.083 1.367
3 16 -177.798 302.080 0.668 -177.633 299.840 0.754 -178.144 302.083 1.367
3 16 -177.582 299.824 -0.024 -177.633 299.840 0.754 -177.798 302.080 0.668
3 16 -177.744 302.037 -0.109 -177.582 299.824 -0.024 -177.798 302.080 0.668
3 16 -177.833 299.797 -0.763 -177.582 299.824 -0.024 -177.744 302.037 -0.109
3 16 -177.989 301.959 -0.846 -177.833 299.797 -0.763 -177.744 302.037 -0.109
3 16 -178.276 297.704 -1.306 -177.762 297.741 -0.720 -177.833 299.797 -0.763
3 16 -178.347 299.763 -1.349 -178.276 297.704 -1.306 -177.833 299.797 -0.763
3 16 -178.976 297.666 -1.650 -178.276 297.704 -1.306 -178.347 299.763 -1.349
3 16 -179.046 299.727 -1.693 -178.976 297.666 -1.650 -178.347 299.763 -1.349
3 16 -179.754 297.631 -1.700 -178.976 297.666 -1.650 -179.046 299.727 -1.693
3 16 -179.825 299.695 -1.743 -179.754 297.631 -1.700 -179.046 299.727 -1.693
3 16 -180.492 297.606 -1.448 -179.754 297.631 -1.700 -179.825 299.695 -1.743
3 16 -180.563 299.672 -1.491 -180.492 297.606 -1.448 -179.825 299.695 -1.743
3 16 -181.078 297.594 -0.933 -180.492 297.606 -1.448 -180.563 299.672 -1.491
3 16 -181.149 299.661 -0.976 -181.078 297.594 -0.933 -180.563 299.672 -1.491
3 16 -181.423 297.596 -0.233 -181.078 297.594 -0.933 -181.149 299.661 -0.976
3 16 -181.494 299.664 -0.276 -181.423 297.596 -0.233 -181.149 299.661 -0.976
3 16 -181.474 297.614 0.546 -181.423 297.596 -0.233 -181.494 299.664 -0.276
3 16 -181.544 299.680 0.503 -181.474 297.614 0.546 -181.494 299.664 -0.276
3 16 -181.223 297.643 1.284 -181.474 297.614 0.546 -181.544 299.680 0.503
3 16 -181.293 299.707 1.241 -181.223 297.643 1.284 -181.544 299.680 0.503
3 16 -180.709 297.679 1.870 -181.223 297.643 1.284 -181.293 299.707 1.241
3 16 -180.779 299.741 1.827 -180.709 297.679 1.870 -181.293 299.707 1.241
3 16 -180.009 297.718 2.214 -180.709 297.679 1.870 -180.779 299.741 1.827
3 16 -180.080 299.777 2.171 -180.009 297.718 2.214 -180.779 299.741 1.827
3 16 -179.231 297.753 2.264 -180.009 297.718 2.214 -180.080 299.777 2.171
3 16 -179.302 299.809 2.221 -179.231 297.753 2.264 -180.080 299.777 2.171
3 16 -178.493 297.778 2.012 -179.231 297.753 2.264 -179.302 299.809 2.221
3 16 -178.563 299.832 1.970 -178.493 297.778 2.012 -179.302 299.809 2.221
3 16 -177.907 297.790 1.497 -178.493 297.778 2.012 -178.563 299.832 1.970
3 16 -177.977 299.843 1.454 -177.907 297.790 1.497 -178.563 299.832 1.970
3 16 -177.562 297.787 0.797 -177.907 297.790 1.497 -177.977 299.843 1.454
3 16 -177.633 299.840 0.754 -177.562 297.787 0.797 -177.977 299.843 1.454
3 16 -177.511 297.770 0.019 -177.562 297.787 0.797 -177.633 299.840 0.754
3 16 -177.582 299.824 -0.024 -177.511 297.770 0.019 -177.633 299.840 0.754
3 16 -177.762 297.741 -0.720 -177.511 297.770 0.019 -177.582 299.824 -0.024
3 16 -177.833 299.797 -0.763 -177.762 297.741 -0.720 -177.582 299.824 -0.024
3 16 -178.124 295.679 -1.223 -177.613 295.770 -0.640 -177.762 297.741 -0.720
3 16 -178.276 297.704 -1.306 -178.124 295.679 -1.223 -177.762 297.741 -0.720
3 16 -178.819 295.582 -1.564 -178.124 295.679 -1.223 -178.276 297.704 -1.306
3 16 -178.976 297.666 -1.650 -178.819 295.582 -1.564 -178.276 297.704 -1.306
3 16 -179.593 295.494 -1.610 -178.819 295.582 -1.564 -178.976 297.666 -1.650
3 16 -179.754 297.631 -1.700 -179.593 295.494 -1.610 -178.976 297.666 -1.650
3 16 -180.328 295.427 -1.356 -179.593 295.494 -1.610 -179.754 297.631 -1.700
3 16 -180.492 297.606 -1.448 -180.328 295.427 -1.356 -179.754 297.631 -1.700
3 16 -180.912 295.393 -0.839 -180.328 295.427 -1.356 -180.492 297.606 -1.448
3 16 -181.078 297.594 -0.933 -180.912 295.393 -0.839 -180.492 297.606 -1.448
3 16 -181.255 295.396 -0.139 -180.912 295.393 -0.839 -181.078 297.594 -0.933
3 16 -181.423 297.596 -0.233 -181.255 295.396 -0.139 -181.078 297.594 -0.933
3 16 -181.307 295.436 0.639 -181.255 295.396 -0.139 -181.423 297.596 -0.233
3 16 -181.474 297.614 0.546 -181.307 295.436 0.639 -181.423 297.596 -0.233
3 16 -181.058 295.507 1.375 -181.307 295.436 0.639 -181.474 297.614 0.546
3 16 -181.223 297.643 1.284 -181.058 295.507 1.375 -181.474 297.614 0.546
3 16 -180.548 295.598 1.958 -181.058 295.507 1.375 -181.223 297.643 1.284
3 16 -180.709 297.679 1.870 -180.548 295.598 1.958 -181.223 297.643 1.284
3 16 -179.852 295.695 2.299 -180.548 295.598 1.958 -180.709 297.679 1.870
3 16 -180.009 297.718 2.214 -179.852 295.695 2.299 -180.709 297.679 1.870
3 16 -179.078 295.783 2.346 -179.852 295.695 2.299 -180.009 297.718 2.214
3 16 -179.231 297.753 2.264 -179.078 295.783 2.346 -180.009 297.718 2.214
3 16 -178.344 295.849 2.091 -179.078 295.783 2.346 -179.231 297.753 2.264
3 16 -178.493 297.778 2.012 -178.344 295.849 2.091 -179.231 297.753 2.264
3 16 -177.760 295.884 1.574 -178.344 295.849 2.091 -178.493 297.778 2.012
3 16 -177.907 297.790 1.497 -177.760 295.884 1.574 -178.493 297.778 2.012
3 16 -177.416 295.881 0.874 -177.760 295.884 1.574 -177.907 297.790 1.497
3 16 -177.562 297.787 0.797 -177.416 295.881 0.874 -177.907 297.790 1.497
3 16 -177.365 295.841 0.096 -177.416 295.881 0.874 -177.562 297.787 0.797
3 16 -177.511 297.770 0.019 -177.365 295.841 0.096 -177.562 297.787 0.797
3 16 -177.613 295.770 -0.640 -177.365 295.841 0.096 -177.511 297.770 0.019
3 16 -177.762 297.741 -0.720 -177.613 295.770 -0.640 -177.511 297.770 0.019
3 16 -177.859 293.648 -1.084 -177.351 293.766 -0.503 -177.613 295.770 -0.640
3 16 -178.124 295.679 -1.223 -177.859 293.648 -1.084 -177.613 295.770 -0.640
3 16 -178.550 293.521 -1.422 -177.859 293.648 -1.084 -178.124 295.679 -1.223
3 16 -178.819 295.582 -1.564 -178.550 293.521 -1.422 -178.124 295.679 -1.223
3 16 -179.321 293.406 -1.467 -178.550 293.521 -1.422 -178.819 295.582 -1.564
3 16 -179.593 295.494 -1.610 -179.321 293.406 -1.467 -178.819 295.582 -1.564
3 16 -180.053 293.318 -1.211 -179.321 293.406 -1.467 -179.593 295.494 -1.610
3 16 -180.328 295.427 -1.356 -180.053 293.318 -1.211 -179.593 295.494 -1.610
3 16 -180.635 293.273 -0.693 -180.053 293.318 -1.211 -180.328 295.427 -1.356
3 16 -180.912 295.393 -0.839 -180.635 293.273 -0.693 -180.328 295.427 -1.356
3 16 -180.978 293.276 0.008 -180.635 293.273 -0.693 -180.912 295.393 -0.839
3 16 -181.255 295.396 -0.139 -180.978 293.276 0.008 -180.912 295.393 -0.839
3 16 -181.031 293.327 0.785 -180.978 293.276 0.008 -181.255 295.396 -0.139
3 16 -181.307 295.436 0.639 -181.031 293.327 0.785 -181.255 295.396 -0.139
3 16 -180.785 293.419 1.519 -181.031 293.327 0.785 -181.307 295.436 0.639
3 16 -181.058 295.507 1.375 -180.785 293.419 1.519 -181.307 295.436 0.639
3 16 -180.277 293.537 2.100 -180.785 293.419 1.519 -181.058 295.507 1.375
3 16 -180.548 295.598 1.958 -180.277 293.537 2.100 -181.058 295.507 1.375
3 16 -179.586 293.663 2.439 -180.277 293.537 2.100 -180.548 295.598 1.958
3 16 -179.852 295.695 2.299 -179.586 293.663 2.439 -180.548 295.598 1.958
3 16 -178.815 293.779 2.483 -179.586 293.663 2.439 -179.852 295.695 2.299
3 16 -179.078 295.783 2.346 -178.815 293.779 2.483 -179.852 295.695 2.299
3 16 -178.083 293.866 2.227 -178.815 293.779 2.483 -179.078 295.783 2.346
3 16 -178.344 295.849 2.091 -178.083 293.866 2.227 -179.078 295.783 2.346
3 16 -177.501 293.912 1.710 -178.083 293.866 2.227 -178.344 295.849 2.091
3 16 -177.760 295.884 1.574 -177.501 293.912 1.710 -178.344 295.849 2.091
3 16 -177.158 293.908 1.009 -177.501 293.912 1.710 -177.760 295.884 1.574
3 16 -177.416 295.881 0.874 -177.158 293.908 1.009 -177.760 295.884 1.574
3 16 -177.105 293.857 0.232 -177.158 293.908 1.009 -177.416 295.881 0.874
3 16 -177.365 295.841 0.096 -177.105 293.857 0.232 -177.416 295.881 0.874
3 16 -177.351 293.766 -0.503 -177.105 293.857 0.232 -177.365 295.841 0.096
3 16 -177.613 295.770 -0.640 -177.351 293.766 -0.503 -177.365 295.841 0.096
3 16 -177.554 291.610 -0.926 -177.047 291.728 -0.345 -177.351 293.766 -0.503
3 16 -177.859 293.648 -1.084 -177.554 291.610 -0.926 -177.351 293.766 -0.503
3 16 -178.246 291.482 -1.265 -177.554 291.610 -0.926 -177.859 293.648 -1.084
3 16 -178.550 293.521 -1.422 -178.246 291.482 -1.265 -177.859 293.648 -1.084
3 16 -179.016 291.365 -1.309 -178.246 291.482 -1.265 -178.550 293.521 -1.422
3 16 -179.321 293.406 -1.467 -179.016 291.365 -1.309 -178.550 293.521 -1.422
3 16 -179.748 291.277 -1.053 -179.016 291.365 -1.309 -179.321 293.406 -1.467
3 16 -180.053 293.318 -1.211 -179.748 291.277 -1.053 -179.321 293.406 -1.467
3 16 -180.330 291.230 -0.535 -179.748 291.277 -1.053 -180.053 293.318 -1.211
3 16 -180.635 293.273 -0.693 -180.330 291.230 -0.535 -180.053 293.318 -1.211
3 16 -180.673 291.232 0.165 -180.330 291.230 -0.535 -180.635 293.273 -0.693
3 16 -180.978 293.276 0.008 -180.673 291.232 0.165 -180.635 293.273 -0.693
3 16 -180.726 291.283 0.942 -180.673 291.232 0.165 -180.978 293.276 0.008
3 16 -181.031 293.327 0.785 -180.726 291.283 0.942 -180.978 293.276 0.008
3 16 -180.480 291.375 1.677 -180.726 291.283 0.942 -181.031 293.327 0.785
3 16 -180.785 293.419 1.519 -180.480 291.375 1.677 -181.031 293.327 0.785
3 16 -179.972 291.494 2.258 -180.480 291.375 1.677 -180.785 293.419 1.519
3 16 -180.277 293.537 2.100 -179.972 291.494 2.258 -180.785 293.419 1.519
3 16 -179.281 291.621 2.597 -179.972 291.494 2.258 -180.277 293.537 2.100
3 16 -179.586 293.663 2.439 -179.281 291.621 2.597 -180.277 293.537 2.100
3 16 -178.511 291.738 2.641 -179.281 291.621 2.597 -179.586 293.663 2.439
3 16 -178.815 293.779 2.483 -178.511 291.738 2.641 -179.586 293.663 2.439
3 16 -177.779 291.827 2.385 -178.511 291.738 2.641 -178.815 293.779 2.483
3 16 -178.083 293.866 2.227 -177.779 291.827 2.385 -178.815 293.779 2.483
3 16 -177.197 291.873 1.867 -177.779 291.827 2.385 -178.083 293.866 2.227
3 16 -177.501 293.912 1.710 -177.197 291.873 1.867 -178.083 293.866 2.227
3 16 -176.853 291.871 1.166 -177.197 291.873 1.867 -177.501 293.912 1.710
3 16 -177.158 293.908 1.009 -176.853 291.871 1.166 -177.501 293.912 1.710
3 16 -176.801 291.820 0.389 -176.853 291.871 1.166 -177.158 293.908 1.009
3 16 -177.105 293.857 0.232 -176.801 291.820 0.389 -177.158 293.908 1.009
3 16 -177.047 291.728 -0.345 -176.801 291.820 0.389 -177.105 293.857 0.232
3 16 -177.351 293.766 -0.503 -177.047 291.728 -0.345 -177.105 293.857 0.232
3 16 -177.258 289.574 -0.775 -176.750 289.693 -0.194 -177.047 291.728 -0.345
3 16 -177.554 291.610 -0.926 -177.258 289.574 -0.775 -177.047 291.728 -0.345
3 16 -177.949 289.446 -1.114 -177.258 289.574 -0.775 -177.554 291.610 -0.926
3 16 -178.246 291.482 -1.265 -177.949 289.446 -1.114 -177.554 291.610 -0.926
3 16 -178.719 289.329 -1.158 -177.949 289.446 -1.114 -178.246 291.482 -1.265
3 16 -179.016 291.365 -1.309 -178.719 289.329 -1.158 -178.246 291.482 -1.265
3 16 -179.451 289.240 -0.902 -178.719 289.329 -1.158 -179.016 291.365 -1.309
3 16 -179.748 291.277 -1.053 -179.451 289.240 -0.902 -179.016 291.365 -1.309
3 16 -180.033 289.193 -0.384 -179.451 289.240 -0.902 -179.748 291.277 -1.053
3 16 -180.330 291.230 -0.535 -180.033 289.193 -0.384 -179.748 291.277 -1.053
3 16 -180.376 289.195 0.317 -180.033 289.193 -0.384 -180.330 291.230 -0.535
3 16 -180.673 291.232 0.165 -180.376 289.195 0.317 -180.330 291.230 -0.535
3 16 -180.429 289.245 1.094 -180.376 289.195 0.317 -180.673 291.232 0.165
3 16 -180.726 291.283 0.942 -180.429 289.245 1.094 -180.673 291.232 0.165
3 16 -180.182 289.336 1.829 -180.429 289.245 1.094 -180.726 291.283 0.942
3 16 -180.480 291.375 1.677 -180.182 289.336 1.829 -180.726 291.283 0.942
3 16 -179.675 289.455 2.409 -180.182 289.336 1.829 -180.480 291.375 1.677
3 16 -179.972 291.494 2.258 -179.675 289.455 2.409 -180.480 291.375 1.677
3 16 -178.984 289.582 2.748 -179.675 289.455 2.409 -179.972 291.494 2.258
3 16 -179.281 291.621 2.597 -178.984 289.582 2.748 -179.972 291.494 2.258
3 16 -178.213 289.700 2.792 -178.984 289.582 2.748 -179.281 291.621 2.597
3 16 -178.511 291.738 2.641 -178.213 289.700 2.792 -179.281 291.621 2.597
3 16 -177.482 289.789 2.536 -178.213 289.700 2.792 -178.511 291.738 2.641
3 16 -177.779 291.827 2.385 -177.482 289.789 2.536 -178.511 291.738 2.641
3 16 -176.900 289.836 2.018 -177.482 289.789 2.536 -177.779 291.827 2.385
3 16 -177.197 291.873 1.867 -176.900 289.836 2.018 -177.779 291.827 2.385
3 16 -176.557 289.834 1.317 -176.900 289.836 2.018 -177.197 291.873 1.867
3 16 -176.853 291.871 1.166 -176.557 289.834 1.317 -177.197 291.873 1.867
3 16 -176.504 289.784 0.540 -176.557 289.834 1.317 -176.853 291.871 1.166
3 16 -176.801 291.820 0.389 -176.504 289.784 0.540 -176.853 291.871 1.166
3 16 -176.750 289.693 -0.194 -176.504 289.784 0.540 -176.801 291.820 0.389
3 16 -177.047 291.728 -0.345 -176.750 289.693 -0.194 -176.801 291.820 0.389
3 16 -176.943 287.552 -0.618 -176.438 287.684 -0.038 -176.750 289.693 -0.194
3 16 -177.258 289.574 -0.775 -176.943 287.552 -0.618 -176.750 289.693 -0.194
3 16 -177.632 287.410 -0.955 -176.943 287.552 -0.618 -177.258 289.574 -0.775
3 16 -177.949 289.446 -1.114 -177.632 287.410 -0.955 -177.258 289.574 -0.775
3 16 -178.400 287.279 -0.998 -177.632 287.410 -0.955 -177.949 289.446 -1.114
3 16 -178.719 289.329 -1.158 -178.400 287.279 -0.998 -177.949 289.446 -1.114
3 16 -179.130 287.179 -0.741 -178.400 287.279 -0.998 -178.719 289.329 -1.158
3 16 -179.451 289.240 -0.902 -179.130 287.179 -0.741 -178.719 289.329 -1.158
3 16 -179.711 287.125 -0.223 -179.130 287.179 -0.741 -179.451 289.240 -0.902
3 16 -180.033 289.193 -0.384 -179.711 287.125 -0.223 -179.451 289.240 -0.902
3 16 -180.054 287.126 0.478 -179.711 287.125 -0.223 -180.033 289.193 -0.384
3 16 -180.376 289.195 0.317 -180.054 287.126 0.478 -180.033 289.193 -0.384
3 16 -180.108 287.181 1.255 -180.054 287.126 0.478 -180.376 289.195 0.317
3 16 -180.429 289.245 1.094 -180.108 287.181 1.255 -180.376 289.195 0.317
3 16 -179.863 287.282 1.989 -180.108 287.181 1.255 -180.429 289.245 1.094
3 16 -180.182 289.336 1.829 -179.863 287.282 1.989 -180.429 289.245 1.094
3 16 -179.357 287.413 2.569 -179.863 287.282 1.989 -180.182 289.336 1.829
3 16 -179.675 289.455 2.409 -179.357 287.413 2.569 -180.182 289.336 1.829
3 16 -178.668 287.556 2.906 -179.357 287.413 2.569 -179.675 289.455 2.409
3 16 -178.984 289.582 2.748 -178.668 287.556 2.906 -179.675 289.455 2.409
3 16 -177.900 287.687 2.949 -178.668 287.556 2.906 -178.984 289.582 2.748
3 16 -178.213 289.700 2.792 -177.900 287.687 2.949 -178.984 289.582 2.748
3 16 -177.170 287.787 2.692 -177.900 287.687 2.949 -178.213 289.700 2.792
3 16 -177.482 289.789 2.536 -177.170 287.787 2.692 -178.213 289.700 2.792
3 16 -176.589 287.840 2.174 -177.170 287.787 2.692 -177.482 289.789 2.536
3 16 -176.900 289.836 2.018 -176.589 287.840 2.174 -177.482 289.789 2.536
3 16 -176.246 287.840 1.473 -176.589 287.840 2.174 -176.900 289.836 2.018
3 16 -176.557 289.834 1.317 -176.246 287.840 1.473 -176.900 289.836 2.018
3 16 -176.193 287.785 0.696 -176.246 287.840 1.473 -176.557 289.834 1.317
3 16 -176.504 289.784 0.540 -176.193 287.785 0.696 -176.557 289.834 1.317
3 16 -176.438 287.684 -0.038 -176.193 287.785 0.696 -176.504 289.784 0.540
3 16 -176.750 289.693 -0.194 -176.438 287.684 -0.038 -176.504 289.784 0.540
3 16 -176.580 285.543 -0.440 -176.079 285.696 0.138 -176.438 287.684 -0.038
3 16 -176.943 287.552 -0.618 -176.580 285.543 -0.440 -176.438 287.684 -0.038
3 16 -177.266 285.378 -0.775 -176.580 285.543 -0.440 -176.943 287.552 -0.618
3 16 -177.632 287.410 -0.955 -177.266 285.378 -0.775 -176.943 287.552 -0.618
3 16 -178.030 285.226 -0.816 -177.266 285.378 -0.775 -177.632 287.410 -0.955
3 16 -178.400 287.279 -0.998 -178.030 285.226 -0.816 -177.632 287.410 -0.955
3 16 -178.757 285.109 -0.558 -178.030 285.226 -0.816 -178.400 287.279 -0.998
3 16 -179.130 287.179 -0.741 -178.757 285.109 -0.558 -178.400 287.279 -0.998
3 16 -179.335 285.045 -0.038 -178.757 285.109 -0.558 -179.130 287.179 -0.741
3 16 -179.711 287.125 -0.223 -179.335 285.045 -0.038 -179.130 287.179 -0.741
3 16 -179.678 285.045 0.663 -179.335 285.045 -0.038 -179.711 287.125 -0.223
3 16 -180.054 287.126 0.478 -179.678 285.045 0.663 -179.711 287.125 -0.223
3 16 -179.733 285.108 1.439 -179.678 285.045 0.663 -180.054 287.126 0.478
3 16 -180.108 287.181 1.255 -179.733 285.108 1.439 -180.054 287.126 0.478
3 16 -179.491 285.224 2.171 -179.733 285.108 1.439 -180.108 287.181 1.255
3 16 -179.863 287.282 1.989 -179.491 285.224 2.171 -180.108 287.181 1.255
3 16 -178.989 285.377 2.749 -179.491 285.224 2.171 -179.863 287.282 1.989
3 16 -179.357 287.413 2.569 -178.989 285.377 2.749 -179.863 287.282 1.989
3 16 -178.304 285.542 3.084 -178.989 285.377 2.749 -179.357 287.413 2.569
3 16 -178.668 287.556 2.906 -178.304 285.542 3.084 -179.357 287.413 2.569
3 16 -177.539 285.694 3.126 -178.304 285.542 3.084 -178.668 287.556 2.906
3 16 -177.900 287.687 2.949 -177.539 285.694 3.126 -178.668 287.556 2.906
3 16 -176.813 285.811 2.867 -177.539 285.694 3.126 -177.900 287.687 2.949
3 16 -177.170 287.787 2.692 -176.813 285.811 2.867 -177.900 287.687 2.949
3 16 -176.234 285.875 2.347 -176.813 285.811 2.867 -177.170 287.787 2.692
3 16 -176.589 287.840 2.174 -176.234 285.875 2.347 -177.170 287.787 2.692
3 16 -175.891 285.875 1.646 -176.234 285.875 2.347 -176.589 287.840 2.174
3 16 -176.246 287.840 1.473 -175.891 285.875 1.646 -176.589 287.840 2.174
3 16 -175.836 285.812 0.870 -175.891 285.875 1.646 -176.246 287.840 1.473
3 16 -176.193 287.785 0.696 -175.836 285.812 0.870 -176.246 287.840 1.473
3 16 -176.079 285.696 0.138 -175.836 285.812 0.870 -176.193 287.785 0.696
3 16 -176.438 287.684 -0.038 -176.079 285.696 0.138 -176.193 287.785 0.696
3 16 -176.169 283.541 -0.241 -175.670 283.708 0.335 -176.079 285.696 0.138
3 16 -176.580 285.543 -0.440 -176.169 283.541 -0.241 -176.079 285.696 0.138
3 16 -176.850 283.359 -0.575 -176.169 283.541 -0.241 -176.580 285.543 -0.440
3 16 -177.266 285.378 -0.775 -176.850 283.359 -0.575 -176.580 285.543 -0.440
3 16 -177.611 283.191 -0.614 -176.850 283.359 -0.575 -177.266 285.378 -0.775
3 16 -178.030 285.226 -0.816 -177.611 283.191 -0.614 -177.266 285.378 -0.775
3 16 -178.336 283.061 -0.354 -177.611 283.191 -0.614 -178.030 285.226 -0.816
3 16 -178.757 285.109 -0.558 -178.336 283.061 -0.354 -178.030 285.226 -0.816
3 16 -178.913 282.990 0.166 -178.336 283.061 -0.354 -178.757 285.109 -0.558
3 16 -179.335 285.045 -0.038 -178.913 282.990 0.166 -178.757 285.109 -0.558
3 16 -179.255 282.989 0.867 -178.913 282.990 0.166 -179.335 285.045 -0.038
3 16 -179.678 285.045 0.663 -179.255 282.989 0.867 -179.335 285.045 -0.038
3 16 -179.311 283.057 1.643 -179.255 282.989 0.867 -179.678 285.045 0.663
3 16 -179.733 285.108 1.439 -179.311 283.057 1.643 -179.678 285.045 0.663
3 16 -179.071 283.185 2.374 -179.311 283.057 1.643 -179.733 285.108 1.439
3 16 -179.491 285.224 2.171 -179.071 283.185 2.374 -179.733 285.108 1.439
3 16 -178.572 283.352 2.951 -179.071 283.185 2.374 -179.491 285.224 2.171
3 16 -178.989 285.377 2.749 -178.572 283.352 2.951 -179.491 285.224 2.171
3 16 -177.890 283.533 3.284 -178.572 283.352 2.951 -178.989 285.377 2.749
3 16 -178.304 285.542 3.084 -177.890 283.533 3.284 -178.989 285.377 2.749
3 16 -177.129 283.702 3.324 -177.890 283.533 3.284 -178.304 285.542 3.084
3 16 -177.539 285.694 3.126 -177.129 283.702 3.324 -178.304 285.542 3.084
3 16 -176.405 283.831 3.064 -177.129 283.702 3.324 -177.539 285.694 3.126
3 16 -176.813 285.811 2.867 -176.405 283.831 3.064 -177.539 285.694 3.126
3 16 -175.828 283.902 2.543 -176.405 283.831 3.064 -176.813 285.811 2.867
3 16 -176.234 285.875 2.347 -175.828 283.902 2.543 -176.813 285.811 2.867
3 16 -175.485 283.903 1.842 -175.828 283.902 2.543 -176.234 285.875 2.347
3 16 -175.891 285.875 1.646 -175.485 283.903 1.842 -176.234 285.875 2.347
3 16 -175.430 283.835 1.067 -175.485 283.903 1.842 -175.891 285.875 1.646
3 16 -175.836 285.812 0.870 -175.430 283.835 1.067 -175.891 285.875 1.646
3 16 -175.670 283.708 0.335 -175.430 283.835 1.067 -175.836 285.812 0.870
3 16 -176.079 285.696 0.138 -175.670 283.708 0.335 -175.836 285.812 0.870
3 16 -175.722 281.546 -0.030 -175.226 281.722 0.545 -175.670 283.708 0.335
3 16 -176.169 283.541 -0.241 -175.722 281.546 -0.030 -175.670 283.708 0.335
3 16 -176.402 281.353 -0.362 -175.722 281.546 -0.030 -176.169 283.541 -0.241
3 16 -176.850 283.359 -0.575 -176.402 281.353 -0.362 -176.169 283.541 -0.241
3 16 -177.160 281.174 -0.401 -176.402 281.353 -0.362 -176.850 283.359 -0.575
3 16 -177.611 283.191 -0.614 -177.160 281.174 -0.401 -176.850 283.359 -0.575
3 16 -177.883 281.035 -0.139 -177.160 281.174 -0.401 -177.611 283.191 -0.614
3 16 -178.336 283.061 -0.354 -177.883 281.035 -0.139 -177.611 283.191 -0.614
3 16 -178.459 280.959 0.381 -177.883 281.035 -0.139 -178.336 283.061 -0.354
3 16 -178.913 282.990 0.166 -178.459 280.959 0.381 -178.336 283.061 -0.354
3 16 -178.801 280.956 1.083 -178.459 280.959 0.381 -178.913 282.990 0.166
3 16 -179.255 282.989 0.867 -178.801 280.956 1.083 -178.913 282.990 0.166
3 16 -178.857 281.026 1.858 -178.801 280.956 1.083 -179.255 282.989 0.867
3 16 -179.311 283.057 1.643 -178.857 281.026 1.858 -179.255 282.989 0.867
3 16 -178.618 281.160 2.589 -178.857 281.026 1.858 -179.311 283.057 1.643
3 16 -179.071 283.185 2.374 -178.618 281.160 2.589 -179.311 283.057 1.643
3 16 -178.121 281.337 3.164 -178.618 281.160 2.589 -179.071 283.185 2.374
3 16 -178.572 283.352 2.951 -178.121 281.337 3.164 -179.071 283.185 2.374
3 16 -177.442 281.530 3.496 -178.121 281.337 3.164 -178.572 283.352 2.951
3 16 -177.890 283.533 3.284 -177.442 281.530 3.496 -178.572 283.352 2.951
3 16 -176.683 281.709 3.535 -177.442 281.530 3.496 -177.890 283.533 3.284
3 16 -177.129 283.702 3.324 -176.683 281.709 3.535 -177.890 283.533 3.284
3 16 -175.961 281.847 3.274 -176.683 281.709 3.535 -177.129 283.702 3.324
3 16 -176.405 283.831 3.064 -175.961 281.847 3.274 -177.129 283.702 3.324
3 16 -175.385 281.924 2.753 -175.961 281.847 3.274 -176.405 283.831 3.064
3 16 -175.828 283.902 2.543 -175.385 281.924 2.753 -176.405 283.831 3.064
3 16 -175.043 281.927 2.051 -175.385 281.924 2.753 -175.828 283.902 2.543
3 16 -175.485 283.903 1.842 -175.043 281.927 2.051 -175.828 283.902 2.543
3 16 -174.987 281.856 1.276 -175.043 281.927 2.051 -175.485 283.903 1.842
3 16 -175.430 283.835 1.067 -174.987 281.856 1.276 -175.485 283.903 1.842
3 16 -175.226 281.722 0.545 -174.987 281.856 1.276 -175.430 283.835 1.067
3 16 -175.670 283.708 0.335 -175.226 281.722 0.545 -175.430 283.835 1.067
3 16 -175.249 279.559 0.190 -174.754 279.746 0.764 -175.226 281.722 0.545
3 16 -175.722 281.546 -0.030 -175.249 279.559 0.190 -175.226 281.722 0.545
3 16 -175.925 279.354 -0.141 -175.249 279.559 0.190 -175.722 281.546 -0.030
3 16 -176.402 281.353 -0.362 -175.925 279.354 -0.141 -175.722 281.546 -0.030
3 16 -176.681 279.163 -0.178 -175.925 279.354 -0.141 -176.402 281.353 -0.362
3 16 -177.160 281.174 -0.401 -176.681 279.163 -0.178 -176.402 281.353 -0.362
3 16 -177.401 279.015 0.084 -176.681 279.163 -0.178 -177.160 281.174 -0.401
3 16 -177.883 281.035 -0.139 -177.401 279.015 0.084 -177.160 281.174 -0.401
3 16 -177.975 278.933 0.606 -177.401 279.015 0.084 -177.883 281.035 -0.139
3 16 -178.459 280.959 0.381 -177.975 278.933 0.606 -177.883 281.035 -0.139
3 16 -178.317 278.928 1.307 -177.975 278.933 0.606 -178.459 280.959 0.381
3 16 -178.801 280.956 1.083 -178.317 278.928 1.307 -178.459 280.959 0.381
3 16 -178.374 279.002 2.082 -178.317 278.928 1.307 -178.801 280.956 1.083
3 16 -178.857 281.026 1.858 -178.374 279.002 2.082 -178.801 280.956 1.083
3 16 -178.137 279.144 2.812 -178.374 279.002 2.082 -178.857 281.026 1.858
3 16 -178.618 281.160 2.589 -178.137 279.144 2.812 -178.857 281.026 1.858
3 16 -177.643 279.331 3.386 -178.137 279.144 2.812 -178.618 281.160 2.589
3 16 -178.121 281.337 3.164 -177.643 279.331 3.386 -178.618 281.160 2.589
3 16 -176.966 279.536 3.717 -177.643 279.331 3.386 -178.121 281.337 3.164
3 16 -177.442 281.530 3.496 -176.966 279.536 3.717 -178.121 281.337 3.164
3 16 -176.210 279.727 3.754 -176.966 279.536 3.717 -177.442 281.530 3.496
3 16 -176.683 281.709 3.535 -176.210 279.727 3.754 -177.442 281.530 3.496
3 16 -175.490 279.875 3.492 -176.210 279.727 3.754 -176.683 281.709 3.535
3 16 -175.961 281.847 3.274 -175.490 279.875 3.492 -176.683 281.709 3.535
3 16 -174.916 279.957 2.970 -175.490 279.875 3.492 -175.961 281.847 3.274
3 16 -175.385 281.924 2.753 -174.916 279.957 2.970 -175.961 281.847 3.274
3 16 -174.574 279.962 2.269 -174.916 279.957 2.970 -175.385 281.924 2.753
3 16 -175.043 281.927 2.051 -174.574 279.962 2.269 -175.385 281.924 2.753
3 16 -174.518 279.888 1.494 -174.574 279.962 2.269 -175.043 281.927 2.051
3 16 -174.987 281.856 1.276 -174.518 279.888 1.494 -175.043 281.927 2.051
3 16 -174.754 279.746 0.764 -174.518 279.888 1.494 -174.987 281.856 1.276
3 16 -175.226 281.722 0.545 -174.754 279.746 0.764 -174.987 281.856 1.276
3 16 -174.742 277.585 0.421 -174.251 277.785 0.993 -174.754 279.746 0.764
3 16 -175.249 279.559 0.190 -174.742 277.585 0.421 -174.754 279.746 0.764
3 16 -175.414 277.365 0.092 -174.742 277.585 0.421 -175.249 279.559 0.190
3 16 -175.925 279.354 -0.141 -175.414 277.365 0.092 -175.249 279.559 0.190
3 16 -176.166 277.160 0.057 -175.414 277.365 0.092 -175.925 279.354 -0.141
3 16 -176.681 279.163 -0.178 -176.166 277.160 0.057 -175.925 279.354 -0.141
3 16 -176.883 277.000 0.320 -176.166 277.160 0.057 -176.681 279.163 -0.178
3 16 -177.401 279.015 0.084 -176.883 277.000 0.320 -176.681 279.163 -0.178
3 16 -177.456 276.910 0.843 -176.883 277.000 0.320 -177.401 279.015 0.084
3 16 -177.975 278.933 0.606 -177.456 276.910 0.843 -177.401 279.015 0.084
3 16 -177.797 276.903 1.545 -177.456 276.910 0.843 -177.975 278.933 0.606
3 16 -178.317 278.928 1.307 -177.797 276.903 1.545 -177.975 278.933 0.606
3 16 -177.854 276.981 2.319 -177.797 276.903 1.545 -178.317 278.928 1.307
3 16 -178.374 279.002 2.082 -177.854 276.981 2.319 -178.317 278.928 1.307
3 16 -177.620 277.132 3.048 -177.854 276.981 2.319 -178.374 279.002 2.082
3 16 -178.137 279.144 2.812 -177.620 277.132 3.048 -178.374 279.002 2.082
3 16 -177.129 277.332 3.620 -177.620 277.132 3.048 -178.137 279.144 2.812
3 16 -177.643 279.331 3.386 -177.129 277.332 3.620 -178.137 279.144 2.812
3 16 -176.456 277.552 3.949 -177.129 277.332 3.620 -177.643 279.331 3.386
3 16 -176.966 279.536 3.717 -176.456 277.552 3.949 -177.643 279.331 3.386
3 16 -175.704 277.757 3.985 -176.456 277.552 3.949 -176.966 279.536 3.717
3 16 -176.210 279.727 3.754 -175.704 277.757 3.985 -176.966 279.536 3.717
3 16 -174.987 277.917 3.721 -175.704 277.757 3.985 -176.210 279.727 3.754
3 16 -175.490 279.875 3.492 -174.987 277.917 3.721 -176.210 279.727 3.754
3 16 -174.415 278.007 3.198 -174.987 277.917 3.721 -175.490 279.875 3.492
3 16 -174.916 279.957 2.970 -174.415 278.007 3.198 -175.490 279.875 3.492
3 16 -174.074 278.014 2.496 -174.415 278.007 3.198 -174.916 279.957 2.970
3 16 -174.574 279.962 2.269 -174.074 278.014 2.496 -174.916 279.957 2.970
3 16 -174.016 277.936 1.722 -174.074 278.014 2.496 -174.574 279.962 2.269
3 16 -174.518 279.888 1.494 -174.016 277.936 1.722 -174.574 279.962 2.269
3 16 -174.251 277.785 0.993 -174.016 277.936 1.722 -174.518 279.888 1.494
3 16 -174.754 279.746 0.764 -174.251 277.785 0.993 -174.518 279.888 1.494
3 16 -174.195 275.624 0.665 -173.708 275.838 1.235 -174.251 277.785 0.993
3 16 -174.742 277.585 0.421 -174.195 275.624 0.665 -174.251 277.785 0.993
3 16 -174.863 275.388 0.338 -174.195 275.624 0.665 -174.742 277.585 0.421
3 16 -175.414 277.365 0.092 -174.863 275.388 0.338 -174.742 277.585 0.421
3 16 -175.611 275.167 0.304 -174.863 275.388 0.338 -175.414 277.365 0.092
3 16 -176.166 277.160 0.057 -175.611 275.167 0.304 -175.414 277.365 0.092
3 16 -176.324 274.995 0.570 -175.611 275.167 0.304 -176.166 277.160 0.057
3 16 -176.883 277.000 0.320 -176.324 274.995 0.570 -176.166 277.160 0.057
3 16 -176.895 274.897 1.093 -176.324 274.995 0.570 -176.883 277.000 0.320
3 16 -177.456 276.910 0.843 -176.895 274.897 1.093 -176.883 277.000 0.320
3 16 -177.235 274.888 1.796 -176.895 274.897 1.093 -177.456 276.910 0.843
3 16 -177.797 276.903 1.545 -177.235 274.888 1.796 -177.456 276.910 0.843
3 16 -177.294 274.971 2.569 -177.235 274.888 1.796 -177.797 276.903 1.545
3 16 -177.854 276.981 2.319 -177.294 274.971 2.569 -177.797 276.903 1.545
3 16 -177.062 275.131 3.297 -177.294 274.971 2.569 -177.854 276.981 2.319
3 16 -177.620 277.132 3.048 -177.062 275.131 3.297 -177.854 276.981 2.319
3 16 -176.575 275.345 3.868 -177.062 275.131 3.297 -177.620 277.132 3.048
3 16 -177.129 277.332 3.620 -176.575 275.345 3.868 -177.620 277.132 3.048
3 16 -175.907 275.581 4.195 -176.575 275.345 3.868 -177.129 277.332 3.620
3 16 -176.456 277.552 3.949 -175.907 275.581 4.195 -177.129 277.332 3.620
3 16 -175.159 275.802 4.228 -175.907 275.581 4.195 -176.456 277.552 3.949
3 16 -175.704 277.757 3.985 -175.159 275.802 4.228 -176.456 277.552 3.949
3 16 -174.446 275.974 3.963 -175.159 275.802 4.228 -175.704 277.757 3.985
3 16 -174.987 277.917 3.721 -174.446 275.974 3.963 -175.704 277.757 3.985
3 16 -173.875 276.072 3.439 -174.446 275.974 3.963 -174.987 277.917 3.721
3 16 -174.415 278.007 3.198 -173.875 276.072 3.439 -174.987 277.917 3.721
3 16 -173.535 276.081 2.737 -173.875 276.072 3.439 -174.415 278.007 3.198
3 16 -174.074 278.014 2.496 -173.535 276.081 2.737 -174.415 278.007 3.198
3 16 -173.476 275.999 1.963 -173.535 276.081 2.737 -174.074 278.014 2.496
3 16 -174.016 277.936 1.722 -173.476 275.999 1.963 -174.074 278.014 2.496
3 16 -173.708 275.838 1.235 -173.476 275.999 1.963 -174.016 277.936 1.722
3 16 -174.251 277.785 0.993 -173.708 275.838 1.235 -174.016 277.936 1.722
3 16 -173.610 273.674 0.921 -173.127 273.901 1.490 -173.708 275.838 1.235
3 16 -174.195 275.624 0.665 -173.610 273.674 0.921 -173.708 275.838 1.235
3 16 -174.274 273.424 0.596 -173.610 273.674 0.921 -174.195 275.624 0.665
3 16 -174.863 275.388 0.338 -174.274 273.424 0.596 -174.195 275.624 0.665
3 16 -175.017 273.189 0.565 -174.274 273.424 0.596 -174.863 275.388 0.338
3 16 -175.611 275.167 0.304 -175.017 273.189 0.565 -174.863 275.388 0.338
3 16 -175.727 273.005 0.832 -175.017 273.189 0.565 -175.611 275.167 0.304
3 16 -176.324 274.995 0.570 -175.727 273.005 0.832 -175.611 275.167 0.304
3 16 -176.295 272.899 1.357 -175.727 273.005 0.832 -176.324 274.995 0.570
3 16 -176.895 274.897 1.093 -176.295 272.899 1.357 -176.324 274.995 0.570
3 16 -176.635 272.888 2.059 -176.295 272.899 1.357 -176.895 274.897 1.093
3 16 -177.235 274.888 1.796 -176.635 272.888 2.059 -176.895 274.897 1.093
3 16 -176.695 272.974 2.832 -176.635 272.888 2.059 -177.235 274.888 1.796
3 16 -177.294 274.971 2.569 -176.695 272.974 2.832 -177.235 274.888 1.796
3 16 -176.465 273.143 3.559 -176.695 272.974 2.832 -177.294 274.971 2.569
3 16 -177.062 275.131 3.297 -176.465 273.143 3.559 -177.294 274.971 2.569
3 16 -175.982 273.370 4.128 -176.465 273.143 3.559 -177.062 275.131 3.297
3 16 -176.575 275.345 3.868 -175.982 273.370 4.128 -177.062 275.131 3.297
3 16 -175.318 273.620 4.453 -175.982 273.370 4.128 -176.575 275.345 3.868
3 16 -175.907 275.581 4.195 -175.318 273.620 4.453 -176.575 275.345 3.868
3 16 -174.574 273.856 4.484 -175.318 273.620 4.453 -175.907 275.581 4.195
3 16 -175.159 275.802 4.228 -174.574 273.856 4.484 -175.907 275.581 4.195
3 16 -173.865 274.040 4.217 -174.574 273.856 4.484 -175.159 275.802 4.228
3 16 -174.446 275.974 3.963 -173.865 274.040 4.217 -175.159 275.802 4.228
3 16 -173.297 274.146 3.693 -173.865 274.040 4.217 -174.446 275.974 3.963
3 16 -173.875 276.072 3.439 -173.297 274.146 3.693 -174.446 275.974 3.963
3 16 -172.957 274.156 2.990 -173.297 274.146 3.693 -173.875 276.072 3.439
3 16 -173.535 276.081 2.737 -172.957 274.156 2.990 -173.875 276.072 3.439
3 16 -172.897 274.070 2.217 -172.957 274.156 2.990 -173.535 276.081 2.737
3 16 -173.476 275.999 1.963 -172.897 274.070 2.217 -173.535 276.081 2.737
3 16 -173.127 273.901 1.490 -172.897 274.070 2.217 -173.476 275.999 1.963
3 16 -173.708 275.838 1.235 -173.127 273.901 1.490 -173.476 275.999 1.963
3 16 -172.989 271.739 1.188 -172.509 271.977 1.755 -173.127 273.901 1.490
3 16 -173.610 273.674 0.921 -172.989 271.739 1.188 -173.127 273.901 1.490
3 16 -173.649 271.475 0.865 -172.989 271.739 1.188 -173.610 273.674 0.921
3 16 -174.274 273.424 0.596 -173.649 271.475 0.865 -173.610 273.674 0.921
3 16 -174.388 271.226 0.836 -173.649 271.475 0.865 -174.274 273.424 0.596
3 16 -175.017 273.189 0.565 -174.388 271.226 0.836 -174.274 273.424 0.596
3 16 -175.094 271.030 1.104 -174.388 271.226 0.836 -175.017 273.189 0.565
3 16 -175.727 273.005 0.832 -175.094 271.030 1.104 -175.017 273.189 0.565
3 16 -175.659 270.917 1.630 -175.094 271.030 1.104 -175.727 273.005 0.832
3 16 -176.295 272.899 1.357 -175.659 270.917 1.630 -175.727 273.005 0.832
3 16 -175.998 270.904 2.333 -175.659 270.917 1.630 -176.295 272.899 1.357
3 16 -176.635 272.888 2.059 -175.998 270.904 2.333 -176.295 272.899 1.357
3 16 -176.059 270.992 3.106 -175.998 270.904 2.333 -176.635 272.888 2.059
3 16 -176.695 272.974 2.832 -176.059 270.992 3.106 -176.635 272.888 2.059
3 16 -175.832 271.170 3.831 -176.059 270.992 3.106 -176.695 272.974 2.832
3 16 -176.465 273.143 3.559 -175.832 271.170 3.831 -176.695 272.974 2.832
3 16 -175.352 271.408 4.398 -175.832 271.170 3.831 -176.465 273.143 3.559
3 16 -175.982 273.370 4.128 -175.352 271.408 4.398 -176.465 273.143 3.559
3 16 -174.692 271.672 4.721 -175.352 271.408 4.398 -175.982 273.370 4.128
3 16 -175.318 273.620 4.453 -174.692 271.672 4.721 -175.982 273.370 4.128
3 16 -173.953 271.921 4.751 -174.692 271.672 4.721 -175.318 273.620 4.453
3 16 -174.574 273.856 4.484 -173.953 271.921 4.751 -175.318 273.620 4.453
3 16 -173.247 272.117 4.482 -173.953 271.921 4.751 -174.574 273.856 4.484
3 16 -173.865 274.040 4.217 -173.247 272.117 4.482 -174.574 273.856 4.484
3 16 -172.682 272.230 3.956 -173.247 272.117 4.482 -173.865 274.040 4.217
3 16 -173.297 274.146 3.693 -172.682 272.230 3.956 -173.865 274.040 4.217
3 16 -172.343 272.243 3.254 -172.682 272.230 3.956 -173.297 274.146 3.693
3 16 -172.957 274.156 2.990 -172.343 272.243 3.254 -173.297 274.146 3.693
3 16 -172.283 272.154 2.481 -172.343 272.243 3.254 -172.957 274.156 2.990
3 16 -172.897 274.070 2.217 -172.283 272.154 2.481 -172.957 274.156 2.990
3 16 -172.509 271.977 1.755 -172.283 272.154 2.481 -172.897 274.070 2.217
3 16 -173.127 273.901 1.490 -172.509 271.977 1.755 -172.897 274.070 2.217
3 16 -172.333 269.816 1.464 -171.857 270.066 2.030 -172.509 271.977 1.755
3 16 -172.989 271.739 1.188 -172.333 269.816 1.464 -172.509 271.977 1.755
3 16 -172.988 269.538 1.143 -172.333 269.816 1.464 -172.989 271.739 1.188
3 16 -173.649 271.475 0.865 -172.988 269.538 1.143 -172.989 271.739 1.188
3 16 -173.722 269.276 1.116 -172.988 269.538 1.143 -173.649 271.475 0.865
3 16 -174.388 271.226 0.836 -173.722 269.276 1.116 -173.649 271.475 0.865
3 16 -174.424 269.068 1.386 -173.722 269.276 1.116 -174.388 271.226 0.836
3 16 -175.094 271.030 1.104 -174.424 269.068 1.386 -174.388 271.226 0.836
3 16 -174.987 268.947 1.913 -174.424 269.068 1.386 -175.094 271.030 1.104
3 16 -175.659 270.917 1.630 -174.987 268.947 1.913 -175.094 271.030 1.104
3 16 -175.325 268.932 2.616 -174.987 268.947 1.913 -175.659 270.917 1.630
3 16 -175.998 270.904 2.333 -175.325 268.932 2.616 -175.659 270.917 1.630
3 16 -175.387 269.024 3.389 -175.325 268.932 2.616 -175.998 270.904 2.333
3 16 -176.059 270.992 3.106 -175.387 269.024 3.389 -175.998 270.904 2.333
3 16 -175.163 269.209 4.113 -175.387 269.024 3.389 -176.059 270.992 3.106
3 16 -175.832 271.170 3.831 -175.163 269.209 4.113 -176.059 270.992 3.106
3 16 -174.687 269.459 4.679 -175.163 269.209 4.113 -175.832 271.170 3.831
3 16 -175.352 271.408 4.398 -174.687 269.459 4.679 -175.832 271.170 3.831
3 16 -174.032 269.737 5.000 -174.687 269.459 4.679 -175.352 271.408 4.398
3 16 -174.692 271.672 4.721 -174.032 269.737 5.000 -175.352 271.408 4.398
3 16 -173.298 269.999 5.027 -174.032 269.737 5.000 -174.692 271.672 4.721
3 16 -173.953 271.921 4.751 -173.298 269.999 5.027 -174.692 271.672 4.721
3 16 -172.595 270.207 4.757 -173.298 269.999 5.027 -173.953 271.921 4.751
3 16 -173.247 272.117 4.482 -172.595 270.207 4.757 -173.953 271.921 4.751
3 16 -172.033 270.328 4.230 -172.595 270.207 4.757 -173.247 272.117 4.482
3 16 -172.682 272.230 3.956 -172.033 270.328 4.230 -173.247 272.117 4.482
3 16 -171.695 270.343 3.527 -172.033 270.328 4.230 -172.682 272.230 3.956
3 16 -172.343 272.243 3.254 -171.695 270.343 3.527 -172.682 272.230 3.956
3 16 -171.633 270.251 2.754 -171.695 270.343 3.527 -172.343 272.243 3.254
3 16 -172.283 272.154 2.481 -171.633 270.251 2.754 -172.343 272.243 3.254
3 16 -171.857 270.066 2.030 -171.633 270.251 2.754 -172.283 272.154 2.481
3 16 -172.509 271.977 1.755 -171.857 270.066 2.030 -172.283 272.154 2.481
3 16 -171.641 267.909 1.750 -171.169 268.172 2.314 -171.857 270.066 2.030
3 16 -172.333 269.816 1.464 -171.641 267.909 1.750 -171.857 270.066 2.030
3 16 -172.290 267.617 1.431 -171.641 267.909 1.750 -172.333 269.816 1.464
3 16 -172.988 269.538 1.143 -172.290 267.617 1.431 -172.333 269.816 1.464
3 16 -173.020 267.340 1.406 -172.290 267.617 1.431 -172.988 269.538 1.143
3 16 -173.722 269.276 1.116 -173.020 267.340 1.406 -172.988 269.538 1.143
3 16 -173.717 267.120 1.679 -173.020 267.340 1.406 -173.722 269.276 1.116
3 16 -174.424 269.068 1.386 -173.717 267.120 1.679 -173.722 269.276 1.116
3 16 -174.277 266.991 2.207 -173.717 267.120 1.679 -174.424 269.068 1.386
3 16 -174.987 268.947 1.913 -174.277 266.991 2.207 -174.424 269.068 1.386
3 16 -174.614 266.973 2.910 -174.277 266.991 2.207 -174.987 268.947 1.913
3 16 -175.325 268.932 2.616 -174.614 266.973 2.910 -174.987 268.947 1.913
3 16 -174.676 267.067 3.682 -174.614 266.973 2.910 -175.325 268.932 2.616
3 16 -175.387 269.024 3.389 -174.676 267.067 3.682 -175.325 268.932 2.616
3 16 -174.455 267.261 4.405 -174.676 267.067 3.682 -175.387 269.024 3.389
3 16 -175.163 269.209 4.113 -174.455 267.261 4.405 -175.387 269.024 3.389
3 16 -173.984 267.523 4.969 -174.455 267.261 4.405 -175.163 269.209 4.113
3 16 -174.687 269.459 4.679 -173.984 267.523 4.969 -175.163 269.209 4.113
3 16 -173.334 267.816 5.288 -173.984 267.523 4.969 -174.687 269.459 4.679
3 16 -174.032 269.737 5.000 -173.334 267.816 5.288 -174.687 269.459 4.679
3 16 -172.605 268.092 5.313 -173.334 267.816 5.288 -174.032 269.737 5.000
3 16 -173.298 269.999 5.027 -172.605 268.092 5.313 -174.032 269.737 5.000
3 16 -171.907 268.312 5.041 -172.605 268.092 5.313 -173.298 269.999 5.027
3 16 -172.595 270.207 4.757 -171.907 268.312 5.041 -173.298 269.999 5.027
3 16 -171.348 268.441 4.512 -171.907 268.312 5.041 -172.595 270.207 4.757
3 16 -172.033 270.328 4.230 -171.348 268.441 4.512 -172.595 270.207 4.757
3 16 -171.011 268.460 3.809 -171.348 268.441 4.512 -172.033 270.328 4.230
3 16 -171.695 270.343 3.527 -171.011 268.460 3.809 -172.033 270.328 4.230
3 16 -170.948 268.365 3.037 -171.011 268.460 3.809 -171.695 270.343 3.527
3 16 -171.633 270.251 2.754 -170.948 268.365 3.037 -171.695 270.343 3.527
3 16 -171.169 268.172 2.314 -170.948 268.365 3.037 -171.633 270.251 2.754
3 16 -171.857 270.066 2.030 -171.169 268.172 2.314 -171.633 270.251 2.754
3 16 -170.910 266.017 2.045 -170.444 266.293 2.607 -171.169 268.172 2.314
3 16 -171.641 267.909 1.750 -170.910 266.017 2.045 -171.169 268.172 2.314
3 16 -171.555 265.711 1.729 -170.910 266.017 2.045 -171.641 267.909 1.750
3 16 -172.290 267.617 1.431 -171.555 265.711 1.729 -171.641 267.909 1.750
3 16 -172.278 265.419 1.706 -171.555 265.711 1.729 -172.290 267.617 1.431
3 16 -173.020 267.340 1.406 -172.278 265.419 1.706 -172.290 267.617 1.431
3 16 -172.971 265.188 1.980 -172.278 265.419 1.706 -173.020 267.340 1.406
3 16 -173.717 267.120 1.679 -172.971 265.188 1.980 -173.020 267.340 1.406
3 16 -173.528 265.051 2.510 -172.971 265.188 1.980 -173.717 267.120 1.679
3 16 -174.277 266.991 2.207 -173.528 265.051 2.510 -173.717 267.120 1.679
3 16 -173.863 265.029 3.214 -173.528 265.051 2.510 -174.277 266.991 2.207
3 16 -174.614 266.973 2.910 -173.863 265.029 3.214 -174.277 266.991 2.207
3 16 -173.927 265.127 3.986 -173.863 265.029 3.214 -174.614 266.973 2.910
3 16 -174.676 267.067 3.682 -173.927 265.127 3.986 -174.614 266.973 2.910
3 16 -173.709 265.329 4.707 -173.927 265.127 3.986 -174.676 267.067 3.682
3 16 -174.455 267.261 4.405 -173.709 265.329 4.707 -174.676 267.067 3.682
3 16 -173.242 265.604 5.269 -173.709 265.329 4.707 -174.455 267.261 4.405
3 16 -173.984 267.523 4.969 -173.242 265.604 5.269 -174.455 267.261 4.405
3 16 -172.598 265.910 5.585 -173.242 265.604 5.269 -173.984 267.523 4.969
3 16 -173.334 267.816 5.288 -172.598 265.910 5.585 -173.984 267.523 4.969
3 16 -171.874 266.202 5.608 -172.598 265.910 5.585 -173.334 267.816 5.288
3 16 -172.605 268.092 5.313 -171.874 266.202 5.608 -173.334 267.816 5.288
3 16 -171.182 266.434 5.334 -171.874 266.202 5.608 -172.605 268.092 5.313
3 16 -171.907 268.312 5.041 -171.182 266.434 5.334 -172.605 268.092 5.313
3 16 -170.625 266.571 4.804 -171.182 266.434 5.334 -171.907 268.312 5.041
3 16 -171.348 268.441 4.512 -170.625 266.571 4.804 -171.907 268.312 5.041
3 16 -170.289 266.592 4.100 -170.625 266.571 4.804 -171.348 268.441 4.512
3 16 -171.011 268.460 3.809 -170.289 266.592 4.100 -171.348 268.441 4.512
3 16 -170.226 266.494 3.328 -170.289 266.592 4.100 -171.011 268.460 3.809
3 16 -170.948 268.365 3.037 -170.226 266.494 3.328 -171.011 268.460 3.809
3 16 -170.444 266.293 2.607 -170.226 266.494 3.328 -170.948 268.365 3.037
3 16 -171.169 268.172 2.314 -170.444 266.293 2.607 -170.948 268.365 3.037
3 16 -170.143 264.143 2.349 -169.681 264.430 2.909 -170.444 266.293 2.607
3 16 -170.910 266.017 2.045 -170.143 264.143 2.349 -170.444 266.293 2.607
3 16 -170.782 263.822 2.035 -170.143 264.143 2.349 -170.910 266.017 2.045
3 16 -171.555 265.711 1.729 -170.782 263.822 2.035 -170.910 266.017 2.045
3 16 -171.499 263.516 2.015 -170.782 263.822 2.035 -171.555 265.711 1.729
3 16 -172.278 265.419 1.706 -171.499 263.516 2.015 -171.555 265.711 1.729
3 16 -172.187 263.272 2.291 -171.499 263.516 2.015 -172.278 265.419 1.706
3 16 -172.971 265.188 1.980 -172.187 263.272 2.291 -172.278 265.419 1.706
3 16 -172.740 263.127 2.822 -172.187 263.272 2.291 -172.971 265.188 1.980
3 16 -173.528 265.051 2.510 -172.740 263.127 2.822 -172.971 265.188 1.980
3 16 -173.075 263.103 3.527 -172.740 263.127 2.822 -173.528 265.051 2.510
3 16 -173.863 265.029 3.214 -173.075 263.103 3.527 -173.528 265.051 2.510
3 16 -173.139 263.203 4.298 -173.075 263.103 3.527 -173.863 265.029 3.214
3 16 -173.927 265.127 3.986 -173.139 263.203 4.298 -173.863 265.029 3.214
3 16 -172.924 263.412 5.018 -173.139 263.203 4.298 -173.927 265.127 3.986
3 16 -173.709 265.329 4.707 -172.924 263.412 5.018 -173.927 265.127 3.986
3 16 -172.462 263.699 5.578 -172.924 263.412 5.018 -173.709 265.329 4.707
3 16 -173.242 265.604 5.269 -172.462 263.699 5.578 -173.709 265.329 4.707
3 16 -171.824 264.020 5.892 -172.462 263.699 5.578 -173.242 265.604 5.269
3 16 -172.598 265.910 5.585 -171.824 264.020 5.892 -173.242 265.604 5.269
3 16 -171.106 264.326 5.913 -171.824 264.020 5.892 -172.598 265.910 5.585
3 16 -171.874 266.202 5.608 -171.106 264.326 5.913 -172.598 265.910 5.585
3 16 -170.418 264.570 5.636 -171.106 264.326 5.913 -171.874 266.202 5.608
3 16 -171.182 266.434 5.334 -170.418 264.570 5.636 -171.874 266.202 5.608
3 16 -169.865 264.715 5.105 -170.418 264.570 5.636 -171.182 266.434 5.334
3 16 -170.625 266.571 4.804 -169.865 264.715 5.105 -171.182 266.434 5.334
3 16 -169.531 264.739 4.401 -169.865 264.715 5.105 -170.625 266.571 4.804
3 16 -170.289 266.592 4.100 -169.531 264.739 4.401 -170.625 266.571 4.804
3 16 -169.466 264.639 3.629 -169.531 264.739 4.401 -170.289 266.592 4.100
3 16 -170.226 266.494 3.328 -169.466 264.639 3.629 -170.289 266.592 4.100
3 16 -169.681 264.430 2.909 -169.466 264.639 3.629 -170.226 266.494 3.328
3 16 -170.444 266.293 2.607 -169.681 264.430 2.909 -170.226 266.494 3.328
3 16 -169.339 262.286 2.661 -168.882 262.585 3.219 -169.681 264.430 2.909
3 16 -170.143 264.143 2.349 -169.339 262.286 2.661 -169.681 264.430 2.909
3 16 -169.971 261.951 2.350 -169.339 262.286 2.661 -170.143 264.143 2.349
3 16 -170.782 263.822 2.035 -169.971 261.951 2.350 -170.143 264.143 2.349
3 16 -170.683 261.631 2.332 -169.971 261.951 2.350 -170.782 263.822 2.035
3 16 -171.499 263.516 2.015 -170.683 261.631 2.332 -170.782 263.822 2.035
3 16 -171.365 261.375 2.610 -170.683 261.631 2.332 -171.499 263.516 2.015
3 16 -172.187 263.272 2.291 -171.365 261.375 2.610 -171.499 263.516 2.015
3 16 -171.915 261.222 3.143 -171.365 261.375 2.610 -172.187 263.272 2.291
3 16 -172.740 263.127 2.822 -171.915 261.222 3.143 -172.187 263.272 2.291
3 16 -172.248 261.194 3.848 -171.915 261.222 3.143 -172.740 263.127 2.822
3 16 -173.075 263.103 3.527 -172.248 261.194 3.848 -172.740 263.127 2.822
3 16 -172.313 261.296 4.619 -172.248 261.194 3.848 -173.075 263.103 3.527
3 16 -173.139 263.203 4.298 -172.313 261.296 4.619 -173.075 263.103 3.527
3 16 -172.102 261.514 5.338 -172.313 261.296 4.619 -173.139 263.203 4.298
3 16 -172.924 263.412 5.018 -172.102 261.514 5.338 -173.139 263.203 4.298
3 16 -171.645 261.812 5.895 -172.102 261.514 5.338 -172.924 263.412 5.018
3 16 -172.462 263.699 5.578 -171.645 261.812 5.895 -172.924 263.412 5.018
3 16 -171.012 262.147 6.207 -171.645 261.812 5.895 -172.462 263.699 5.578
3 16 -171.824 264.020 5.892 -171.012 262.147 6.207 -172.462 263.699 5.578
3 16 -170.301 262.467 6.225 -171.012 262.147 6.207 -171.824 264.020 5.892
3 16 -171.106 264.326 5.913 -170.301 262.467 6.225 -171.824 264.020 5.892
3 16 -169.618 262.723 5.946 -170.301 262.467 6.225 -171.106 264.326 5.913
3 16 -170.418 264.570 5.636 -169.618 262.723 5.946 -171.106 264.326 5.913
3 16 -169.069 262.877 5.414 -169.618 262.723 5.946 -170.418 264.570 5.636
3 16 -169.865 264.715 5.105 -169.069 262.877 5.414 -170.418 264.570 5.636
3 16 -168.736 262.904 4.709 -169.069 262.877 5.414 -169.865 264.715 5.105
3 16 -169.531 264.739 4.401 -168.736 262.904 4.709 -169.865 264.715 5.105
3 16 -168.670 262.802 3.938 -168.736 262.904 4.709 -169.531 264.739 4.401
3 16 -169.466 264.639 3.629 -168.670 262.802 3.938 -169.531 264.739 4.401
3 16 -168.882 262.585 3.219 -168.670 262.802 3.938 -169.466 264.639 3.629
3 16 -169.681 264.430 2.909 -168.882 262.585 3.219 -169.466 264.639 3.629
3 16 -168.498 260.446 2.981 -168.046 260.757 3.537 -168.882 262.585 3.219
3 16 -169.339 262.286 2.661 -168.498 260.446 2.981 -168.882 262.585 3.219
3 16 -169.124 260.098 2.672 -168.498 260.446 2.981 -169.339 262.286 2.661
3 16 -169.971 261.951 2.350 -169.124 260.098 2.672 -169.339 262.286 2.661
3 16 -169.829 259.764 2.656 -169.124 260.098 2.672 -169.971 261.951 2.350
3 16 -170.683 261.631 2.332 -169.829 259.764 2.656 -169.971 261.951 2.350
3 16 -170.506 259.495 2.937 -169.829 259.764 2.656 -170.683 261.631 2.332
3 16 -171.365 261.375 2.610 -170.506 259.495 2.937 -170.683 261.631 2.332
3 16 -171.052 259.334 3.471 -170.506 259.495 2.937 -171.365 261.375 2.610
3 16 -171.915 261.222 3.143 -171.052 259.334 3.471 -171.365 261.375 2.610
3 16 -171.383 259.303 4.177 -171.052 259.334 3.471 -171.915 261.222 3.143
3 16 -172.248 261.194 3.848 -171.383 259.303 4.177 -171.915 261.222 3.143
3 16 -171.449 259.408 4.947 -171.383 259.303 4.177 -172.248 261.194 3.848
3 16 -172.313 261.296 4.619 -171.449 259.408 4.947 -172.248 261.194 3.848
3 16 -171.241 259.632 5.665 -171.449 259.408 4.947 -172.313 261.296 4.619
3 16 -172.102 261.514 5.338 -171.241 259.632 5.665 -172.313 261.296 4.619
3 16 -170.789 259.943 6.221 -171.241 259.632 5.665 -172.102 261.514 5.338
3 16 -171.645 261.812 5.895 -170.789 259.943 6.221 -172.102 261.514 5.338
3 16 -170.163 260.291 6.530 -170.789 259.943 6.221 -171.645 261.812 5.895
3 16 -171.012 262.147 6.207 -170.163 260.291 6.530 -171.645 261.812 5.895
3 16 -169.458 260.625 6.545 -170.163 260.291 6.530 -171.012 262.147 6.207
3 16 -170.301 262.467 6.225 -169.458 260.625 6.545 -171.012 262.147 6.207
3 16 -168.781 260.894 6.264 -169.458 260.625 6.545 -170.301 262.467 6.225
3 16 -169.618 262.723 5.946 -168.781 260.894 6.264 -170.301 262.467 6.225
3 16 -168.236 261.056 5.730 -168.781 260.894 6.264 -169.618 262.723 5.946
3 16 -169.069 262.877 5.414 -168.236 261.056 5.730 -169.618 262.723 5.946
3 16 -167.905 261.086 5.025 -168.236 261.056 5.730 -169.069 262.877 5.414
3 16 -168.736 262.904 4.709 -167.905 261.086 5.025 -169.069 262.877 5.414
3 16 -167.838 260.982 4.254 -167.905 261.086 5.025 -168.736 262.904 4.709
3 16 -168.670 262.802 3.938 -167.838 260.982 4.254 -168.736 262.904 4.709
3 16 -168.046 260.757 3.537 -167.838 260.982 4.254 -168.670 262.802 3.938
3 16 -168.882 262.585 3.219 -168.046 260.757 3.537 -168.670 262.802 3.938
3 16 -167.620 258.627 3.307 -167.174 258.949 3.861 -168.046 260.757 3.537
3 16 -168.498 260.446 2.981 -167.620 258.627 3.307 -168.046 260.757 3.537
3 16 -168.240 258.265 3.001 -167.620 258.627 3.307 -168.498 260.446 2.981
3 16 -169.124 260.098 2.672 -168.240 258.265 3.001 -168.498 260.446 2.981
3 16 -168.938 257.916 2.988 -168.240 258.265 3.001 -169.124 260.098 2.672
3 16 -169.829 259.764 2.656 -168.938 257.916 2.988 -169.124 260.098 2.672
3 16 -169.609 257.635 3.271 -168.938 257.916 2.988 -169.829 259.764 2.656
3 16 -170.506 259.495 2.937 -169.609 257.635 3.271 -169.829 259.764 2.656
3 16 -170.150 257.465 3.807 -169.609 257.635 3.271 -170.506 259.495 2.937
3 16 -171.052 259.334 3.471 -170.150 257.465 3.807 -170.506 259.495 2.937
3 16 -170.479 257.430 4.513 -170.150 257.465 3.807 -171.052 259.334 3.471
3 16 -171.383 259.303 4.177 -170.479 257.430 4.513 -171.052 259.334 3.471
3 16 -170.547 257.537 5.283 -170.479 257.430 4.513 -171.383 259.303 4.177
3 16 -171.449 259.408 4.947 -170.547 257.537 5.283 -171.383 259.303 4.177
3 16 -170.342 257.769 6.000 -170.547 257.537 5.283 -171.449 259.408 4.947
3 16 -171.241 259.632 5.665 -170.342 257.769 6.000 -171.449 259.408 4.947
3 16 -169.896 258.091 6.553 -170.342 257.769 6.000 -171.241 259.632 5.665
3 16 -170.789 259.943 6.221 -169.896 258.091 6.553 -171.241 259.632 5.665
3 16 -169.276 258.454 6.859 -169.896 258.091 6.553 -170.789 259.943 6.221
3 16 -170.163 260.291 6.530 -169.276 258.454 6.859 -170.789 259.943 6.221
3 16 -168.578 258.802 6.872 -169.276 258.454 6.859 -170.163 260.291 6.530
3 16 -169.458 260.625 6.545 -168.578 258.802 6.872 -170.163 260.291 6.530
3 16 -167.908 259.083 6.589 -168.578 258.802 6.872 -169.458 260.625 6.545
3 16 -168.781 260.894 6.264 -167.908 259.083 6.589 -169.458 260.625 6.545
3 16 -167.366 259.254 6.054 -167.908 259.083 6.589 -168.781 260.894 6.264
3 16 -168.236 261.056 5.730 -167.366 259.254 6.054 -168.781 260.894 6.264
3 16 -167.037 259.288 5.347 -167.366 259.254 6.054 -168.236 261.056 5.730
3 16 -167.905 261.086 5.025 -167.037 259.288 5.347 -168.236 261.056 5.730
3 16 -166.969 259.182 4.577 -167.037 259.288 5.347 -167.905 261.086 5.025
3 16 -167.838 260.982 4.254 -166.969 259.182 4.577 -167.905 261.086 5.025
3 16 -167.174 258.949 3.861 -166.969 259.182 4.577 -167.838 260.982 4.254
3 16 -168.046 260.757 3.537 -167.174 258.949 3.861 -167.838 260.982 4.254
3 16 -166.705 256.828 3.640 -166.265 257.161 4.192 -167.174 258.949 3.861
3 16 -167.620 258.627 3.307 -166.705 256.828 3.640 -167.174 258.949 3.861
3 16 -167.317 256.451 3.336 -166.705 256.828 3.640 -167.620 258.627 3.307
3 16 -168.240 258.265 3.001 -167.317 256.451 3.336 -167.620 258.627 3.307
3 16 -168.008 256.089 3.326 -167.317 256.451 3.336 -168.240 258.265 3.001
3 16 -168.938 257.916 2.988 -168.008 256.089 3.326 -168.240 258.265 3.001
3 16 -168.673 255.795 3.612 -168.008 256.089 3.326 -168.938 257.916 2.988
3 16 -169.609 257.635 3.271 -168.673 255.795 3.612 -168.938 257.916 2.988
3 16 -169.210 255.616 4.149 -168.673 255.795 3.612 -169.609 257.635 3.271
3 16 -170.150 257.465 3.807 -169.210 255.616 4.149 -169.609 257.635 3.271
3 16 -169.537 255.578 4.856 -169.210 255.616 4.149 -170.150 257.465 3.807
3 16 -170.479 257.430 4.513 -169.537 255.578 4.856 -170.150 257.465 3.807
3 16 -169.606 255.687 5.626 -169.537 255.578 4.856 -170.479 257.430 4.513
3 16 -170.547 257.537 5.283 -169.606 255.687 5.626 -170.479 257.430 4.513
3 16 -169.404 255.927 6.341 -169.606 255.687 5.626 -170.547 257.537 5.283
3 16 -170.342 257.769 6.000 -169.404 255.927 6.341 -170.547 257.537 5.283
3 16 -168.964 256.260 6.892 -169.404 255.927 6.341 -170.342 257.769 6.000
3 16 -169.896 258.091 6.553 -168.964 256.260 6.892 -170.342 257.769 6.000
3 16 -168.352 256.637 7.196 -168.964 256.260 6.892 -169.896 258.091 6.553
3 16 -169.276 258.454 6.859 -168.352 256.637 7.196 -169.896 258.091 6.553
3 16 -167.661 256.999 7.206 -168.352 256.637 7.196 -169.276 258.454 6.859
3 16 -168.578 258.802 6.872 -167.661 256.999 7.206 -169.276 258.454 6.859
3 16 -166.996 257.292 6.921 -167.661 256.999 7.206 -168.578 258.802 6.872
3 16 -167.908 259.083 6.589 -166.996 257.292 6.921 -168.578 258.802 6.872
3 16 -166.460 257.472 6.383 -166.996 257.292 6.921 -167.908 259.083 6.589
3 16 -167.366 259.254 6.054 -166.460 257.472 6.383 -167.908 259.083 6.589
3 16 -166.132 257.510 5.676 -166.460 257.472 6.383 -167.366 259.254 6.054
3 16 -167.037 259.288 5.347 -166.132 257.510 5.676 -167.366 259.254 6.054
3 16 -166.064 257.401 4.906 -166.132 257.510 5.676 -167.037 259.288 5.347
3 16 -166.969 259.182 4.577 -166.064 257.401 4.906 -167.037 259.288 5.347
3 16 -166.265 257.161 4.192 -166.064 257.401 4.906 -166.969 259.182 4.577
3 16 -167.174 258.949 3.861 -166.265 257.161 4.192 -166.969 259.182 4.577
3 16 -165.753 255.049 3.979 -165.319 255.394 4.529 -166.265 257.161 4.192
3 16 -166.705 256.828 3.640 -165.753 255.049 3.979 -166.265 257.161 4.192
3 16 -166.358 254.659 3.678 -165.753 255.049 3.979 -166.705 256.828 3.640
3 16 -167.317 256.451 3.336 -166.358 254.659 3.678 -166.705 256.828 3.640
3 16 -167.041 254.282 3.671 -166.358 254.659 3.678 -167.317 256.451 3.336
3 16 -168.008 256.089 3.326 -167.041 254.282 3.671 -167.317 256.451 3.336
3 16 -167.699 253.976 3.959 -167.041 254.282 3.671 -168.008 256.089 3.326
3 16 -168.673 255.795 3.612 -167.699 253.976 3.959 -168.008 256.089 3.326
3 16 -168.231 253.788 4.498 -167.699 253.976 3.959 -168.673 255.795 3.612
3 16 -169.210 255.616 4.149 -168.231 253.788 4.498 -168.673 255.795 3.612
3 16 -168.557 253.747 5.206 -168.231 253.788 4.498 -169.210 255.616 4.149
3 16 -169.537 255.578 4.856 -168.557 253.747 5.206 -169.210 255.616 4.149
3 16 -168.626 253.858 5.975 -168.557 253.747 5.206 -169.537 255.578 4.856
3 16 -169.606 255.687 5.626 -168.626 253.858 5.975 -169.537 255.578 4.856
3 16 -168.429 254.104 6.689 -168.626 253.858 5.975 -169.606 255.687 5.626
3 16 -169.404 255.927 6.341 -168.429 254.104 6.689 -169.606 255.687 5.626
3 16 -167.994 254.449 7.238 -168.429 254.104 6.689 -169.404 255.927 6.341
3 16 -168.964 256.260 6.892 -167.994 254.449 7.238 -169.404 255.927 6.341
3 16 -167.389 254.839 7.539 -167.994 254.449 7.238 -168.964 256.260 6.892
3 16 -168.352 256.637 7.196 -167.389 254.839 7.539 -168.964 256.260 6.892
3 16 -166.706 255.216 7.546 -167.389 254.839 7.539 -168.352 256.637 7.196
3 16 -167.661 256.999 7.206 -166.706 255.216 7.546 -168.352 256.637 7.196
3 16 -166.048 255.521 7.258 -166.706 255.216 7.546 -167.661 256.999 7.206
3 16 -166.996 257.292 6.921 -166.048 255.521 7.258 -167.661 256.999 7.206
3 16 -165.516 255.709 6.719 -166.048 255.521 7.258 -166.996 257.292 6.921
3 16 -166.460 257.472 6.383 -165.516 255.709 6.719 -166.996 257.292 6.921
3 16 -165.190 255.751 6.011 -165.516 255.709 6.719 -166.460 257.472 6.383
3 16 -166.132 257.510 5.676 -165.190 255.751 6.011 -166.460 257.472 6.383
3 16 -165.121 255.640 5.242 -165.190 255.751 6.011 -166.132 257.510 5.676
3 16 -166.064 257.401 4.906 -165.121 255.640 5.242 -166.132 257.510 5.676
3 16 -165.319 255.394 4.529 -165.121 255.640 5.242 -166.064 257.401 4.906
3 16 -166.265 257.161 4.192 -165.319 255.394 4.529 -166.064 257.401 4.906
3 16 -164.764 253.293 4.323 -164.336 253.649 4.870 -165.319 255.394 4.529
3 16 -165.753 255.049 3.979 -164.764 253.293 4.323 -165.319 255.394 4.529
3 16 -165.362 252.889 4.025 -164.764 253.293 4.323 -165.753 255.049 3.979
3 16 -166.358 254.659 3.678 -165.362 252.889 4.025 -165.753 255.049 3.979
3 16 -166.037 252.498 4.021 -165.362 252.889 4.025 -166.358 254.659 3.678
3 16 -167.041 254.282 3.671 -166.037 252.498 4.021 -166.358 254.659 3.678
3 16 -166.688 252.180 4.311 -166.037 252.498 4.021 -167.041 254.282 3.671
3 16 -167.699 253.976 3.959 -166.688 252.180 4.311 -167.041 254.282 3.671
3 16 -167.215 251.983 4.852 -166.688 252.180 4.311 -167.699 253.976 3.959
3 16 -168.231 253.788 4.498 -167.215 251.983 4.852 -167.699 253.976 3.959
3 16 -167.538 251.938 5.561 -167.215 251.983 4.852 -168.231 253.788 4.498
3 16 -168.557 253.747 5.206 -167.538 251.938 5.561 -168.231 253.788 4.498
3 16 -167.608 252.050 6.330 -167.538 251.938 5.561 -168.557 253.747 5.206
3 16 -168.626 253.858 5.975 -167.608 252.050 6.330 -168.557 253.747 5.206
3 16 -167.415 252.304 7.042 -167.608 252.050 6.330 -168.626 253.858 5.975
3 16 -168.429 254.104 6.689 -167.415 252.304 7.042 -168.626 253.858 5.975
3 16 -166.986 252.659 7.589 -167.415 252.304 7.042 -168.429 254.104 6.689
3 16 -167.994 254.449 7.238 -166.986 252.659 7.589 -168.429 254.104 6.689
3 16 -166.389 253.064 7.887 -166.986 252.659 7.589 -167.994 254.449 7.238
3 16 -167.389 254.839 7.539 -166.389 253.064 7.887 -167.994 254.449 7.238
3 16 -165.714 253.454 7.891 -166.389 253.064 7.887 -167.389 254.839 7.539
3 16 -166.706 255.216 7.546 -165.714 253.454 7.891 -167.389 254.839 7.539
3 16 -165.063 253.772 7.601 -165.714 253.454 7.891 -166.706 255.216 7.546
3 16 -166.048 255.521 7.258 -165.063 253.772 7.601 -166.706 255.216 7.546
3 16 -164.536 253.969 7.060 -165.063 253.772 7.601 -166.048 255.521 7.258
3 16 -165.516 255.709 6.719 -164.536 253.969 7.060 -166.048 255.521 7.258
3 16 -164.212 254.015 6.352 -164.536 253.969 7.060 -165.516 255.709 6.719
3 16 -165.190 255.751 6.011 -164.212 254.015 6.352 -165.516 255.709 6.719
3 16 -164.142 253.902 5.583 -164.212 254.015 6.352 -165.190 255.751 6.011
3 16 -165.121 255.640 5.242 -164.142 253.902 5.583 -165.190 255.751 6.011
3 16 -164.336 253.649 4.870 -164.142 253.902 5.583 -165.121 255.640 5.242
3 16 -165.319 255.394 4.529 -164.336 253.649 4.870 -165.121 255.640 5.242
3 16 -163.739 251.559 4.673 -163.317 251.925 5.217 -164.336 253.649 4.870
3 16 -164.764 253.293 4.323 -163.739 251.559 4.673 -164.336 253.649 4.870
3 16 -164.328 251.141 4.377 -163.739 251.559 4.673 -164.764 253.293 4.323
3 16 -165.362 252.889 4.025 -164.328 251.141 4.377 -164.764 253.293 4.323
3 16 -164.995 250.736 4.376 -164.328 251.141 4.377 -165.362 252.889 4.025
3 16 -166.037 252.498 4.021 -164.995 250.736 4.376 -165.362 252.889 4.025
3 16 -165.639 250.406 4.669 -164.995 250.736 4.376 -166.037 252.498 4.021
3 16 -166.688 252.180 4.311 -165.639 250.406 4.669 -166.037 252.498 4.021
3 16 -166.161 250.200 5.211 -165.639 250.406 4.669 -166.688 252.180 4.311
3 16 -167.215 251.983 4.852 -166.161 250.200 5.211 -166.688 252.180 4.311
3 16 -166.481 250.151 5.921 -166.161 250.200 5.211 -167.215 251.983 4.852
3 16 -167.538 251.938 5.561 -166.481 250.151 5.921 -167.215 251.983 4.852
3 16 -166.552 250.265 6.690 -166.481 250.151 5.921 -167.538 251.938 5.561
3 16 -167.608 252.050 6.330 -166.552 250.265 6.690 -167.538 251.938 5.561
3 16 -166.362 250.525 7.400 -166.552 250.265 6.690 -167.608 252.050 6.330
3 16 -167.415 252.304 7.042 -166.362 250.525 7.400 -167.608 252.050 6.330
3 16 -165.941 250.892 7.945 -166.362 250.525 7.400 -167.415 252.304 7.042
3 16 -166.986 252.659 7.589 -165.941 250.892 7.945 -167.415 252.304 7.042
3 16 -165.351 251.309 8.240 -165.941 250.892 7.945 -166.986 252.659 7.589
3 16 -166.389 253.064 7.887 -165.351 251.309 8.240 -166.986 252.659 7.589
3 16 -164.684 251.714 8.242 -165.351 251.309 8.240 -166.389 253.064 7.887
3 16 -165.714 253.454 7.891 -164.684 251.714 8.242 -166.389 253.064 7.887
3 16 -164.041 252.044 7.949 -164.684 251.714 8.242 -165.714 253.454 7.891
3 16 -165.063 253.772 7.601 -164.041 252.044 7.949 -165.714 253.454 7.891
3 16 -163.519 252.250 7.407 -164.041 252.044 7.949 -165.063 253.772 7.601
3 16 -164.536 253.969 7.060 -163.519 252.250 7.407 -165.063 253.772 7.601
3 16 -163.198 252.300 6.697 -163.519 252.250 7.407 -164.536 253.969 7.060
3 16 -164.212 254.015 6.352 -163.198 252.300 6.697 -164.536 253.969 7.060
3 16 -163.127 252.186 5.928 -163.198 252.300 6.697 -164.212 254.015 6.352
3 16 -164.142 253.902 5.583 -163.127 252.186 5.928 -164.212 254.015 6.352
3 16 -163.317 251.925 5.217 -163.127 252.186 5.928 -164.142 253.902 5.583
3 16 -164.336 253.649 4.870 -163.317 251.925 5.217 -164.142 253.902 5.583
3 16 -162.677 249.849 5.026 -162.262 250.227 5.568 -163.317 251.925 5.217
3 16 -163.739 251.559 4.673 -162.677 249.849 5.026 -163.317 251.925 5.217
3 16 -163.258 249.418 4.733 -162.677 249.849 5.026 -163.739 251.559 4.673
3 16 -164.328 251.141 4.377 -163.258 249.418 4.733 -163.739 251.559 4.673
3 16 -163.916 248.999 4.735 -163.258 249.418 4.733 -164.328 251.141 4.377
3 16 -164.995 250.736 4.376 -163.916 248.999 4.735 -164.328 251.141 4.377
3 16 -164.552 248.656 5.030 -163.916 248.999 4.735 -164.995 250.736 4.376
3 16 -165.639 250.406 4.669 -164.552 248.656 5.030 -164.995 250.736 4.376
3 16 -165.068 248.442 5.575 -164.552 248.656 5.030 -165.639 250.406 4.669
3 16 -166.161 250.200 5.211 -165.068 248.442 5.575 -165.639 250.406 4.669
3 16 -165.386 248.388 6.285 -165.068 248.442 5.575 -166.161 250.200 5.211
3 16 -166.481 250.151 5.921 -165.386 248.388 6.285 -166.161 250.200 5.211
3 16 -165.458 248.503 7.054 -165.386 248.388 6.285 -166.481 250.151 5.921
3 16 -166.552 250.265 6.690 -165.458 248.503 7.054 -166.481 250.151 5.921
3 16 -165.272 248.770 7.763 -165.458 248.503 7.054 -166.552 250.265 6.690
3 16 -166.362 250.525 7.400 -165.272 248.770 7.763 -166.552 250.265 6.690
3 16 -164.857 249.148 8.306 -165.272 248.770 7.763 -166.362 250.525 7.400
3 16 -165.941 250.892 7.945 -164.857 249.148 8.306 -166.362 250.525 7.400
3 16 -164.276 249.579 8.598 -164.857 249.148 8.306 -165.941 250.892 7.945
3 16 -165.351 251.309 8.240 -164.276 249.579 8.598 -165.941 250.892 7.945
3 16 -163.617 249.997 8.597 -164.276 249.579 8.598 -165.351 251.309 8.240
3 16 -164.684 251.714 8.242 -163.617 249.997 8.597 -165.351 251.309 8.240
3 16 -162.982 250.340 8.301 -163.617 249.997 8.597 -164.684 251.714 8.242
3 16 -164.041 252.044 7.949 -162.982 250.340 8.301 -164.684 251.714 8.242
3 16 -162.466 250.555 7.757 -162.982 250.340 8.301 -164.041 252.044 7.949
3 16 -163.519 252.250 7.407 -162.466 250.555 7.757 -164.041 252.044 7.949
3 16 -162.148 250.609 7.046 -162.466 250.555 7.757 -163.519 252.250 7.407
3 16 -163.198 252.300 6.697 -162.148 250.609 7.046 -163.519 252.250 7.407
3 16 -162.076 250.494 6.278 -162.148 250.609 7.046 -163.198 252.300 6.697
3 16 -163.127 252.186 5.928 -162.076 250.494 6.278 -163.198 252.300 6.697
3 16 -162.262 250.227 5.568 -162.076 250.494 6.278 -163.127 252.186 5.928
3 16 -163.317 251.925 5.217 -162.262 250.227 5.568 -163.127 252.186 5.928
3 16 -161.578 248.163 5.383 -161.170 248.551 5.923 -162.262 250.227 5.568
3 16 -162.677 249.849 5.026 -161.578 248.163 5.383 -162.262 250.227 5.568
3 16 -162.150 247.719 5.093 -161.578 248.163 5.383 -162.677 249.849 5.026
3 16 -163.258 249.418 4.733 -162.150 247.719 5.093 -162.677 249.849 5.026
3 16 -162.800 247.286 5.098 -162.150 247.719 5.093 -163.258 249.418 4.733
3 16 -163.916 248.999 4.735 -162.800 247.286 5.098 -163.258 249.418 4.733
3 16 -163.428 246.931 5.396 -162.800 247.286 5.098 -163.916 248.999 4.735
3 16 -164.552 248.656 5.030 -163.428 246.931 5.396 -163.916 248.999 4.735
3 16 -163.938 246.708 5.942 -163.428 246.931 5.396 -164.552 248.656 5.030
3 16 -165.068 248.442 5.575 -163.938 246.708 5.942 -164.552 248.656 5.030
3 16 -164.253 246.650 6.654 -163.938 246.708 5.942 -165.068 248.442 5.575
3 16 -165.386 248.388 6.285 -164.253 246.650 6.654 -165.068 248.442 5.575
3 16 -164.326 246.767 7.422 -164.253 246.650 6.654 -165.386 248.388 6.285
3 16 -165.458 248.503 7.054 -164.326 246.767 7.422 -165.386 248.388 6.285
3 16 -164.144 247.040 8.130 -164.326 246.767 7.422 -165.458 248.503 7.054
3 16 -165.272 248.770 7.763 -164.144 247.040 8.130 -165.458 248.503 7.054
3 16 -163.736 247.428 8.670 -164.144 247.040 8.130 -165.272 248.770 7.763
3 16 -164.857 249.148 8.306 -163.736 247.428 8.670 -165.272 248.770 7.763
3 16 -163.163 247.872 8.960 -163.736 247.428 8.670 -164.857 249.148 8.306
3 16 -164.276 249.579 8.598 -163.163 247.872 8.960 -164.857 249.148 8.306
3 16 -162.514 248.305 8.955 -163.163 247.872 8.960 -164.276 249.579 8.598
3 16 -163.617 249.997 8.597 -162.514 248.305 8.955 -164.276 249.579 8.598
3 16 -161.886 248.660 8.657 -162.514 248.305 8.955 -163.617 249.997 8.597
3 16 -162.982 250.340 8.301 -161.886 248.660 8.657 -163.617 249.997 8.597
3 16 -161.376 248.883 8.111 -161.886 248.660 8.657 -162.982 250.340 8.301
3 16 -162.466 250.555 7.757 -161.376 248.883 8.111 -162.982 250.340 8.301
3 16 -161.060 248.941 7.399 -161.376 248.883 8.111 -162.466 250.555 7.757
3 16 -162.148 250.609 7.046 -161.060 248.941 7.399 -162.466 250.555 7.757
3 16 -160.988 248.825 6.631 -161.060 248.941 7.399 -162.148 250.609 7.046
3 16 -162.076 250.494 6.278 -160.988 248.825 6.631 -162.148 250.609 7.046
3 16 -161.170 248.551 5.923 -160.988 248.825 6.631 -162.076 250.494 6.278
3 16 -162.262 250.227 5.568 -161.170 248.551 5.923 -162.076 250.494 6.278
3 16 -160.443 246.503 5.743 -160.042 246.902 6.281 -161.170 248.551 5.923
3 16 -161.578 248.163 5.383 -160.443 246.503 5.743 -161.170 248.551 5.923
3 16 -161.007 246.046 5.456 -160.443 246.503 5.743 -161.578 248.163 5.383
3 16 -162.150 247.719 5.093 -161.007 246.046 5.456 -161.578 248.163 5.383
3 16 -161.647 245.599 5.464 -161.007 246.046 5.456 -162.150 247.719 5.093
3 16 -162.800 247.286 5.098 -161.647 245.599 5.464 -162.150 247.719 5.093
3 16 -162.266 245.232 5.765 -161.647 245.599 5.464 -162.800 247.286 5.098
3 16 -163.428 246.931 5.396 -162.266 245.232 5.765 -162.800 247.286 5.098
3 16 -162.770 244.999 6.313 -162.266 245.232 5.765 -163.428 246.931 5.396
3 16 -163.938 246.708 5.942 -162.770 244.999 6.313 -163.428 246.931 5.396
3 16 -163.082 244.937 7.026 -162.770 244.999 6.313 -163.938 246.708 5.942
3 16 -164.253 246.650 6.654 -163.082 244.937 7.026 -163.938 246.708 5.942
3 16 -163.155 245.055 7.794 -163.082 244.937 7.026 -164.253 246.650 6.654
3 16 -164.326 246.767 7.422 -163.155 245.055 7.794 -164.253 246.650 6.654
3 16 -162.978 245.334 8.501 -163.155 245.055 7.794 -164.326 246.767 7.422
3 16 -164.144 247.040 8.130 -162.978 245.334 8.501 -164.326 246.767 7.422
3 16 -162.576 245.733 9.038 -162.978 245.334 8.501 -164.144 247.040 8.130
3 16 -163.736 247.428 8.670 -162.576 245.733 9.038 -164.144 247.040 8.130
3 16 -162.013 246.190 9.325 -162.576 245.733 9.038 -163.736 247.428 8.670
3 16 -163.163 247.872 8.960 -162.013 246.190 9.325 -163.736 247.428 8.670
3 16 -161.373 246.637 9.317 -162.013 246.190 9.325 -163.163 247.872 8.960
3 16 -162.514 248.305 8.955 -161.373 246.637 9.317 -163.163 247.872 8.960
3 16 -160.754 247.004 9.016 -161.373 246.637 9.317 -162.514 248.305 8.955
3 16 -161.886 248.660 8.657 -160.754 247.004 9.016 -162.514 248.305 8.955
3 16 -160.250 247.237 8.468 -160.754 247.004 9.016 -161.886 248.660 8.657
3 16 -161.376 248.883 8.111 -160.250 247.237 8.468 -161.886 248.660 8.657
3 16 -159.938 247.299 7.756 -160.250 247.237 8.468 -161.376 248.883 8.111
3 16 -161.060 248.941 7.399 -159.938 247.299 7.756 -161.376 248.883 8.111
3 16 -159.865 247.181 6.988 -159.938 247.299 7.756 -161.060 248.941 7.399
3 16 -160.988 248.825 6.631 -159.865 247.181 6.988 -161.060 248.941 7.399
3 16 -160.042 246.902 6.281 -159.865 247.181 6.988 -160.988 248.825 6.631
3 16 -161.170 248.551 5.923 -160.042 246.902 6.281 -160.988 248.825 6.631
3 16 -159.273 244.870 6.106 -158.879 245.279 6.641 -160.042 246.902 6.281
3 16 -160.443 246.503 5.743 -159.273 244.870 6.106 -160.042 246.902 6.281
3 16 -159.827 244.399 5.822 -159.273 244.870 6.106 -160.443 246.503 5.743
3 16 -161.007 246.046 5.456 -159.827 244.399 5.822 -160.443 246.503 5.743
3 16 -160.457 243.939 5.833 -159.827 244.399 5.822 -161.007 246.046 5.456
3 16 -161.647 245.599 5.464 -160.457 243.939 5.833 -161.007 246.046 5.456
3 16 -161.068 243.560 6.136 -160.457 243.939 5.833 -161.647 245.599 5.464
3 16 -162.266 245.232 5.765 -161.068 243.560 6.136 -161.647 245.599 5.464
3 16 -161.565 243.318 6.687 -161.068 243.560 6.136 -162.266 245.232 5.765
3 16 -162.770 244.999 6.313 -161.565 243.318 6.687 -162.266 245.232 5.765
3 16 -161.874 243.252 7.400 -161.565 243.318 6.687 -162.770 244.999 6.313
3 16 -163.082 244.937 7.026 -161.874 243.252 7.400 -162.770 244.999 6.313
3 16 -161.948 243.370 8.168 -161.874 243.252 7.400 -163.082 244.937 7.026
3 16 -163.155 245.055 7.794 -161.948 243.370 8.168 -163.082 244.937 7.026
3 16 -161.774 243.656 8.873 -161.948 243.370 8.168 -163.155 245.055 7.794
3 16 -162.978 245.334 8.501 -161.774 243.656 8.873 -163.155 245.055 7.794
3 16 -161.381 244.065 9.409 -161.774 243.656 8.873 -162.978 245.334 8.501
3 16 -162.576 245.733 9.038 -161.381 244.065 9.409 -162.978 245.334 8.501
3 16 -160.826 244.535 9.693 -161.381 244.065 9.409 -162.576 245.733 9.038
3 16 -162.013 246.190 9.325 -160.826 244.535 9.693 -162.576 245.733 9.038
3 16 -160.196 244.995 9.682 -160.826 244.535 9.693 -162.013 246.190 9.325
3 16 -161.373 246.637 9.317 -160.196 244.995 9.682 -162.013 246.190 9.325
3 16 -159.586 245.375 9.378 -160.196 244.995 9.682 -161.373 246.637 9.317
3 16 -160.754 247.004 9.016 -159.586 245.375 9.378 -161.373 246.637 9.317
3 16 -159.088 245.616 8.827 -159.586 245.375 9.378 -160.754 247.004 9.016
3 16 -160.250 247.237 8.468 -159.088 245.616 8.827 -160.754 247.004 9.016
3 16 -158.779 245.683 8.114 -159.088 245.616 8.827 -160.250 247.237 8.468
3 16 -159.938 247.299 7.756 -158.779 245.683 8.114 -160.250 247.237 8.468
3 16 -158.706 245.564 7.346 -158.779 245.683 8.114 -159.938 247.299 7.756
3 16 -159.865 247.181 6.988 -158.706 245.564 7.346 -159.938 247.299 7.756
3 16 -158.879 245.279 6.641 -158.706 245.564 7.346 -159.865 247.181 6.988
3 16 -160.042 246.902 6.281 -158.879 245.279 6.641 -159.865 247.181 6.988
3 16 -158.066 243.263 6.471 -157.680 243.682 7.003 -158.879 245.279 6.641
3 16 -159.273 244.870 6.106 -158.066 243.263 6.471 -158.879 245.279 6.641
3 16 -158.611 242.779 6.190 -158.066 243.263 6.471 -159.273 244.870 6.106
3 16 -159.827 244.399 5.822 -158.611 242.779 6.190 -159.273 244.870 6.106
3 16 -159.231 242.306 6.204 -158.611 242.779 6.190 -159.827 244.399 5.822
3 16 -160.457 243.939 5.833 -159.231 242.306 6.204 -159.827 244.399 5.822
3 16 -159.832 241.914 6.510 -159.231 242.306 6.204 -160.457 243.939 5.833
3 16 -161.068 243.560 6.136 -159.832 241.914 6.510 -160.457 243.939 5.833
3 16 -160.323 241.664 7.063 -159.832 241.914 6.510 -161.068 243.560 6.136
3 16 -161.565 243.318 6.687 -160.323 241.664 7.063 -161.068 243.560 6.136
3 16 -160.628 241.593 7.777 -160.323 241.664 7.063 -161.565 243.318 6.687
3 16 -161.874 243.252 7.400 -160.628 241.593 7.777 -161.565 243.318 6.687
3 16 -160.702 241.712 8.545 -160.628 241.593 7.777 -161.874 243.252 7.400
3 16 -161.948 243.370 8.168 -160.702 241.712 8.545 -161.874 243.252 7.400
3 16 -160.533 242.004 9.249 -160.702 241.712 8.545 -161.948 243.370 8.168
3 16 -161.774 243.656 8.873 -160.533 242.004 9.249 -161.948 243.370 8.168
3 16 -160.147 242.423 9.782 -160.533 242.004 9.249 -161.774 243.656 8.873
3 16 -161.381 244.065 9.409 -160.147 242.423 9.782 -161.774 243.656 8.873
3 16 -159.603 242.906 10.063 -160.147 242.423 9.782 -161.381 244.065 9.409
3 16 -160.826 244.535 9.693 -159.603 242.906 10.063 -161.381 244.065 9.409
3 16 -158.983 243.380 10.049 -159.603 242.906 10.063 -160.826 244.535 9.693
3 16 -160.196 244.995 9.682 -158.983 243.380 10.049 -160.826 244.535 9.693
3 16 -158.381 243.771 9.742 -158.983 243.380 10.049 -160.196 244.995 9.682
3 16 -159.586 245.375 9.378 -158.381 243.771 9.742 -160.196 244.995 9.682
3 16 -157.890 244.022 9.189 -158.381 243.771 9.742 -159.586 245.375 9.378
3 16 -159.088 245.616 8.827 -157.890 244.022 9.189 -159.586 245.375 9.378
3 16 -157.585 244.093 8.475 -157.890 244.022 9.189 -159.088 245.616 8.827
3 16 -158.779 245.683 8.114 -157.585 244.093 8.475 -159.088 245.616 8.827
3 16 -157.511 243.973 7.707 -157.585 244.093 8.475 -158.779 245.683 8.114
3 16 -158.706 245.564 7.346 -157.511 243.973 7.707 -158.779 245.683 8.114
3 16 -157.680 243.682 7.003 -157.511 243.973 7.707 -158.706 245.564 7.346
3 16 -158.879 245.279 6.641 -157.680 243.682 7.003 -158.706 245.564 7.346
3 16 -156.825 241.685 6.836 -156.446 242.114 7.367 -157.680 243.682 7.003
3 16 -158.066 243.263 6.471 -156.825 241.685 6.836 -157.680 243.682 7.003
3 16 -157.359 241.189 6.558 -156.825 241.685 6.836 -158.066 243.263 6.471
3 16 -158.611 242.779 6.190 -157.359 241.189 6.558 -158.066 243.263 6.471
3 16 -157.969 240.702 6.575 -157.359 241.189 6.558 -158.611 242.779 6.190
3 16 -159.231 242.306 6.204 -157.969 240.702 6.575 -158.611 242.779 6.190
3 16 -158.561 240.298 6.885 -157.969 240.702 6.575 -159.231 242.306 6.204
3 16 -159.832 241.914 6.510 -158.561 240.298 6.885 -159.231 242.306 6.204
3 16 -159.044 240.039 7.440 -158.561 240.298 6.885 -159.832 241.914 6.510
3 16 -160.323 241.664 7.063 -159.044 240.039 7.440 -159.832 241.914 6.510
3 16 -159.346 239.963 8.155 -159.044 240.039 7.440 -160.323 241.664 7.063
3 16 -160.628 241.593 7.777 -159.346 239.963 8.155 -160.323 241.664 7.063
3 16 -159.420 240.083 8.923 -159.346 239.963 8.155 -160.628 241.593 7.777
3 16 -160.702 241.712 8.545 -159.420 240.083 8.923 -160.628 241.593 7.777
3 16 -159.256 240.380 9.625 -159.420 240.083 8.923 -160.702 241.712 8.545
3 16 -160.533 242.004 9.249 -159.256 240.380 9.625 -160.702 241.712 8.545
3 16 -158.877 240.810 10.156 -159.256 240.380 9.625 -160.533 242.004 9.249
3 16 -160.147 242.423 9.782 -158.877 240.810 10.156 -160.533 242.004 9.249
3 16 -158.343 241.305 10.434 -158.877 240.810 10.156 -160.147 242.423 9.782
3 16 -159.603 242.906 10.063 -158.343 241.305 10.434 -160.147 242.423 9.782
3 16 -157.733 241.792 10.417 -158.343 241.305 10.434 -159.603 242.906 10.063
3 16 -158.983 243.380 10.049 -157.733 241.792 10.417 -159.603 242.906 10.063
3 16 -157.141 242.196 10.107 -157.733 241.792 10.417 -158.983 243.380 10.049
3 16 -158.381 243.771 9.742 -157.141 242.196 10.107 -158.983 243.380 10.049
3 16 -156.658 242.456 9.552 -157.141 242.196 10.107 -158.381 243.771 9.742
3 16 -157.890 244.022 9.189 -156.658 242.456 9.552 -158.381 243.771 9.742
3 16 -156.356 242.531 8.837 -156.658 242.456 9.552 -157.890 244.022 9.189
3 16 -157.585 244.093 8.475 -156.356 242.531 8.837 -157.890 244.022 9.189
3 16 -156.282 242.411 8.069 -156.356 242.531 8.837 -157.585 244.093 8.475
3 16 -157.511 243.973 7.707 -156.282 242.411 8.069 -157.585 244.093 8.475
3 16 -156.446 242.114 7.367 -156.282 242.411 8.069 -157.511 243.973 7.707
3 16 -157.680 243.682 7.003 -156.446 242.114 7.367 -157.511 243.973 7.707
3 16 -155.548 240.135 7.203 -155.177 240.574 7.731 -156.446 242.114 7.367
3 16 -156.825 241.685 6.836 -155.548 240.135 7.203 -156.446 242.114 7.367
3 16 -156.072 239.627 6.928 -155.548 240.135 7.203 -156.825 241.685 6.836
3 16 -157.359 241.189 6.558 -156.072 239.627 6.928 -156.825 241.685 6.836
3 16 -156.671 239.127 6.949 -156.072 239.627 6.928 -157.359 241.189 6.558
3 16 -157.969 240.702 6.575 -156.671 239.127 6.949 -157.359 241.189 6.558
3 16 -157.253 238.711 7.261 -156.671 239.127 6.949 -157.969 240.702 6.575
3 16 -158.561 240.298 6.885 -157.253 238.711 7.261 -157.969 240.702 6.575
3 16 -157.729 238.443 7.818 -157.253 238.711 7.261 -158.561 240.298 6.885
3 16 -159.044 240.039 7.440 -157.729 238.443 7.818 -158.561 240.298 6.885
3 16 -158.027 238.363 8.535 -157.729 238.443 7.818 -159.044 240.039 7.440
3 16 -159.346 239.963 8.155 -158.027 238.363 8.535 -159.044 240.039 7.440
3 16 -158.102 238.483 9.302 -158.027 238.363 8.535 -159.346 239.963 8.155
3 16 -159.420 240.083 8.923 -158.102 238.483 9.302 -159.346 239.963 8.155
3 16 -157.942 238.786 10.003 -158.102 238.483 9.302 -159.420 240.083 8.923
3 16 -159.256 240.380 9.625 -157.942 238.786 10.003 -159.420 240.083 8.923
3 16 -157.571 239.225 10.531 -157.942 238.786 10.003 -159.256 240.380 9.625
3 16 -158.877 240.810 10.156 -157.571 239.225 10.531 -159.256 240.380 9.625
3 16 -157.046 239.733 10.806 -157.571 239.225 10.531 -158.877 240.810 10.156
3 16 -158.343 241.305 10.434 -157.046 239.733 10.806 -158.877 240.810 10.156
3 16 -156.448 240.233 10.786 -157.046 239.733 10.806 -158.343 241.305 10.434
3 16 -157.733 241.792 10.417 -156.448 240.233 10.786 -158.343 241.305 10.434
3 16 -155.866 240.649 10.474 -156.448 240.233 10.786 -157.733 241.792 10.417
3 16 -157.141 242.196 10.107 -155.866 240.649 10.474 -157.733 241.792 10.417
3 16 -155.390 240.918 9.917 -155.866 240.649 10.474 -157.141 242.196 10.107
3 16 -156.658 242.456 9.552 -155.390 240.918 9.917 -157.141 242.196 10.107
3 16 -155.092 240.997 9.200 -155.390 240.918 9.917 -156.658 242.456 9.552
3 16 -156.356 242.531 8.837 -155.092 240.997 9.200 -156.658 242.456 9.552
3 16 -155.017 240.877 8.433 -155.092 240.997 9.200 -156.356 242.531 8.837
3 16 -156.282 242.411 8.069 -155.017 240.877 8.433 -156.356 242.531 8.837
3 16 -155.177 240.574 7.731 -155.017 240.877 8.433 -156.282 242.411 8.069
3 16 -156.446 242.114 7.367 -155.177 240.574 7.731 -156.282 242.411 8.069
3 16 -154.237 238.616 7.570 -153.874 239.064 8.096 -155.177 240.574 7.731
3 16 -155.548 240.135 7.203 -154.237 238.616 7.570 -155.177 240.574 7.731
3 16 -154.750 238.095 7.298 -154.237 238.616 7.570 -155.548 240.135 7.203
3 16 -156.072 239.627 6.928 -154.750 238.095 7.298 -155.548 240.135 7.203
3 16 -155.338 237.582 7.322 -154.750 238.095 7.298 -156.072 239.627 6.928
3 16 -156.671 239.127 6.949 -155.338 237.582 7.322 -156.072 239.627 6.928
3 16 -155.909 237.154 7.637 -155.338 237.582 7.322 -156.671 239.127 6.949
3 16 -157.253 238.711 7.261 -155.909 237.154 7.637 -156.671 239.127 6.949
3 16 -156.377 236.877 8.197 -155.909 237.154 7.637 -157.253 238.711 7.261
3 16 -157.729 238.443 7.818 -156.377 236.877 8.197 -157.253 238.711 7.261
3 16 -156.671 236.792 8.914 -156.377 236.877 8.197 -157.729 238.443 7.818
3 16 -158.027 238.363 8.535 -156.671 236.792 8.914 -157.729 238.443 7.818
3 16 -156.746 236.913 9.682 -156.671 236.792 8.914 -158.027 238.363 8.535
3 16 -158.102 238.483 9.302 -156.746 236.913 9.682 -158.027 238.363 8.535
3 16 -156.591 237.221 10.382 -156.746 236.913 9.682 -158.102 238.483 9.302
3 16 -157.942 238.786 10.003 -156.591 237.221 10.382 -158.102 238.483 9.302
3 16 -156.228 237.670 10.907 -156.591 237.221 10.382 -157.942 238.786 10.003
3 16 -157.571 239.225 10.531 -156.228 237.670 10.907 -157.942 238.786 10.003
3 16 -155.714 238.190 11.179 -156.228 237.670 10.907 -157.571 239.225 10.531
3 16 -157.046 239.733 10.806 -155.714 238.190 11.179 -157.571 239.225 10.531
3 16 -155.127 238.704 11.156 -155.714 238.190 11.179 -157.046 239.733 10.806
3 16 -156.448 240.233 10.786 -155.127 238.704 11.156 -157.046 239.733 10.806
3 16 -154.556 239.131 10.840 -155.127 238.704 11.156 -156.448 240.233 10.786
3 16 -155.866 240.649 10.474 -154.556 239.131 10.840 -156.448 240.233 10.786
3 16 -154.087 239.409 10.281 -154.556 239.131 10.840 -155.866 240.649 10.474
3 16 -155.390 240.918 9.917 -154.087 239.409 10.281 -155.866 240.649 10.474
3 16 -153.793 239.493 9.563 -154.087 239.409 10.281 -155.390 240.918 9.917
3 16 -155.092 240.997 9.200 -153.793 239.493 9.563 -155.390 240.918 9.917
3 16 -153.719 239.373 8.796 -153.793 239.493 9.563 -155.092 240.997 9.200
3 16 -155.017 240.877 8.433 -153.719 239.373 8.796 -155.092 240.997 9.200
3 16 -153.874 239.064 8.096 -153.719 239.373 8.796 -155.017 240.877 8.433
3 16 -155.177 240.574 7.731 -153.874 239.064 8.096 -155.017 240.877 8.433
3 16 -152.891 237.127 7.937 -152.537 237.585 8.460 -153.874 239.064 8.096
3 16 -154.237 238.616 7.570 -152.891 237.127 7.937 -153.874 239.064 8.096
3 16 -153.394 236.595 7.668 -152.891 237.127 7.937 -154.237 238.616 7.570
3 16 -154.750 238.095 7.298 -153.394 236.595 7.668 -154.237 238.616 7.570
3 16 -153.970 236.069 7.695 -153.394 236.595 7.668 -154.750 238.095 7.298
3 16 -155.338 237.582 7.322 -153.970 236.069 7.695 -154.750 238.095 7.298
3 16 -154.530 235.629 8.013 -153.970 236.069 7.695 -155.338 237.582 7.322
3 16 -155.909 237.154 7.637 -154.530 235.629 8.013 -155.338 237.582 7.322
3 16 -154.991 235.343 8.575 -154.530 235.629 8.013 -155.909 237.154 7.637
3 16 -156.377 236.877 8.197 -154.991 235.343 8.575 -155.909 237.154 7.637
3 16 -155.280 235.254 9.294 -154.991 235.343 8.575 -156.377 236.877 8.197
3 16 -156.671 236.792 8.914 -155.280 235.254 9.294 -156.377 236.877 8.197
3 16 -155.355 235.375 10.061 -155.280 235.254 9.294 -156.671 236.792 8.914
3 16 -156.746 236.913 9.682 -155.355 235.375 10.061 -156.671 236.792 8.914
3 16 -155.205 235.689 10.759 -155.355 235.375 10.061 -156.746 236.913 9.682
3 16 -156.591 237.221 10.382 -155.205 235.689 10.759 -156.746 236.913 9.682
3 16 -154.851 236.147 11.283 -155.205 235.689 10.759 -156.591 237.221 10.382
3 16 -156.228 237.670 10.907 -154.851 236.147 11.283 -156.591 237.221 10.382
3 16 -154.347 236.679 11.552 -154.851 236.147 11.283 -156.228 237.670 10.907
3 16 -155.714 238.190 11.179 -154.347 236.679 11.552 -156.228 237.670 10.907
3 16 -153.772 237.205 11.525 -154.347 236.679 11.552 -155.714 238.190 11.179
3 16 -155.127 238.704 11.156 -153.772 237.205 11.525 -155.714 238.190 11.179
3 16 -153.211 237.645 11.206 -153.772 237.205 11.525 -155.127 238.704 11.156
3 16 -154.556 239.131 10.840 -153.211 237.645 11.206 -155.127 238.704 11.156
3 16 -152.751 237.931 10.645 -153.211 237.645 11.206 -154.556 239.131 10.840
3 16 -154.087 239.409 10.281 -152.751 237.931 10.645 -154.556 239.131 10.840
3 16 -152.461 238.020 9.926 -152.751 237.931 10.645 -154.087 239.409 10.281
3 16 -153.793 239.493 9.563 -152.461 238.020 9.926 -154.087 239.409 10.281
3 16 -152.386 237.899 9.159 -152.461 238.020 9.926 -153.793 239.493 9.563
3 16 -153.719 239.373 8.796 -152.386 237.899 9.159 -153.793 239.493 9.563
3 16 -152.537 237.585 8.460 -152.386 237.899 9.159 -153.719 239.373 8.796
3 16 -153.874 239.064 8.096 -152.537 237.585 8.460 -153.719 239.373 8.796
3 16 -151.511 235.670 8.302 -151.166 236.137 8.824 -152.537 237.585 8.460
3 16 -152.891 237.127 7.937 -151.511 235.670 8.302 -152.537 237.585 8.460
3 16 -152.003 235.126 8.037 -151.511 235.670 8.302 -152.891 237.127 7.937
3 16 -153.394 236.595 7.668 -152.003 235.126 8.037 -152.891 237.127 7.937
3 16 -152.567 234.587 8.067 -152.003 235.126 8.037 -153.394 236.595 7.668
3 16 -153.970 236.069 7.695 -152.567 234.587 8.067 -153.394 236.595 7.668
3 16 -153.117 234.136 8.388 -152.567 234.587 8.067 -153.970 236.069 7.695
3 16 -154.530 235.629 8.013 -153.117 234.136 8.388 -153.970 236.069 7.695
3 16 -153.568 233.841 8.952 -153.117 234.136 8.388 -154.530 235.629 8.013
3 16 -154.991 235.343 8.575 -153.568 233.841 8.952 -154.530 235.629 8.013
3 16 -153.854 233.747 9.672 -153.568 233.841 8.952 -154.991 235.343 8.575
3 16 -155.280 235.254 9.294 -153.854 233.747 9.672 -154.991 235.343 8.575
3 16 -153.929 233.869 10.439 -153.854 233.747 9.672 -155.280 235.254 9.294
3 16 -155.355 235.375 10.061 -153.929 233.869 10.439 -155.280 235.254 9.294
3 16 -153.782 234.187 11.137 -153.929 233.869 10.439 -155.355 235.375 10.061
3 16 -155.205 235.689 10.759 -153.782 234.187 11.137 -155.355 235.375 10.061
3 16 -153.437 234.654 11.658 -153.782 234.187 11.137 -155.205 235.689 10.759
3 16 -154.851 236.147 11.283 -153.437 234.654 11.658 -155.205 235.689 10.759
3 16 -152.945 235.198 11.924 -153.437 234.654 11.658 -154.851 236.147 11.283
3 16 -154.347 236.679 11.552 -152.945 235.198 11.924 -154.851 236.147 11.283
3 16 -152.381 235.737 11.893 -152.945 235.198 11.924 -154.347 236.679 11.552
3 16 -153.772 237.205 11.525 -152.381 235.737 11.893 -154.347 236.679 11.552
3 16 -151.832 236.188 11.572 -152.381 235.737 11.893 -153.772 237.205 11.525
3 16 -153.211 237.645 11.206 -151.832 236.188 11.572 -153.772 237.205 11.525
3 16 -151.380 236.483 11.008 -151.832 236.188 11.572 -153.211 237.645 11.206
3 16 -152.751 237.931 10.645 -151.380 236.483 11.008 -153.211 237.645 11.206
3 16 -151.095 236.577 10.288 -151.380 236.483 11.008 -152.751 237.931 10.645
3 16 -152.461 238.020 9.926 -151.095 236.577 10.288 -152.751 237.931 10.645
3 16 -151.019 236.455 9.521 -151.095 236.577 10.288 -152.461 238.020 9.926
3 16 -152.386 237.899 9.159 -151.019 236.455 9.521 -152.461 238.020 9.926
3 16 -151.166 236.137 8.824 -151.019 236.455 9.521 -152.386 237.899 9.159
3 16 -152.537 237.585 8.460 -151.166 236.137 8.824 -152.386 237.899 9.159
3 16 -150.099 234.246 8.666 -149.762 234.722 9.185 -151.166 236.137 8.824
3 16 -151.511 235.670 8.302 -150.099 234.246 8.666 -151.166 236.137 8.824
3 16 -150.579 233.690 8.404 -150.099 234.246 8.666 -151.511 235.670 8.302
3 16 -152.003 235.126 8.037 -150.579 233.690 8.404 -151.511 235.670 8.302
3 16 -151.131 233.139 8.437 -150.579 233.690 8.404 -152.003 235.126 8.037
3 16 -152.567 234.587 8.067 -151.131 233.139 8.437 -152.003 235.126 8.037
3 16 -151.669 232.676 8.761 -151.131 233.139 8.437 -152.567 234.587 8.067
3 16 -153.117 234.136 8.388 -151.669 232.676 8.761 -152.567 234.587 8.067
3 16 -152.112 232.373 9.328 -151.669 232.676 8.761 -153.117 234.136 8.388
3 16 -153.568 233.841 8.952 -152.112 232.373 9.328 -153.117 234.136 8.388
3 16 -152.392 232.274 10.049 -152.112 232.373 9.328 -153.568 233.841 8.952
3 16 -153.854 233.747 9.672 -152.392 232.274 10.049 -153.568 233.841 8.952
3 16 -152.467 232.396 10.816 -152.392 232.274 10.049 -153.854 233.747 9.672
3 16 -153.929 233.869 10.439 -152.467 232.396 10.816 -153.854 233.747 9.672
3 16 -152.326 232.719 11.512 -152.467 232.396 10.816 -153.929 233.869 10.439
3 16 -153.782 234.187 11.137 -152.326 232.719 11.512 -153.929 233.869 10.439
3 16 -151.989 233.195 12.031 -152.326 232.719 11.512 -153.782 234.187 11.137
3 16 -153.437 234.654 11.658 -151.989 233.195 12.031 -153.782 234.187 11.137
3 16 -151.508 233.751 12.294 -151.989 233.195 12.031 -153.437 234.654 11.658
3 16 -152.945 235.198 11.924 -151.508 233.751 12.294 -153.437 234.654 11.658
3 16 -150.957 234.302 12.260 -151.508 233.751 12.294 -152.945 235.198 11.924
3 16 -152.381 235.737 11.893 -150.957 234.302 12.260 -152.945 235.198 11.924
3 16 -150.419 234.765 11.936 -150.957 234.302 12.260 -152.381 235.737 11.893
3 16 -151.832 236.188 11.572 -150.419 234.765 11.936 -152.381 235.737 11.893
3 16 -149.976 235.068 11.370 -150.419 234.765 11.936 -151.832 236.188 11.572
3 16 -151.380 236.483 11.008 -149.976 235.068 11.370 -151.832 236.188 11.572
3 16 -149.695 235.167 10.648 -149.976 235.068 11.370 -151.380 236.483 11.008
3 16 -151.095 236.577 10.288 -149.695 235.167 10.648 -151.380 236.483 11.008
3 16 -149.620 235.045 9.881 -149.695 235.167 10.648 -151.095 236.577 10.288
3 16 -151.019 236.455 9.521 -149.620 235.045 9.881 -151.095 236.577 10.288
3 16 -149.762 234.722 9.185 -149.620 235.045 9.881 -151.019 236.455 9.521
3 16 -151.166 236.137 8.824 -149.762 234.722 9.185 -151.019 236.455 9.521
3 16 -148.653 232.855 9.029 -148.325 233.339 9.545 -149.762 234.722 9.185
3 16 -150.099 234.246 8.666 -148.653 232.855 9.029 -149.762 234.722 9.185
3 16 -149.122 232.288 8.769 -148.653 232.855 9.029 -150.099 234.246 8.666
3 16 -150.579 233.690 8.404 -149.122 232.288 8.769 -150.099 234.246 8.666
3 16 -149.660 231.724 8.806 -149.122 232.288 8.769 -150.579 233.690 8.404
3 16 -151.131 233.139 8.437 -149.660 231.724 8.806 -150.579 233.690 8.404
3 16 -150.187 231.250 9.133 -149.660 231.724 8.806 -151.131 233.139 8.437
3 16 -151.669 232.676 8.761 -150.187 231.250 9.133 -151.131 233.139 8.437
3 16 -150.621 230.938 9.701 -150.187 231.250 9.133 -151.669 232.676 8.761
3 16 -152.112 232.373 9.328 -150.621 230.938 9.701 -151.669 232.676 8.761
3 16 -150.896 230.835 10.424 -150.621 230.938 9.701 -152.112 232.373 9.328
3 16 -152.392 232.274 10.049 -150.896 230.835 10.424 -152.112 232.373 9.328
3 16 -150.971 230.956 11.191 -150.896 230.835 10.424 -152.392 232.274 10.049
3 16 -152.467 232.396 10.816 -150.971 230.956 11.191 -152.392 232.274 10.049
3 16 -150.834 231.284 11.886 -150.971 230.956 11.191 -152.467 232.396 10.816
3 16 -152.326 232.719 11.512 -150.834 231.284 11.886 -152.467 232.396 10.816
3 16 -150.507 231.769 12.403 -150.834 231.284 11.886 -152.326 232.719 11.512
3 16 -151.989 233.195 12.031 -150.507 231.769 12.403 -152.326 232.719 11.512
3 16 -150.038 232.336 12.662 -150.507 231.769 12.403 -151.989 233.195 12.031
3 16 -151.508 233.751 12.294 -150.038 232.336 12.662 -151.989 233.195 12.031
3 16 -149.499 232.900 12.626 -150.038 232.336 12.662 -151.508 233.751 12.294
3 16 -150.957 234.302 12.260 -149.499 232.900 12.626 -151.508 233.751 12.294
3 16 -148.973 233.373 12.298 -149.499 232.900 12.626 -150.957 234.302 12.260
3 16 -150.419 234.765 11.936 -148.973 233.373 12.298 -150.957 234.302 12.260
3 16 -148.539 233.686 11.730 -148.973 233.373 12.298 -150.419 234.765 11.936
3 16 -149.976 235.068 11.370 -148.539 233.686 11.730 -150.419 234.765 11.936
3 16 -148.263 233.789 11.007 -148.539 233.686 11.730 -149.976 235.068 11.370
3 16 -149.695 235.167 10.648 -148.263 233.789 11.007 -149.976 235.068 11.370
3 16 -148.188 233.667 10.240 -148.263 233.789 11.007 -149.695 235.167 10.648
3 16 -149.620 235.045 9.881 -148.188 233.667 10.240 -149.695 235.167 10.648
3 16 -148.325 233.339 9.545 -148.188 233.667 10.240 -149.620 235.045 9.881
3 16 -149.762 234.722 9.185 -148.325 233.339 9.545 -149.620 235.045 9.881
3 16 -147.176 231.498 9.388 -146.857 231.991 9.902 -148.325 233.339 9.545
3 16 -148.653 232.855 9.029 -147.176 231.498 9.388 -148.325 233.339 9.545
3 16 -147.632 230.920 9.131 -147.176 231.498 9.388 -148.653 232.855 9.029
3 16 -149.122 232.288 8.769 -147.632 230.920 9.131 -148.653 232.855 9.029
3 16 -148.158 230.345 9.171 -147.632 230.920 9.131 -149.122 232.288 8.769
3 16 -149.660 231.724 8.806 -148.158 230.345 9.171 -149.122 232.288 8.769
3 16 -148.672 229.859 9.502 -148.158 230.345 9.171 -149.660 231.724 8.806
3 16 -150.187 231.250 9.133 -148.672 229.859 9.502 -149.660 231.724 8.806
3 16 -149.096 229.538 10.072 -148.672 229.859 9.502 -150.187 231.250 9.133
3 16 -150.621 230.938 9.701 -149.096 229.538 10.072 -150.187 231.250 9.133
3 16 -149.366 229.430 10.797 -149.096 229.538 10.072 -150.621 230.938 9.701
3 16 -150.896 230.835 10.424 -149.366 229.430 10.797 -150.621 230.938 9.701
3 16 -149.441 229.552 11.564 -149.366 229.430 10.797 -150.896 230.835 10.424
3 16 -150.971 230.956 11.191 -149.441 229.552 11.564 -150.896 230.835 10.424
3 16 -149.309 229.884 12.257 -149.441 229.552 11.564 -150.971 230.956 11.191
3 16 -150.834 231.284 11.886 -149.309 229.884 12.257 -150.971 230.956 11.191
3 16 -148.990 230.377 12.771 -149.309 229.884 12.257 -150.834 231.284 11.886
3 16 -150.507 231.769 12.403 -148.990 230.377 12.771 -150.834 231.284 11.886
3 16 -148.533 230.956 13.028 -148.990 230.377 12.771 -150.507 231.769 12.403
3 16 -150.038 232.336 12.662 -148.533 230.956 13.028 -150.507 231.769 12.403
3 16 -148.008 231.531 12.988 -148.533 230.956 13.028 -150.038 232.336 12.662
3 16 -149.499 232.900 12.626 -148.008 231.531 12.988 -150.038 232.336 12.662
3 16 -147.494 232.016 12.658 -148.008 231.531 12.988 -149.499 232.900 12.626
3 16 -148.973 233.373 12.298 -147.494 232.016 12.658 -149.499 232.900 12.626
3 16 -147.070 232.337 12.087 -147.494 232.016 12.658 -148.973 233.373 12.298
3 16 -148.539 233.686 11.730 -147.070 232.337 12.087 -148.973 233.373 12.298
3 16 -146.800 232.445 11.363 -147.070 232.337 12.087 -148.539 233.686 11.730
3 16 -148.263 233.789 11.007 -146.800 232.445 11.363 -148.539 233.686 11.730
3 16 -146.725 232.324 10.595 -146.800 232.445 11.363 -148.263 233.789 11.007
3 16 -148.188 233.667 10.240 -146.725 232.324 10.595 -148.263 233.789 11.007
3 16 -146.857 231.991 9.902 -146.725 232.324 10.595 -148.188 233.667 10.240
3 16 -148.325 233.339 9.545 -146.857 231.991 9.902 -148.188 233.667 10.240
3 16 -145.666 230.176 9.744 -145.356 230.678 10.256 -146.857 231.991 9.902
3 16 -147.176 231.498 9.388 -145.666 230.176 9.744 -146.857 231.991 9.902
3 16 -146.110 229.587 9.490 -145.666 230.176 9.744 -147.176 231.498 9.388
3 16 -147.632 230.920 9.131 -146.110 229.587 9.490 -147.176 231.498 9.388
3 16 -146.622 229.000 9.533 -146.110 229.587 9.490 -147.632 230.920 9.131
3 16 -148.158 230.345 9.171 -146.622 229.000 9.533 -147.632 230.920 9.131
3 16 -147.124 228.504 9.867 -146.622 229.000 9.533 -148.158 230.345 9.171
3 16 -148.672 229.859 9.502 -147.124 228.504 9.867 -148.158 230.345 9.171
3 16 -147.539 228.175 10.440 -147.124 228.504 9.867 -148.672 229.859 9.502
3 16 -149.096 229.538 10.072 -147.539 228.175 10.440 -148.672 229.859 9.502
3 16 -147.804 228.062 11.165 -147.539 228.175 10.440 -149.096 229.538 10.072
3 16 -149.366 229.430 10.797 -147.804 228.062 11.165 -149.096 229.538 10.072
3 16 -147.878 228.184 11.933 -147.804 228.062 11.165 -149.366 229.430 10.797
3 16 -149.441 229.552 11.564 -147.878 228.184 11.933 -149.366 229.430 10.797
3 16 -147.751 228.521 12.625 -147.878 228.184 11.933 -149.441 229.552 11.564
3 16 -149.309 229.884 12.257 -147.751 228.521 12.625 -149.441 229.552 11.564
3 16 -147.442 229.022 13.137 -147.751 228.521 12.625 -149.309 229.884 12.257
3 16 -148.990 230.377 12.771 -147.442 229.022 13.137 -149.309 229.884 12.257
3 16 -146.997 229.611 13.391 -147.442 229.022 13.137 -148.990 230.377 12.771
3 16 -148.533 230.956 13.028 -146.997 229.611 13.391 -148.990 230.377 12.771
3 16 -146.485 230.198 13.347 -146.997 229.611 13.391 -148.533 230.956 13.028
3 16 -148.008 231.531 12.988 -146.485 230.198 13.347 -148.533 230.956 13.028
3 16 -145.983 230.694 13.014 -146.485 230.198 13.347 -148.008 231.531 12.988
3 16 -147.494 232.016 12.658 -145.983 230.694 13.014 -148.008 231.531 12.988
3 16 -145.569 231.024 12.441 -145.983 230.694 13.014 -147.494 232.016 12.658
3 16 -147.070 232.337 12.087 -145.569 231.024 12.441 -147.494 232.016 12.658
3 16 -145.304 231.136 11.715 -145.569 231.024 12.441 -147.070 232.337 12.087
3 16 -146.800 232.445 11.363 -145.304 231.136 11.715 -147.070 232.337 12.087
3 16 -145.229 231.015 10.948 -145.304 231.136 11.715 -146.800 232.445 11.363
3 16 -146.725 232.324 10.595 -145.229 231.015 10.948 -146.800 232.445 11.363
3 16 -145.356 230.678 10.256 -145.229 231.015 10.948 -146.725 232.324 10.595
3 16 -146.857 231.991 9.902 -145.356 230.678 10.256 -146.725 232.324 10.595
3 16 -144.125 228.891 10.096 -143.825 229.400 10.606 -145.356 230.678 10.256
3 16 -145.666 230.176 9.744 -144.125 228.891 10.096 -145.356 230.678 10.256
3 16 -144.557 228.291 9.846 -144.125 228.891 10.096 -145.666 230.176 9.744
3 16 -146.110 229.587 9.490 -144.557 228.291 9.846 -145.666 230.176 9.744
3 16 -145.056 227.692 9.892 -144.557 228.291 9.846 -146.110 229.587 9.490
3 16 -146.622 229.000 9.533 -145.056 227.692 9.892 -146.110 229.587 9.490
3 16 -145.544 227.185 10.229 -145.056 227.692 9.892 -146.622 229.000 9.533
3 16 -147.124 228.504 9.867 -145.544 227.185 10.229 -146.622 229.000 9.533
3 16 -145.949 226.848 10.804 -145.544 227.185 10.229 -147.124 228.504 9.867
3 16 -147.539 228.175 10.440 -145.949 226.848 10.804 -147.124 228.504 9.867
3 16 -146.208 226.730 11.531 -145.949 226.848 10.804 -147.539 228.175 10.440
3 16 -147.804 228.062 11.165 -146.208 226.730 11.531 -147.539 228.175 10.440
3 16 -146.282 226.852 12.298 -146.208 226.730 11.531 -147.804 228.062 11.165
3 16 -147.878 228.184 11.933 -146.282 226.852 12.298 -147.804 228.062 11.165
3 16 -146.160 227.193 12.989 -146.282 226.852 12.298 -147.878 228.184 11.933
3 16 -147.751 228.521 12.625 -146.160 227.193 12.989 -147.878 228.184 11.933
3 16 -145.860 227.702 13.499 -146.160 227.193 12.989 -147.751 228.521 12.625
3 16 -147.442 229.022 13.137 -145.860 227.702 13.499 -147.751 228.521 12.625
3 16 -145.428 228.302 13.750 -145.860 227.702 13.499 -147.442 229.022 13.137
3 16 -146.997 229.611 13.391 -145.428 228.302 13.750 -147.442 229.022 13.137
3 16 -144.929 228.900 13.703 -145.428 228.302 13.750 -146.997 229.611 13.391
3 16 -146.485 230.198 13.347 -144.929 228.900 13.703 -146.997 229.611 13.391
3 16 -144.441 229.407 13.367 -144.929 228.900 13.703 -146.485 230.198 13.347
3 16 -145.983 230.694 13.014 -144.441 229.407 13.367 -146.485 230.198 13.347
3 16 -144.036 229.745 12.791 -144.441 229.407 13.367 -145.983 230.694 13.014
3 16 -145.569 231.024 12.441 -144.036 229.745 12.791 -145.983 230.694 13.014
3 16 -143.777 229.862 12.064 -144.036 229.745 12.791 -145.569 231.024 12.441
3 16 -145.304 231.136 11.715 -143.777 229.862 12.064 -145.569 231.024 12.441
3 16 -143.703 229.741 11.297 -143.777 229.862 12.064 -145.304 231.136 11.715
3 16 -145.229 231.015 10.948 -143.703 229.741 11.297 -145.304 231.136 11.715
3 16 -143.825 229.400 10.606 -143.703 229.741 11.297 -145.229 231.015 10.948
3 16 -145.356 230.678 10.256 -143.825 229.400 10.606 -145.229 231.015 10.948
3 16 -142.555 227.642 10.444 -142.265 228.159 10.951 -143.825 229.400 10.606
3 16 -144.125 228.891 10.096 -142.555 227.642 10.444 -143.825 229.400 10.606
3 16 -142.974 227.032 10.196 -142.555 227.642 10.444 -144.125 228.891 10.096
3 16 -144.557 228.291 9.846 -142.974 227.032 10.196 -144.125 228.891 10.096
3 16 -143.458 226.422 10.246 -142.974 227.032 10.196 -144.557 228.291 9.846
3 16 -145.056 227.692 9.892 -143.458 226.422 10.246 -144.557 228.291 9.846
3 16 -143.933 225.905 10.585 -143.458 226.422 10.246 -145.056 227.692 9.892
3 16 -145.544 227.185 10.229 -143.933 225.905 10.585 -145.056 227.692 9.892
3 16 -144.328 225.559 11.163 -143.933 225.905 10.585 -145.544 227.185 10.229
3 16 -145.949 226.848 10.804 -144.328 225.559 11.163 -145.544 227.185 10.229
3 16 -144.581 225.437 11.891 -144.328 225.559 11.163 -145.949 226.848 10.804
3 16 -146.208 226.730 11.531 -144.581 225.437 11.891 -145.949 226.848 10.804
3 16 -144.654 225.558 12.659 -144.581 225.437 11.891 -146.208 226.730 11.531
3 16 -146.282 226.852 12.298 -144.654 225.558 12.659 -146.208 226.730 11.531
3 16 -144.537 225.903 13.349 -144.654 225.558 12.659 -146.282 226.852 12.298
3 16 -146.160 227.193 12.989 -144.537 225.903 13.349 -146.282 226.852 12.298
3 16 -144.247 226.420 13.856 -144.537 225.903 13.349 -146.160 227.193 12.989
3 16 -145.860 227.702 13.499 -144.247 226.420 13.856 -146.160 227.193 12.989
3 16 -143.827 227.030 14.104 -144.247 226.420 13.856 -145.860 227.702 13.499
3 16 -145.428 228.302 13.750 -143.827 227.030 14.104 -145.860 227.702 13.499
3 16 -143.343 227.640 14.054 -143.827 227.030 14.104 -145.428 228.302 13.750
3 16 -144.929 228.900 13.703 -143.343 227.640 14.054 -145.428 228.302 13.750
3 16 -142.868 228.157 13.715 -143.343 227.640 14.054 -144.929 228.900 13.703
3 16 -144.441 229.407 13.367 -142.868 228.157 13.715 -144.929 228.900 13.703
3 16 -142.474 228.503 13.137 -142.868 228.157 13.715 -144.441 229.407 13.367
3 16 -144.036 229.745 12.791 -142.474 228.503 13.137 -144.441 229.407 13.367
3 16 -142.221 228.625 12.409 -142.474 228.503 13.137 -144.036 229.745 12.791
3 16 -143.777 229.862 12.064 -142.221 228.625 12.409 -144.036 229.745 12.791
3 16 -142.147 228.504 11.641 -142.221 228.625 12.409 -143.777 229.862 12.064
3 16 -143.703 229.741 11.297 -142.147 228.504 11.641 -143.777 229.862 12.064
3 16 -142.265 228.159 10.951 -142.147 228.504 11.641 -143.703 229.741 11.297
3 16 -143.825 229.400 10.606 -142.265 228.159 10.951 -143.703 229.741 11.297
3 16 -140.954 226.430 10.787 -140.674 226.954 11.292 -142.265 228.159 10.951
3 16 -142.555 227.642 10.444 -140.954 226.430 10.787 -142.265 228.159 10.951
3 16 -141.360 225.810 10.542 -140.954 226.430 10.787 -142.555 227.642 10.444
3 16 -142.974 227.032 10.196 -141.360 225.810 10.542 -142.555 227.642 10.444
3 16 -141.830 225.189 10.595 -141.360 225.810 10.542 -142.974 227.032 10.196
3 16 -143.458 226.422 10.246 -141.830 225.189 10.595 -142.974 227.032 10.196
3 16 -142.292 224.662 10.938 -141.830 225.189 10.595 -143.458 226.422 10.246
3 16 -143.933 225.905 10.585 -142.292 224.662 10.938 -143.458 226.422 10.246
3 16 -142.675 224.308 11.518 -142.292 224.662 10.938 -143.933 225.905 10.585
3 16 -144.328 225.559 11.163 -142.675 224.308 11.518 -143.933 225.905 10.585
3 16 -142.922 224.182 12.247 -142.675 224.308 11.518 -144.328 225.559 11.163
3 16 -144.581 225.437 11.891 -142.922 224.182 12.247 -144.328 225.559 11.163
3 16 -142.995 224.302 13.015 -142.922 224.182 12.247 -144.581 225.437 11.891
3 16 -144.654 225.558 12.659 -142.995 224.302 13.015 -144.581 225.437 11.891
3 16 -142.883 224.651 13.704 -142.995 224.302 13.015 -144.654 225.558 12.659
3 16 -144.537 225.903 13.349 -142.883 224.651 13.704 -144.654 225.558 12.659
3 16 -142.602 225.175 14.209 -142.883 224.651 13.704 -144.537 225.903 13.349
3 16 -144.247 226.420 13.856 -142.602 225.175 14.209 -144.537 225.903 13.349
3 16 -142.196 225.795 14.454 -142.602 225.175 14.209 -144.247 226.420 13.856
3 16 -143.827 227.030 14.104 -142.196 225.795 14.454 -144.247 226.420 13.856
3 16 -141.726 226.416 14.401 -142.196 225.795 14.454 -143.827 227.030 14.104
3 16 -143.343 227.640 14.054 -141.726 226.416 14.401 -143.827 227.030 14.104
3 16 -141.265 226.944 14.058 -141.726 226.416 14.401 -143.343 227.640 14.054
3 16 -142.868 228.157 13.715 -141.265 226.944 14.058 -143.343 227.640 14.054
3 16 -140.881 227.298 13.478 -141.265 226.944 14.058 -142.868 228.157 13.715
3 16 -142.474 228.503 13.137 -140.881 227.298 13.478 -142.868 228.157 13.715
3 16 -140.634 227.424 12.749 -140.881 227.298 13.478 -142.474 228.503 13.137
3 16 -142.221 228.625 12.409 -140.634 227.424 12.749 -142.474 228.503 13.137
3 16 -140.561 227.303 11.981 -140.634 227.424 12.749 -142.221 228.625 12.409
3 16 -142.147 228.504 11.641 -140.561 227.303 11.981 -142.221 228.625 12.409
3 16 -140.674 226.954 11.292 -140.561 227.303 11.981 -142.147 228.504 11.641
3 16 -142.265 228.159 10.951 -140.674 226.954 11.292 -142.147 228.504 11.641
3 16 -139.325 225.257 11.124 -139.055 225.789 11.627 -140.674 226.954 11.292
3 16 -140.954 226.430 10.787 -139.325 225.257 11.124 -140.674 226.954 11.292
3 16 -139.718 224.628 10.882 -139.325 225.257 11.124 -140.954 226.430 10.787
3 16 -141.360 225.810 10.542 -139.718 224.628 10.882 -140.954 226.430 10.787
3 16 -140.173 223.996 10.938 -139.718 224.628 10.882 -141.360 225.810 10.542
3 16 -141.830 225.189 10.595 -140.173 223.996 10.938 -141.360 225.810 10.542
3 16 -140.620 223.458 11.284 -140.173 223.996 10.938 -141.830 225.189 10.595
3 16 -142.292 224.662 10.938 -140.620 223.458 11.284 -141.830 225.189 10.595
3 16 -140.993 223.097 11.867 -140.620 223.458 11.284 -142.292 224.662 10.938
3 16 -142.675 224.308 11.518 -140.993 223.097 11.867 -142.292 224.662 10.938
3 16 -141.233 222.966 12.597 -140.993 223.097 11.867 -142.675 224.308 11.518
3 16 -142.922 224.182 12.247 -141.233 222.966 12.597 -142.675 224.308 11.518
3 16 -141.305 223.086 13.365 -141.233 222.966 12.597 -142.922 224.182 12.247
3 16 -142.995 224.302 13.015 -141.305 223.086 13.365 -142.922 224.182 12.247
3 16 -141.198 223.438 14.053 -141.305 223.086 13.365 -142.995 224.302 13.015
3 16 -142.883 224.651 13.704 -141.198 223.438 14.053 -142.995 224.302 13.015
3 16 -140.927 223.970 14.556 -141.198 223.438 14.053 -142.883 224.651 13.704
3 16 -142.602 225.175 14.209 -140.927 223.970 14.556 -142.883 224.651 13.704
3 16 -140.534 224.599 14.798 -140.927 223.970 14.556 -142.602 225.175 14.209
3 16 -142.196 225.795 14.454 -140.534 224.599 14.798 -142.602 225.175 14.209
3 16 -140.080 225.231 14.742 -140.534 224.599 14.798 -142.196 225.795 14.454
3 16 -141.726 226.416 14.401 -140.080 225.231 14.742 -142.196 225.795 14.454
3 16 -139.632 225.769 14.396 -140.080 225.231 14.742 -141.726 226.416 14.401
3 16 -141.265 226.944 14.058 -139.632 225.769 14.396 -141.726 226.416 14.401
3 16 -139.260 226.131 13.814 -139.632 225.769 14.396 -141.265 226.944 14.058
3 16 -140.881 227.298 13.478 -139.260 226.131 13.814 -141.265 226.944 14.058
3 16 -139.019 226.261 13.083 -139.260 226.131 13.814 -140.881 227.298 13.478
3 16 -140.634 227.424 12.749 -139.019 226.261 13.083 -140.881 227.298 13.478
3 16 -138.947 226.141 12.315 -139.019 226.261 13.083 -140.634 227.424 12.749
3 16 -140.561 227.303 11.981 -138.947 226.141 12.315 -140.634 227.424 12.749
3 16 -139.055 225.789 11.627 -138.947 226.141 12.315 -140.561 227.303 11.981
3 16 -140.674 226.954 11.292 -139.055 225.789 11.627 -140.561 227.303 11.981
3 16 -137.667 224.123 11.456 -137.407 224.661 11.957 -139.055 225.789 11.627
3 16 -139.325 225.257 11.124 -137.667 224.123 11.456 -139.055 225.789 11.627
3 16 -138.046 223.484 11.217 -137.667 224.123 11.456 -139.325 225.257 11.124
3 16 -139.718 224.628 10.882 -138.046 223.484 11.217 -139.325 225.257 11.124
3 16 -138.486 222.842 11.276 -138.046 223.484 11.217 -139.718 224.628 10.882
3 16 -140.173 223.996 10.938 -138.486 222.842 11.276 -139.718 224.628 10.882
3 16 -138.920 222.295 11.624 -138.486 222.842 11.276 -140.173 223.996 10.938
3 16 -140.620 223.458 11.284 -138.920 222.295 11.624 -140.173 223.996 10.938
3 16 -139.281 221.925 12.209 -138.920 222.295 11.624 -140.620 223.458 11.284
3 16 -140.993 223.097 11.867 -139.281 221.925 12.209 -140.620 223.458 11.284
3 16 -139.515 221.790 12.941 -139.281 221.925 12.209 -140.993 223.097 11.867
3 16 -141.233 222.966 12.597 -139.515 221.790 12.941 -140.993 223.097 11.867
3 16 -139.586 221.910 13.709 -139.515 221.790 12.941 -141.233 222.966 12.597
3 16 -141.305 223.086 13.365 -139.586 221.910 13.709 -141.233 222.966 12.597
3 16 -139.483 222.266 14.396 -139.586 221.910 13.709 -141.305 223.086 13.365
3 16 -141.198 223.438 14.053 -139.483 222.266 14.396 -141.305 223.086 13.365
3 16 -139.223 222.804 14.897 -139.483 222.266 14.396 -141.198 223.438 14.053
3 16 -140.927 223.970 14.556 -139.223 222.804 14.897 -141.198 223.438 14.053
3 16 -138.844 223.443 15.136 -139.223 222.804 14.897 -140.927 223.970 14.556
3 16 -140.534 224.599 14.798 -138.844 223.443 15.136 -140.927 223.970 14.556
3 16 -138.404 224.085 15.077 -138.844 223.443 15.136 -140.534 224.599 14.798
3 16 -140.080 225.231 14.742 -138.404 224.085 15.077 -140.534 224.599 14.798
3 16 -137.971 224.632 14.728 -138.404 224.085 15.077 -140.080 225.231 14.742
3 16 -139.632 225.769 14.396 -137.971 224.632 14.728 -140.080 225.231 14.742
3 16 -137.610 225.002 14.143 -137.971 224.632 14.728 -139.632 225.769 14.396
3 16 -139.260 226.131 13.814 -137.610 225.002 14.143 -139.632 225.769 14.396
3 16 -137.376 225.137 13.411 -137.610 225.002 14.143 -139.260 226.131 13.814
3 16 -139.019 226.261 13.083 -137.376 225.137 13.411 -139.260 226.131 13.814
3 16 -137.304 225.017 12.643 -137.376 225.137 13.411 -139.019 226.261 13.083
3 16 -138.947 226.141 12.315 -137.304 225.017 12.643 -139.019 226.261 13.083
3 16 -137.407 224.661 11.957 -137.304 225.017 12.643 -138.947 226.141 12.315
3 16 -139.055 225.789 11.627 -137.407 224.661 11.957 -138.947 226.141 12.315
3 16 -135.983 223.028 11.781 -135.732 223.574 12.280 -137.407 224.661 11.957
3 16 -137.667 224.123 11.456 -135.983 223.028 11.781 -137.407 224.661 11.957
3 16 -136.348 222.380 11.544 -135.983 223.028 11.781 -137.667 224.123 11.456
3 16 -138.046 223.484 11.217 -136.348 222.380 11.544 -137.667 224.123 11.456
3 16 -136.772 221.728 11.607 -136.348 222.380 11.544 -138.046 223.484 11.217
3 16 -138.486 222.842 11.276 -136.772 221.728 11.607 -138.046 223.484 11.217
3 16 -137.191 221.171 11.958 -136.772 221.728 11.607 -138.486 222.842 11.276
3 16 -138.920 222.295 11.624 -137.191 221.171 11.958 -138.486 222.842 11.276
3 16 -137.540 220.794 12.545 -137.191 221.171 11.958 -138.920 222.295 11.624
3 16 -139.281 221.925 12.209 -137.540 220.794 12.545 -138.920 222.295 11.624
3 16 -137.767 220.655 13.279 -137.540 220.794 12.545 -139.281 221.925 12.209
3 16 -139.515 221.790 12.941 -137.767 220.655 13.279 -139.281 221.925 12.209
3 16 -137.837 220.774 14.047 -137.767 220.655 13.279 -139.515 221.790 12.941
3 16 -139.586 221.910 13.709 -137.837 220.774 14.047 -139.515 221.790 12.941
3 16 -137.740 221.133 14.732 -137.837 220.774 14.047 -139.586 221.910 13.709
3 16 -139.483 222.266 14.396 -137.740 221.133 14.732 -139.586 221.910 13.709
3 16 -137.489 221.679 15.231 -137.740 221.133 14.732 -139.483 222.266 14.396
3 16 -139.223 222.804 14.897 -137.489 221.679 15.231 -139.483 222.266 14.396
3 16 -137.124 222.327 15.468 -137.489 221.679 15.231 -139.223 222.804 14.897
3 16 -138.844 223.443 15.136 -137.124 222.327 15.468 -139.223 222.804 14.897
3 16 -136.700 222.979 15.405 -137.124 222.327 15.468 -138.844 223.443 15.136
3 16 -138.404 224.085 15.077 -136.700 222.979 15.405 -138.844 223.443 15.136
3 16 -136.281 223.535 15.054 -136.700 222.979 15.405 -138.404 224.085 15.077
3 16 -137.971 224.632 14.728 -136.281 223.535 15.054 -138.404 224.085 15.077
3 16 -135.932 223.912 14.467 -136.281 223.535 15.054 -137.971 224.632 14.728
3 16 -137.610 225.002 14.143 -135.932 223.912 14.467 -137.971 224.632 14.728
3 16 -135.705 224.052 13.733 -135.932 223.912 14.467 -137.610 225.002 14.143
3 16 -137.376 225.137 13.411 -135.705 224.052 13.733 -137.610 225.002 14.143
3 16 -135.635 223.933 12.965 -135.705 224.052 13.733 -137.376 225.137 13.411
3 16 -137.304 225.017 12.643 -135.635 223.933 12.965 -137.376 225.137 13.411
3 16 -135.732 223.574 12.280 -135.635 223.933 12.965 -137.304 225.017 12.643
3 16 -137.407 224.661 11.957 -135.732 223.574 12.280 -137.304 225.017 12.643
3 16 -134.272 221.975 12.098 -134.032 222.526 12.595 -135.732 223.574 12.280
3 16 -135.983 223.028 11.781 -134.272 221.975 12.098 -135.732 223.574 12.280
3 16 -134.622 221.318 11.864 -134.272 221.975 12.098 -135.983 223.028 11.781
3 16 -136.348 222.380 11.544 -134.622 221.318 11.864 -135.983 223.028 11.781
3 16 -135.031 220.656 11.930 -134.622 221.318 11.864 -136.348 222.380 11.544
3 16 -136.772 221.728 11.607 -135.031 220.656 11.930 -136.348 222.380 11.544
3 16 -135.435 220.090 12.284 -135.031 220.656 11.930 -136.772 221.728 11.607
3 16 -137.191 221.171 11.958 -135.435 220.090 12.284 -136.772 221.728 11.607
3 16 -135.772 219.706 12.874 -135.435 220.090 12.284 -137.191 221.171 11.958
3 16 -137.540 220.794 12.545 -135.772 219.706 12.874 -137.191 221.171 11.958
3 16 -135.992 219.562 13.608 -135.772 219.706 12.874 -137.540 220.794 12.545
3 16 -137.767 220.655 13.279 -135.992 219.562 13.608 -137.540 220.794 12.545
3 16 -136.061 219.681 14.377 -135.992 219.562 13.608 -137.767 220.655 13.279
3 16 -137.837 220.774 14.047 -136.061 219.681 14.377 -137.767 220.655 13.279
3 16 -135.969 220.043 15.061 -136.061 219.681 14.377 -137.837 220.774 14.047
3 16 -137.740 221.133 14.732 -135.969 220.043 15.061 -137.837 220.774 14.047
3 16 -135.729 220.595 15.558 -135.969 220.043 15.061 -137.740 221.133 14.732
3 16 -137.489 221.679 15.231 -135.729 220.595 15.558 -137.740 221.133 14.732
3 16 -135.378 221.252 15.792 -135.729 220.595 15.558 -137.489 221.679 15.231
3 16 -137.124 222.327 15.468 -135.378 221.252 15.792 -137.489 221.679 15.231
3 16 -134.969 221.913 15.727 -135.378 221.252 15.792 -137.124 222.327 15.468
3 16 -136.700 222.979 15.405 -134.969 221.913 15.727 -137.124 222.327 15.468
3 16 -134.566 222.479 15.372 -134.969 221.913 15.727 -136.700 222.979 15.405
3 16 -136.281 223.535 15.054 -134.566 222.479 15.372 -136.700 222.979 15.405
3 16 -134.228 222.864 14.783 -134.566 222.479 15.372 -136.281 223.535 15.054
3 16 -135.932 223.912 14.467 -134.228 222.864 14.783 -136.281 223.535 15.054
3 16 -134.008 223.007 14.048 -134.228 222.864 14.783 -135.932 223.912 14.467
3 16 -135.705 224.052 13.733 -134.008 223.007 14.048 -135.932 223.912 14.467
3 16 -133.939 222.889 13.280 -134.008 223.007 14.048 -135.705 224.052 13.733
3 16 -135.635 223.933 12.965 -133.939 222.889 13.280 -135.705 224.052 13.733
3 16 -134.032 222.526 12.595 -133.939 222.889 13.280 -135.635 223.933 12.965
3 16 -135.732 223.574 12.280 -134.032 222.526 12.595 -135.635 223.933 12.965
3 16 -132.534 220.962 12.408 -132.305 221.520 12.903 -134.032 222.526 12.595
3 16 -134.272 221.975 12.098 -132.534 220.962 12.408 -134.032 222.526 12.595
3 16 -132.871 220.297 12.177 -132.534 220.962 12.408 -134.272 221.975 12.098
3 16 -134.622 221.318 11.864 -132.871 220.297 12.177 -134.272 221.975 12.098
3 16 -133.263 219.626 12.246 -132.871 220.297 12.177 -134.622 221.318 11.864
3 16 -135.031 220.656 11.930 -133.263 219.626 12.246 -134.622 221.318 11.864
3 16 -133.651 219.051 12.603 -133.263 219.626 12.246 -135.031 220.656 11.930
3 16 -135.435 220.090 12.284 -133.651 219.051 12.603 -135.031 220.656 11.930
3 16 -133.977 218.659 13.195 -133.651 219.051 12.603 -135.435 220.090 12.284
3 16 -135.772 219.706 12.874 -133.977 218.659 13.195 -135.435 220.090 12.284
3 16 -134.189 218.511 13.931 -133.977 218.659 13.195 -135.772 219.706 12.874
3 16 -135.992 219.562 13.608 -134.189 218.511 13.931 -135.772 219.706 12.874
3 16 -134.257 218.629 14.699 -134.189 218.511 13.931 -135.992 219.562 13.608
3 16 -136.061 219.681 14.377 -134.257 218.629 14.699 -135.992 219.562 13.608
3 16 -134.170 218.995 15.383 -134.257 218.629 14.699 -136.061 219.681 14.377
3 16 -135.969 220.043 15.061 -134.170 218.995 15.383 -136.061 219.681 14.377
3 16 -133.940 219.553 15.878 -134.170 218.995 15.383 -135.969 220.043 15.061
3 16 -135.729 220.595 15.558 -133.940 219.553 15.878 -135.969 220.043 15.061
3 16 -133.604 220.218 16.109 -133.940 219.553 15.878 -135.729 220.595 15.558
3 16 -135.378 221.252 15.792 -133.604 220.218 16.109 -135.729 220.595 15.558
3 16 -133.211 220.889 16.041 -133.604 220.218 16.109 -135.378 221.252 15.792
3 16 -134.969 221.913 15.727 -133.211 220.889 16.041 -135.378 221.252 15.792
3 16 -132.823 221.464 15.683 -133.211 220.889 16.041 -134.969 221.913 15.727
3 16 -134.566 222.479 15.372 -132.823 221.464 15.683 -134.969 221.913 15.727
3 16 -132.498 221.855 15.092 -132.823 221.464 15.683 -134.566 222.479 15.372
3 16 -134.228 222.864 14.783 -132.498 221.855 15.092 -134.566 222.479 15.372
3 16 -132.285 222.003 14.356 -132.498 221.855 15.092 -134.228 222.864 14.783
3 16 -134.008 223.007 14.048 -132.285 222.003 14.356 -134.228 222.864 14.783
3 16 -132.217 221.885 13.587 -132.285 222.003 14.356 -134.008 223.007 14.048
3 16 -133.939 222.889 13.280 -132.217 221.885 13.587 -134.008 223.007 14.048
3 16 -132.305 221.520 12.903 -132.217 221.885 13.587 -133.939 222.889 13.280
3 16 -134.032 222.526 12.595 -132.305 221.520 12.903 -133.939 222.889 13.280
3 16 -130.773 219.991 12.710 -130.554 220.555 13.203 -132.305 221.520 12.903
3 16 -132.534 220.962 12.408 -130.773 219.991 12.710 -132.305 221.520 12.903
3 16 -131.095 219.318 12.482 -130.773 219.991 12.710 -132.534 220.962 12.408
3 16 -132.871 220.297 12.177 -131.095 219.318 12.482 -132.534 220.962 12.408
3 16 -131.471 218.638 12.553 -131.095 219.318 12.482 -132.871 220.297 12.177
3 16 -133.263 219.626 12.246 -131.471 218.638 12.553 -132.871 220.297 12.177
3 16 -131.844 218.055 12.913 -131.471 218.638 12.553 -133.263 219.626 12.246
3 16 -133.651 219.051 12.603 -131.844 218.055 12.913 -133.263 219.626 12.246
3 16 -132.156 217.657 13.507 -131.844 218.055 12.913 -133.651 219.051 12.603
3 16 -133.977 218.659 13.195 -132.156 217.657 13.507 -133.651 219.051 12.603
3 16 -132.361 217.504 14.244 -132.156 217.657 13.507 -133.977 218.659 13.195
3 16 -134.189 218.511 13.931 -132.361 217.504 14.244 -133.977 218.659 13.195
3 16 -132.428 217.622 15.013 -132.361 217.504 14.244 -134.189 218.511 13.931
3 16 -134.257 218.629 14.699 -132.428 217.622 15.013 -134.189 218.511 13.931
3 16 -132.345 217.990 15.696 -132.428 217.622 15.013 -134.257 218.629 14.699
3 16 -134.170 218.995 15.383 -132.345 217.990 15.696 -134.257 218.629 14.699
3 16 -132.126 218.554 16.189 -132.345 217.990 15.696 -134.170 218.995 15.383
3 16 -133.940 219.553 15.878 -132.126 218.554 16.189 -134.170 218.995 15.383
3 16 -131.804 219.227 16.417 -132.126 218.554 16.189 -133.940 219.553 15.878
3 16 -133.604 220.218 16.109 -131.804 219.227 16.417 -133.940 219.553 15.878
3 16 -131.428 219.907 16.346 -131.804 219.227 16.417 -133.604 220.218 16.109
3 16 -133.211 220.889 16.041 -131.428 219.907 16.346 -133.604 220.218 16.109
3 16 -131.056 220.491 15.986 -131.428 219.907 16.346 -133.211 220.889 16.041
3 16 -132.823 221.464 15.683 -131.056 220.491 15.986 -133.211 220.889 16.041
3 16 -130.743 220.889 15.392 -131.056 220.491 15.986 -132.823 221.464 15.683
3 16 -132.498 221.855 15.092 -130.743 220.889 15.392 -132.823 221.464 15.683
3 16 -130.538 221.041 14.655 -130.743 220.889 15.392 -132.498 221.855 15.092
3 16 -132.285 222.003 14.356 -130.538 221.041 14.655 -132.498 221.855 15.092
3 16 -130.471 220.924 13.886 -130.538 221.041 14.655 -132.285 222.003 14.356
3 16 -132.217 221.885 13.587 -130.471 220.924 13.886 -132.285 222.003 14.356
3 16 -130.554 220.555 13.203 -130.471 220.924 13.886 -132.217 221.885 13.587
3 16 -132.305 221.520 12.903 -130.554 220.555 13.203 -132.217 221.885 13.587
3 16 -128.987 219.063 13.003 -128.779 219.632 13.495 -130.554 220.555 13.203
3 16 -130.773 219.991 12.710 -128.987 219.063 13.003 -130.554 220.555 13.203
3 16 -129.294 218.382 12.778 -128.987 219.063 13.003 -130.773 219.991 12.710
3 16 -131.095 219.318 12.482 -129.294 218.382 12.778 -130.773 219.991 12.710
3 16 -129.653 217.693 12.852 -129.294 218.382 12.778 -131.095 219.318 12.482
3 16 -131.471 218.638 12.553 -129.653 217.693 12.852 -131.095 219.318 12.482
3 16 -130.010 217.102 13.214 -129.653 217.693 12.852 -131.471 218.638 12.553
3 16 -131.844 218.055 12.913 -130.010 217.102 13.214 -131.471 218.638 12.553
3 16 -130.310 216.697 13.810 -130.010 217.102 13.214 -131.844 218.055 12.913
3 16 -132.156 217.657 13.507 -130.310 216.697 13.810 -131.844 218.055 12.913
3 16 -130.508 216.541 14.549 -130.310 216.697 13.810 -132.156 217.657 13.507
3 16 -132.361 217.504 14.244 -130.508 216.541 14.549 -132.156 217.657 13.507
3 16 -130.573 216.658 15.318 -130.508 216.541 14.549 -132.361 217.504 14.244
3 16 -132.428 217.622 15.013 -130.573 216.658 15.318 -132.361 217.504 14.244
3 16 -130.495 217.029 16.000 -130.573 216.658 15.318 -132.428 217.622 15.013
3 16 -132.345 217.990 15.696 -130.495 217.029 16.000 -132.428 217.622 15.013
3 16 -130.287 217.598 16.491 -130.495 217.029 16.000 -132.345 217.990 15.696
3 16 -132.126 218.554 16.189 -130.287 217.598 16.491 -132.345 217.990 15.696
3 16 -129.980 218.279 16.717 -130.287 217.598 16.491 -132.126 218.554 16.189
3 16 -131.804 219.227 16.417 -129.980 218.279 16.717 -132.126 218.554 16.189
3 16 -129.620 218.968 16.643 -129.980 218.279 16.717 -131.804 219.227 16.417
3 16 -131.428 219.907 16.346 -129.620 218.968 16.643 -131.804 219.227 16.417
3 16 -129.264 219.560 16.280 -129.620 218.968 16.643 -131.428 219.907 16.346
3 16 -131.056 220.491 15.986 -129.264 219.560 16.280 -131.428 219.907 16.346
3 16 -128.964 219.964 15.684 -129.264 219.560 16.280 -131.056 220.491 15.986
3 16 -130.743 220.889 15.392 -128.964 219.964 15.684 -131.056 220.491 15.986
3 16 -128.766 220.120 14.946 -128.964 219.964 15.684 -130.743 220.889 15.392
3 16 -130.538 221.041 14.655 -128.766 220.120 14.946 -130.743 220.889 15.392
3 16 -128.701 220.004 14.177 -128.766 220.120 14.946 -130.538 221.041 14.655
3 16 -130.471 220.924 13.886 -128.701 220.004 14.177 -130.538 221.041 14.655
3 16 -128.779 219.632 13.495 -128.701 220.004 14.177 -130.471 220.924 13.886
3 16 -130.554 220.555 13.203 -128.779 219.632 13.495 -130.471 220.924 13.886
3 16 -127.179 218.178 13.288 -126.981 218.753 13.777 -128.779 219.632 13.495
3 16 -128.987 219.063 13.003 -127.179 218.178 13.288 -128.779 219.632 13.495
3 16 -127.471 217.490 13.064 -127.179 218.178 13.288 -128.987 219.063 13.003
3 16 -129.294 218.382 12.778 -127.471 217.490 13.064 -128.987 219.063 13.003
3 16 -127.813 216.793 13.141 -127.471 217.490 13.064 -129.294 218.382 12.778
3 16 -129.653 217.693 12.852 -127.813 216.793 13.141 -129.294 218.382 12.778
3 16 -128.154 216.193 13.506 -127.813 216.793 13.141 -129.653 217.693 12.852
3 16 -130.010 217.102 13.214 -128.154 216.193 13.506 -129.653 217.693 12.852
3 16 -128.441 215.782 14.105 -128.154 216.193 13.506 -130.010 217.102 13.214
3 16 -130.310 216.697 13.810 -128.441 215.782 14.105 -130.010 217.102 13.214
3 16 -128.630 215.622 14.845 -128.441 215.782 14.105 -130.310 216.697 13.810
3 16 -130.508 216.541 14.549 -128.630 215.622 14.845 -130.310 216.697 13.810
3 16 -128.693 215.738 15.614 -128.630 215.622 14.845 -130.508 216.541 14.549
3 16 -130.573 216.658 15.318 -128.693 215.738 15.614 -130.508 216.541 14.549
3 16 -128.620 216.112 16.295 -128.693 215.738 15.614 -130.573 216.658 15.318
3 16 -130.495 217.029 16.000 -128.620 216.112 16.295 -130.573 216.658 15.318
3 16 -128.423 216.686 16.784 -128.620 216.112 16.295 -130.495 217.029 16.000
3 16 -130.287 217.598 16.491 -128.423 216.686 16.784 -130.495 217.029 16.000
3 16 -128.131 217.375 17.008 -128.423 216.686 16.784 -130.287 217.598 16.491
3 16 -129.980 218.279 16.717 -128.131 217.375 17.008 -130.287 217.598 16.491
3 16 -127.788 218.072 16.931 -128.131 217.375 17.008 -129.980 218.279 16.717
3 16 -129.620 218.968 16.643 -127.788 218.072 16.931 -129.980 218.279 16.717
3 16 -127.448 218.671 16.566 -127.788 218.072 16.931 -129.620 218.968 16.643
3 16 -129.264 219.560 16.280 -127.448 218.671 16.566 -129.620 218.968 16.643
3 16 -127.161 219.082 15.967 -127.448 218.671 16.566 -129.264 219.560 16.280
3 16 -128.964 219.964 15.684 -127.161 219.082 15.967 -129.264 219.560 16.280
3 16 -126.972 219.242 15.228 -127.161 219.082 15.967 -128.964 219.964 15.684
3 16 -128.766 220.120 14.946 -126.972 219.242 15.228 -128.964 219.964 15.684
3 16 -126.909 219.126 14.458 -126.972 219.242 15.228 -128.766 220.120 14.946
3 16 -128.701 220.004 14.177 -126.909 219.126 14.458 -128.766 220.120 14.946
3 16 -126.981 218.753 13.777 -126.909 219.126 14.458 -128.701 220.004 14.177
3 16 -128.779 219.632 13.495 -126.981 218.753 13.777 -128.701 220.004 14.177
3 16 -125.348 217.337 13.562 -125.162 217.917 14.050 -126.981 218.753 13.777
3 16 -127.179 218.178 13.288 -125.348 217.337 13.562 -126.981 218.753 13.777
3 16 -125.625 216.641 13.341 -125.348 217.337 13.562 -127.179 218.178 13.288
3 16 -127.471 217.490 13.064 -125.625 216.641 13.341 -127.179 218.178 13.288
3 16 -125.951 215.937 13.421 -125.625 216.641 13.341 -127.471 217.490 13.064
3 16 -127.813 216.793 13.141 -125.951 215.937 13.421 -127.471 217.490 13.064
3 16 -126.275 215.329 13.788 -125.951 215.937 13.421 -127.813 216.793 13.141
3 16 -128.154 216.193 13.506 -126.275 215.329 13.788 -127.813 216.793 13.141
3 16 -126.548 214.912 14.389 -126.275 215.329 13.788 -128.154 216.193 13.506
3 16 -128.441 215.782 14.105 -126.548 214.912 14.389 -128.154 216.193 13.506
3 16 -126.729 214.749 15.130 -126.548 214.912 14.389 -128.441 215.782 14.105
3 16 -128.630 215.622 14.845 -126.729 214.749 15.130 -128.441 215.782 14.105
3 16 -126.791 214.864 15.899 -126.729 214.749 15.130 -128.630 215.622 14.845
3 16 -128.693 215.738 15.614 -126.791 214.864 15.899 -128.630 215.622 14.845
3 16 -126.723 215.240 16.580 -126.791 214.864 15.899 -128.693 215.738 15.614
3 16 -128.620 216.112 16.295 -126.723 215.240 16.580 -128.693 215.738 15.614
3 16 -126.537 215.820 17.067 -126.723 215.240 16.580 -128.620 216.112 16.295
3 16 -128.423 216.686 16.784 -126.537 215.820 17.067 -128.620 216.112 16.295
3 16 -126.260 216.515 17.288 -126.537 215.820 17.067 -128.423 216.686 16.784
3 16 -128.131 217.375 17.008 -126.260 216.515 17.288 -128.423 216.686 16.784
3 16 -125.935 217.220 17.209 -126.260 216.515 17.288 -128.131 217.375 17.008
3 16 -127.788 218.072 16.931 -125.935 217.220 17.209 -128.131 217.375 17.008
3 16 -125.611 217.828 16.841 -125.935 217.220 17.209 -127.788 218.072 16.931
3 16 -127.448 218.671 16.566 -125.611 217.828 16.841 -127.788 218.072 16.931
3 16 -125.337 218.245 16.241 -125.611 217.828 16.841 -127.448 218.671 16.566
3 16 -127.161 219.082 15.967 -125.337 218.245 16.241 -127.448 218.671 16.566
3 16 -125.156 218.408 15.500 -125.337 218.245 16.241 -127.161 219.082 15.967
3 16 -126.972 219.242 15.228 -125.156 218.408 15.500 -127.161 219.082 15.967
3 16 -125.094 218.293 14.730 -125.156 218.408 15.500 -126.972 219.242 15.228
3 16 -126.909 219.126 14.458 -125.094 218.293 14.730 -126.972 219.242 15.228
3 16 -125.162 217.917 14.050 -125.094 218.293 14.730 -126.909 219.126 14.458
3 16 -126.981 218.753 13.777 -125.162 217.917 14.050 -126.909 219.126 14.458
3 16 -123.497 216.540 13.827 -123.321 217.124 14.313 -125.162 217.917 14.050
3 16 -125.348 217.337 13.562 -123.497 216.540 13.827 -125.162 217.917 14.050
3 16 -123.758 215.838 13.608 -123.497 216.540 13.827 -125.348 217.337 13.562
3 16 -125.625 216.641 13.341 -123.758 215.838 13.608 -125.348 217.337 13.562
3 16 -124.066 215.125 13.690 -123.758 215.838 13.608 -125.625 216.641 13.341
3 16 -125.951 215.937 13.421 -124.066 215.125 13.690 -125.625 216.641 13.341
3 16 -124.374 214.511 14.061 -124.066 215.125 13.690 -125.951 215.937 13.421
3 16 -126.275 215.329 13.788 -124.374 214.511 14.061 -125.951 215.937 13.421
3 16 -124.633 214.088 14.663 -124.374 214.511 14.061 -126.275 215.329 13.788
3 16 -126.548 214.912 14.389 -124.633 214.088 14.663 -126.275 215.329 13.788
3 16 -124.806 213.921 15.405 -124.633 214.088 14.663 -126.548 214.912 14.389
3 16 -126.729 214.749 15.130 -124.806 213.921 15.405 -126.548 214.912 14.389
3 16 -124.866 214.036 16.175 -124.806 213.921 15.405 -126.729 214.749 15.130
3 16 -126.791 214.864 15.899 -124.866 214.036 16.175 -126.729 214.749 15.130
3 16 -124.803 214.414 16.854 -124.866 214.036 16.175 -126.791 214.864 15.899
3 16 -126.723 215.240 16.580 -124.803 214.414 16.854 -126.791 214.864 15.899
3 16 -124.628 214.999 17.341 -124.803 214.414 16.854 -126.723 215.240 16.580
3 16 -126.537 215.820 17.067 -124.628 214.999 17.341 -126.723 215.240 16.580
3 16 -124.366 215.701 17.559 -124.628 214.999 17.341 -126.537 215.820 17.067
3 16 -126.260 216.515 17.288 -124.366 215.701 17.559 -126.537 215.820 17.067
3 16 -124.058 216.413 17.477 -124.366 215.701 17.559 -126.260 216.515 17.288
3 16 -125.935 217.220 17.209 -124.058 216.413 17.477 -126.260 216.515 17.288
3 16 -123.751 217.027 17.107 -124.058 216.413 17.477 -125.935 217.220 17.209
3 16 -125.611 217.828 16.841 -123.751 217.027 17.107 -125.935 217.220 17.209
3 16 -123.491 217.450 16.505 -123.751 217.027 17.107 -125.611 217.828 16.841
3 16 -125.337 218.245 16.241 -123.491 217.450 16.505 -125.611 217.828 16.841
3 16 -123.318 217.617 15.762 -123.491 217.450 16.505 -125.337 218.245 16.241
3 16 -125.156 218.408 15.500 -123.318 217.617 15.762 -125.337 218.245 16.241
3 16 -123.259 217.503 14.993 -123.318 217.617 15.762 -125.156 218.408 15.500
3 16 -125.094 218.293 14.730 -123.259 217.503 14.993 -125.156 218.408 15.500
3 16 -123.321 217.124 14.313 -123.259 217.503 14.993 -125.094 218.293 14.730
3 16 -125.162 217.917 14.050 -123.321 217.124 14.313 -125.094 218.293 14.730
3 16 -121.626 215.788 14.081 -121.462 216.377 14.565 -123.321 217.124 14.313
3 16 -123.497 216.540 13.827 -121.626 215.788 14.081 -123.321 217.124 14.313
3 16 -121.872 215.080 13.864 -121.626 215.788 14.081 -123.497 216.540 13.827
3 16 -123.758 215.838 13.608 -121.872 215.080 13.864 -123.497 216.540 13.827
3 16 -122.163 214.360 13.949 -121.872 215.080 13.864 -123.758 215.838 13.608
3 16 -124.066 215.125 13.690 -122.163 214.360 13.949 -123.758 215.838 13.608
3 16 -122.453 213.739 14.321 -122.163 214.360 13.949 -124.066 215.125 13.690
3 16 -124.374 214.511 14.061 -122.453 213.739 14.321 -124.066 215.125 13.690
3 16 -122.699 213.311 14.926 -122.453 213.739 14.321 -124.374 214.511 14.061
3 16 -124.633 214.088 14.663 -122.699 213.311 14.926 -124.374 214.511 14.061
3 16 -122.863 213.140 15.669 -122.699 213.311 14.926 -124.633 214.088 14.663
3 16 -124.806 213.921 15.405 -122.863 213.140 15.669 -124.633 214.088 14.663
3 16 -122.921 213.254 16.439 -122.863 213.140 15.669 -124.806 213.921 15.405
3 16 -124.866 214.036 16.175 -122.921 213.254 16.439 -124.806 213.921 15.405
3 16 -122.863 213.635 17.118 -122.921 213.254 16.439 -124.866 214.036 16.175
3 16 -124.803 214.414 16.854 -122.863 213.635 17.118 -124.866 214.036 16.175
3 16 -122.699 214.224 17.603 -122.863 213.635 17.118 -124.803 214.414 16.854
3 16 -124.628 214.999 17.341 -122.699 214.224 17.603 -124.803 214.414 16.854
3 16 -122.453 214.932 17.819 -122.699 214.224 17.603 -124.628 214.999 17.341
3 16 -124.366 215.701 17.559 -122.453 214.932 17.819 -124.628 214.999 17.341
3 16 -122.163 215.651 17.735 -122.453 214.932 17.819 -124.366 215.701 17.559
3 16 -124.058 216.413 17.477 -122.163 215.651 17.735 -124.366 215.701 17.559
3 16 -121.872 216.273 17.362 -122.163 215.651 17.735 -124.058 216.413 17.477
3 16 -123.751 217.027 17.107 -121.872 216.273 17.362 -124.058 216.413 17.477
3 16 -121.626 216.701 16.758 -121.872 216.273 17.362 -123.751 217.027 17.107
3 16 -123.491 217.450 16.505 -121.626 216.701 16.758 -123.751 217.027 17.107
3 16 -121.462 216.871 16.014 -121.626 216.701 16.758 -123.491 217.450 16.505
3 16 -123.318 217.617 15.762 -121.462 216.871 16.014 -123.491 217.450 16.505
3 16 -121.404 216.757 15.244 -121.462 216.871 16.014 -123.318 217.617 15.762
3 16 -123.259 217.503 14.993 -121.404 216.757 15.244 -123.318 217.617 15.762
3 16 -121.462 216.377 14.565 -121.404 216.757 15.244 -123.259 217.503 14.993
3 16 -123.321 217.124 14.313 -121.462 216.377 14.565 -123.259 217.503 14.993
3 16 -119.736 215.081 14.324 -119.583 215.674 14.807 -121.462 216.377 14.565
3 16 -121.626 215.788 14.081 -119.736 215.081 14.324 -121.462 216.377 14.565
3 16 -119.966 214.367 14.110 -119.736 215.081 14.324 -121.626 215.788 14.081
3 16 -121.872 215.080 13.864 -119.966 214.367 14.110 -121.626 215.788 14.081
3 16 -120.239 213.641 14.196 -119.966 214.367 14.110 -121.872 215.080 13.864
3 16 -122.163 214.360 13.949 -120.239 213.641 14.196 -121.872 215.080 13.864
3 16 -120.512 213.013 14.572 -120.239 213.641 14.196 -122.163 214.360 13.949
3 16 -122.453 213.739 14.321 -120.512 213.013 14.572 -122.163 214.360 13.949
3 16 -120.744 212.580 15.178 -120.512 213.013 14.572 -122.453 213.739 14.321
3 16 -122.699 213.311 14.926 -120.744 212.580 15.178 -122.453 213.739 14.321
3 16 -120.899 212.406 15.922 -120.744 212.580 15.178 -122.699 213.311 14.926
3 16 -122.863 213.140 15.669 -120.899 212.406 15.922 -122.699 213.311 14.926
3 16 -120.955 212.519 16.692 -120.899 212.406 15.922 -122.863 213.140 15.669
3 16 -122.921 213.254 16.439 -120.955 212.519 16.692 -122.863 213.140 15.669
3 16 -120.902 212.902 17.371 -120.955 212.519 16.692 -122.921 213.254 16.439
3 16 -122.863 213.635 17.118 -120.902 212.902 17.371 -122.921 213.254 16.439
3 16 -120.749 213.495 17.854 -120.902 212.902 17.371 -122.863 213.635 17.118
3 16 -122.699 214.224 17.603 -120.749 213.495 17.854 -122.863 213.635 17.118
3 16 -120.519 214.209 18.068 -120.749 213.495 17.854 -122.699 214.224 17.603
3 16 -122.453 214.932 17.819 -120.519 214.209 18.068 -122.699 214.224 17.603
3 16 -120.246 214.935 17.981 -120.519 214.209 18.068 -122.453 214.932 17.819
3 16 -122.163 215.651 17.735 -120.246 214.935 17.981 -122.453 214.932 17.819
3 16 -119.973 215.563 17.606 -120.246 214.935 17.981 -122.163 215.651 17.735
3 16 -121.872 216.273 17.362 -119.973 215.563 17.606 -122.163 215.651 17.735
3 16 -119.742 215.996 17.000 -119.973 215.563 17.606 -121.872 216.273 17.362
3 16 -121.626 216.701 16.758 -119.742 215.996 17.000 -121.872 216.273 17.362
3 16 -119.586 216.170 16.255 -119.742 215.996 17.000 -121.626 216.701 16.758
3 16 -121.462 216.871 16.014 -119.586 216.170 16.255 -121.626 216.701 16.758
3 16 -119.530 216.057 15.485 -119.586 216.170 16.255 -121.462 216.871 16.014
3 16 -121.404 216.757 15.244 -119.530 216.057 15.485 -121.462 216.871 16.014
3 16 -119.583 215.674 14.807 -119.530 216.057 15.485 -121.404 216.757 15.244
3 16 -121.462 216.377 14.565 -119.583 215.674 14.807 -121.404 216.757 15.244
3 16 -117.829 214.420 14.556 -117.687 215.017 15.037 -119.583 215.674 14.807
3 16 -119.736 215.081 14.324 -117.829 214.420 14.556 -119.583 215.674 14.807
3 16 -118.044 213.700 14.343 -117.829 214.420 14.556 -119.736 215.081 14.324
3 16 -119.966 214.367 14.110 -118.044 213.700 14.343 -119.736 215.081 14.324
3 16 -118.298 212.968 14.432 -118.044 213.700 14.343 -119.966 214.367 14.110
3 16 -120.239 213.641 14.196 -118.298 212.968 14.432 -119.966 214.367 14.110
3 16 -118.553 212.334 14.810 -118.298 212.968 14.432 -120.239 213.641 14.196
3 16 -120.512 213.013 14.572 -118.553 212.334 14.810 -120.239 213.641 14.196
3 16 -118.771 211.896 15.418 -118.553 212.334 14.810 -120.512 213.013 14.572
3 16 -120.744 212.580 15.178 -118.771 211.896 15.418 -120.512 213.013 14.572
3 16 -118.917 211.720 16.164 -118.771 211.896 15.418 -120.744 212.580 15.178
3 16 -120.899 212.406 15.922 -118.917 211.720 16.164 -120.744 212.580 15.178
3 16 -118.971 211.832 16.934 -118.917 211.720 16.164 -120.899 212.406 15.922
3 16 -120.955 212.519 16.692 -118.971 211.832 16.934 -120.899 212.406 15.922
3 16 -118.923 212.216 17.611 -118.971 211.832 16.934 -120.955 212.519 16.692
3 16 -120.902 212.902 17.371 -118.923 212.216 17.611 -120.955 212.519 16.692
3 16 -118.781 212.814 18.093 -118.923 212.216 17.611 -120.902 212.902 17.371
3 16 -120.749 213.495 17.854 -118.781 212.814 18.093 -120.902 212.902 17.371
3 16 -118.566 213.533 18.305 -118.781 212.814 18.093 -120.749 213.495 17.854
3 16 -120.519 214.209 18.068 -118.566 213.533 18.305 -120.749 213.495 17.854
3 16 -118.312 214.266 18.216 -118.566 213.533 18.305 -120.519 214.209 18.068
3 16 -120.246 214.935 17.981 -118.312 214.266 18.216 -120.519 214.209 18.068
3 16 -118.057 214.899 17.839 -118.312 214.266 18.216 -120.246 214.935 17.981
3 16 -119.973 215.563 17.606 -118.057 214.899 17.839 -120.246 214.935 17.981
3 16 -117.839 215.338 17.231 -118.057 214.899 17.839 -119.973 215.563 17.606
3 16 -119.742 215.996 17.000 -117.839 215.338 17.231 -119.973 215.563 17.606
3 16 -117.693 215.514 16.485 -117.839 215.338 17.231 -119.742 215.996 17.000
3 16 -119.586 216.170 16.255 -117.693 215.514 16.485 -119.742 215.996 17.000
3 16 -117.639 215.402 15.715 -117.693 215.514 16.485 -119.586 216.170 16.255
3 16 -119.530 216.057 15.485 -117.639 215.402 15.715 -119.586 216.170 16.255
3 16 -117.687 215.017 15.037 -117.639 215.402 15.715 -119.530 216.057 15.485
3 16 -119.583 215.674 14.807 -117.687 215.017 15.037 -119.530 216.057 15.485
3 16 -115.905 213.805 14.776 -115.774 214.406 15.256 -117.687 215.017 15.037
3 16 -117.829 214.420 14.556 -115.905 213.805 14.776 -117.687 215.017 15.037
3 16 -116.104 213.081 14.565 -115.905 213.805 14.776 -117.829 214.420 14.556
3 16 -118.044 213.700 14.343 -116.104 213.081 14.565 -117.829 214.420 14.556
3 16 -116.340 212.342 14.657 -116.104 213.081 14.565 -118.044 213.700 14.343
3 16 -118.298 212.968 14.432 -116.340 212.342 14.657 -118.044 213.700 14.343
3 16 -116.577 211.703 15.036 -116.340 212.342 14.657 -118.298 212.968 14.432
3 16 -118.553 212.334 14.810 -116.577 211.703 15.036 -118.298 212.968 14.432
3 16 -116.780 211.260 15.646 -116.577 211.703 15.036 -118.553 212.334 14.810
3 16 -118.771 211.896 15.418 -116.780 211.260 15.646 -118.553 212.334 14.810
3 16 -116.918 211.081 16.392 -116.780 211.260 15.646 -118.771 211.896 15.418
3 16 -118.917 211.720 16.164 -116.918 211.081 16.392 -118.771 211.896 15.418
3 16 -116.969 211.193 17.163 -116.918 211.081 16.392 -118.917 211.720 16.164
3 16 -118.971 211.832 16.934 -116.969 211.193 17.163 -118.917 211.720 16.164
3 16 -116.926 211.579 17.840 -116.969 211.193 17.163 -118.971 211.832 16.934
3 16 -118.923 212.216 17.611 -116.926 211.579 17.840 -118.971 211.832 16.934
3 16 -116.796 212.180 18.320 -116.926 211.579 17.840 -118.923 212.216 17.611
3 16 -118.781 212.814 18.093 -116.796 212.180 18.320 -118.923 212.216 17.611
3 16 -116.597 212.905 18.531 -116.796 212.180 18.320 -118.781 212.814 18.093
3 16 -118.566 213.533 18.305 -116.597 212.905 18.531 -118.781 212.814 18.093
3 16 -116.361 213.643 18.439 -116.597 212.905 18.531 -118.566 213.533 18.305
3 16 -118.312 214.266 18.216 -116.361 213.643 18.439 -118.566 213.533 18.305
3 16 -116.123 214.282 18.060 -116.361 213.643 18.439 -118.312 214.266 18.216
3 16 -118.057 214.899 17.839 -116.123 214.282 18.060 -118.312 214.266 18.216
3 16 -115.920 214.725 17.450 -116.123 214.282 18.060 -118.057 214.899 17.839
3 16 -117.839 215.338 17.231 -115.920 214.725 17.450 -118.057 214.899 17.839
3 16 -115.783 214.904 16.703 -115.920 214.725 17.450 -117.839 215.338 17.231
3 16 -117.693 215.514 16.485 -115.783 214.904 16.703 -117.839 215.338 17.231
3 16 -115.731 214.792 15.933 -115.783 214.904 16.703 -117.693 215.514 16.485
3 16 -117.639 215.402 15.715 -115.731 214.792 15.933 -117.693 215.514 16.485
3 16 -115.774 214.406 15.256 -115.731 214.792 15.933 -117.639 215.402 15.715
3 16 -117.687 215.017 15.037 -115.774 214.406 15.256 -117.639 215.402 15.715
3 16 -113.966 213.237 14.984 -113.846 213.842 15.463 -115.774 214.406 15.256
3 16 -115.905 213.805 14.776 -113.966 213.237 14.984 -115.774 214.406 15.256
3 16 -114.148 212.508 14.775 -113.966 213.237 14.984 -115.905 213.805 14.776
3 16 -116.104 213.081 14.565 -114.148 212.508 14.775 -115.905 213.805 14.776
3 16 -114.365 211.764 14.869 -114.148 212.508 14.775 -116.104 213.081 14.565
3 16 -116.340 212.342 14.657 -114.365 211.764 14.869 -116.104 213.081 14.565
3 16 -114.585 211.120 15.250 -114.365 211.764 14.869 -116.340 212.342 14.657
3 16 -116.577 211.703 15.036 -114.585 211.120 15.250 -116.340 212.342 14.657
3 16 -114.773 210.673 15.861 -114.585 211.120 15.250 -116.577 211.703 15.036
3 16 -116.780 211.260 15.646 -114.773 210.673 15.861 -116.577 211.703 15.036
3 16 -114.902 210.491 16.609 -114.773 210.673 15.861 -116.780 211.260 15.646
3 16 -116.918 211.081 16.392 -114.902 210.491 16.609 -116.780 211.260 15.646
3 16 -114.951 210.602 17.380 -114.902 210.491 16.609 -116.918 211.081 16.392
3 16 -116.969 211.193 17.163 -114.951 210.602 17.380 -116.918 211.081 16.392
3 16 -114.912 210.990 18.056 -114.951 210.602 17.380 -116.969 211.193 17.163
3 16 -116.926 211.579 17.840 -114.912 210.990 18.056 -116.969 211.193 17.163
3 16 -114.793 211.594 18.535 -114.912 210.990 18.056 -116.926 211.579 17.840
3 16 -116.796 212.180 18.320 -114.793 211.594 18.535 -116.926 211.579 17.840
3 16 -114.611 212.324 18.744 -114.793 211.594 18.535 -116.796 212.180 18.320
3 16 -116.597 212.905 18.531 -114.611 212.324 18.744 -116.796 212.180 18.320
3 16 -114.393 213.067 18.650 -114.611 212.324 18.744 -116.597 212.905 18.531
3 16 -116.361 213.643 18.439 -114.393 213.067 18.650 -116.597 212.905 18.531
3 16 -114.174 213.712 18.269 -114.393 213.067 18.650 -116.361 213.643 18.439
3 16 -116.123 214.282 18.060 -114.174 213.712 18.269 -116.361 213.643 18.439
3 16 -113.985 214.159 17.658 -114.174 213.712 18.269 -116.123 214.282 18.060
3 16 -115.920 214.725 17.450 -113.985 214.159 17.658 -116.123 214.282 18.060
3 16 -113.857 214.340 16.910 -113.985 214.159 17.658 -115.920 214.725 17.450
3 16 -115.783 214.904 16.703 -113.857 214.340 16.910 -115.920 214.725 17.450
3 16 -113.808 214.229 16.139 -113.857 214.340 16.910 -115.783 214.904 16.703
3 16 -115.731 214.792 15.933 -113.808 214.229 16.139 -115.783 214.904 16.703
3 16 -113.846 213.842 15.463 -113.808 214.229 16.139 -115.731 214.792 15.933
3 16 -115.774 214.406 15.256 -113.846 213.842 15.463 -115.731 214.792 15.933
3 16 -112.012 212.717 15.179 -111.905 213.324 15.657 -113.846 213.842 15.463
3 16 -113.966 213.237 14.984 -112.012 212.717 15.179 -113.846 213.842 15.463
3 16 -112.179 211.983 14.972 -112.012 212.717 15.179 -113.966 213.237 14.984
3 16 -114.148 212.508 14.775 -112.179 211.983 14.972 -113.966 213.237 14.984
3 16 -112.377 211.234 15.067 -112.179 211.983 14.972 -114.148 212.508 14.775
3 16 -114.365 211.764 14.869 -112.377 211.234 15.067 -114.148 212.508 14.775
3 16 -112.579 210.585 15.451 -112.377 211.234 15.067 -114.365 211.764 14.869
3 16 -114.585 211.120 15.250 -112.579 210.585 15.451 -114.365 211.764 14.869
3 16 -112.752 210.134 16.063 -112.579 210.585 15.451 -114.585 211.120 15.250
3 16 -114.773 210.673 15.861 -112.752 210.134 16.063 -114.585 211.120 15.250
3 16 -112.871 209.950 16.812 -112.752 210.134 16.063 -114.773 210.673 15.861
3 16 -114.902 210.491 16.609 -112.871 209.950 16.812 -114.773 210.673 15.861
3 16 -112.918 210.061 17.583 -112.871 209.950 16.812 -114.902 210.491 16.609
3 16 -114.951 210.602 17.380 -112.918 210.061 17.583 -114.902 210.491 16.609
3 16 -112.884 210.449 18.259 -112.918 210.061 17.583 -114.951 210.602 17.380
3 16 -114.912 210.990 18.056 -112.884 210.449 18.259 -114.951 210.602 17.380
3 16 -112.777 211.057 18.737 -112.884 210.449 18.259 -114.912 210.990 18.056
3 16 -114.793 211.594 18.535 -112.777 211.057 18.737 -114.912 210.990 18.056
3 16 -112.611 211.791 18.944 -112.777 211.057 18.737 -114.793 211.594 18.535
3 16 -114.611 212.324 18.744 -112.611 211.791 18.944 -114.793 211.594 18.535
3 16 -112.412 212.539 18.848 -112.611 211.791 18.944 -114.611 212.324 18.744
3 16 -114.393 213.067 18.650 -112.412 212.539 18.848 -114.611 212.324 18.744
3 16 -112.210 213.189 18.465 -112.412 212.539 18.848 -114.393 213.067 18.650
3 16 -114.174 213.712 18.269 -112.210 213.189 18.465 -114.393 213.067 18.650
3 16 -112.037 213.640 17.852 -112.210 213.189 18.465 -114.174 213.712 18.269
3 16 -113.985 214.159 17.658 -112.037 213.640 17.852 -114.174 213.712 18.269
3 16 -111.918 213.824 17.103 -112.037 213.640 17.852 -113.985 214.159 17.658
3 16 -113.857 214.340 16.910 -111.918 213.824 17.103 -113.985 214.159 17.658
3 16 -111.871 213.713 16.332 -111.918 213.824 17.103 -113.857 214.340 16.910
3 16 -113.808 214.229 16.139 -111.871 213.713 16.332 -113.857 214.340 16.910
3 16 -111.905 213.324 15.657 -111.871 213.713 16.332 -113.808 214.229 16.139
3 16 -113.846 213.842 15.463 -111.905 213.324 15.657 -113.808 214.229 16.139
3 16 -110.045 212.243 15.362 -109.949 212.854 15.838 -111.905 213.324 15.657
3 16 -112.012 212.717 15.179 -110.045 212.243 15.362 -111.905 213.324 15.657
3 16 -110.195 211.506 15.156 -110.045 212.243 15.362 -112.012 212.717 15.179
3 16 -112.179 211.983 14.972 -110.195 211.506 15.156 -112.012 212.717 15.179
3 16 -110.375 210.753 15.254 -110.195 211.506 15.156 -112.179 211.983 14.972
3 16 -112.377 211.234 15.067 -110.375 210.753 15.254 -112.179 211.983 14.972
3 16 -110.558 210.099 15.639 -110.375 210.753 15.254 -112.377 211.234 15.067
3 16 -112.579 210.585 15.451 -110.558 210.099 15.639 -112.377 211.234 15.067
3 16 -110.717 209.645 16.253 -110.558 210.099 15.639 -112.579 210.585 15.451
3 16 -112.752 210.134 16.063 -110.717 209.645 16.253 -112.579 210.585 15.451
3 16 -110.826 209.458 17.003 -110.717 209.645 16.253 -112.752 210.134 16.063
3 16 -112.871 209.950 16.812 -110.826 209.458 17.003 -112.752 210.134 16.063
3 16 -110.870 209.568 17.774 -110.826 209.458 17.003 -112.871 209.950 16.812
3 16 -112.918 210.061 17.583 -110.870 209.568 17.774 -112.871 209.950 16.812
3 16 -110.842 209.958 18.449 -110.870 209.568 17.774 -112.918 210.061 17.583
3 16 -112.884 210.449 18.259 -110.842 209.958 18.449 -112.918 210.061 17.583
3 16 -110.745 210.569 18.926 -110.842 209.958 18.449 -112.884 210.449 18.259
3 16 -112.777 211.057 18.737 -110.745 210.569 18.926 -112.884 210.449 18.259
3 16 -110.596 211.306 19.131 -110.745 210.569 18.926 -112.777 211.057 18.737
3 16 -112.611 211.791 18.944 -110.596 211.306 19.131 -112.777 211.057 18.737
3 16 -110.415 212.059 19.034 -110.596 211.306 19.131 -112.611 211.791 18.944
3 16 -112.412 212.539 18.848 -110.415 212.059 19.034 -112.611 211.791 18.944
3 16 -110.232 212.713 18.649 -110.415 212.059 19.034 -112.412 212.539 18.848
3 16 -112.210 213.189 18.465 -110.232 212.713 18.649 -112.412 212.539 18.848
3 16 -110.074 213.168 18.035 -110.232 212.713 18.649 -112.210 213.189 18.465
3 16 -112.037 213.640 17.852 -110.074 213.168 18.035 -112.210 213.189 18.465
3 16 -109.964 213.354 17.285 -110.074 213.168 18.035 -112.037 213.640 17.852
3 16 -111.918 213.824 17.103 -109.964 213.354 17.285 -112.037 213.640 17.852
3 16 -109.920 213.244 16.514 -109.964 213.354 17.285 -111.918 213.824 17.103
3 16 -111.871 213.713 16.332 -109.920 213.244 16.514 -111.918 213.824 17.103
3 16 -109.949 212.854 15.838 -109.920 213.244 16.514 -111.871 213.713 16.332
3 16 -111.905 213.324 15.657 -109.949 212.854 15.838 -111.871 213.713 16.332
3 16 -108.067 211.818 15.531 -107.982 212.431 16.006 -109.949 212.854 15.838
3 16 -110.045 212.243 15.362 -108.067 211.818 15.531 -109.949 212.854 15.838
3 16 -108.201 211.077 15.327 -108.067 211.818 15.531 -110.045 212.243 15.362
3 16 -110.195 211.506 15.156 -108.201 211.077 15.327 -110.045 212.243 15.362
3 16 -108.362 210.320 15.426 -108.201 211.077 15.327 -110.195 211.506 15.156
3 16 -110.375 210.753 15.254 -108.362 210.320 15.426 -110.195 211.506 15.156
3 16 -108.527 209.662 15.813 -108.362 210.320 15.426 -110.375 210.753 15.254
3 16 -110.558 210.099 15.639 -108.527 209.662 15.813 -110.375 210.753 15.254
3 16 -108.670 209.204 16.429 -108.527 209.662 15.813 -110.558 210.099 15.639
3 16 -110.717 209.645 16.253 -108.670 209.204 16.429 -110.558 210.099 15.639
3 16 -108.769 209.016 17.179 -108.670 209.204 16.429 -110.717 209.645 16.253
3 16 -110.826 209.458 17.003 -108.769 209.016 17.179 -110.717 209.645 16.253
3 16 -108.811 209.126 17.951 -108.769 209.016 17.179 -110.826 209.458 17.003
3 16 -110.870 209.568 17.774 -108.811 209.126 17.951 -110.826 209.458 17.003
3 16 -108.787 209.517 18.626 -108.811 209.126 17.951 -110.870 209.568 17.774
3 16 -110.842 209.958 18.449 -108.787 209.517 18.626 -110.870 209.568 17.774
3 16 -108.702 210.130 19.101 -108.787 209.517 18.626 -110.842 209.958 18.449
3 16 -110.745 210.569 18.926 -108.702 210.130 19.101 -110.842 209.958 18.449
3 16 -108.569 210.871 19.305 -108.702 210.130 19.101 -110.745 210.569 18.926
3 16 -110.596 211.306 19.131 -108.569 210.871 19.305 -110.745 210.569 18.926
3 16 -108.407 211.628 19.206 -108.569 210.871 19.305 -110.596 211.306 19.131
3 16 -110.415 212.059 19.034 -108.407 211.628 19.206 -110.596 211.306 19.131
3 16 -108.243 212.286 18.819 -108.407 211.628 19.206 -110.415 212.059 19.034
3 16 -110.232 212.713 18.649 -108.243 212.286 18.819 -110.415 212.059 19.034
3 16 -108.100 212.743 18.204 -108.243 212.286 18.819 -110.232 212.713 18.649
3 16 -110.074 213.168 18.035 -108.100 212.743 18.204 -110.232 212.713 18.649
3 16 -108.000 212.932 17.453 -108.100 212.743 18.204 -110.074 213.168 18.035
3 16 -109.964 213.354 17.285 -108.000 212.932 17.453 -110.074 213.168 18.035
3 16 -107.959 212.822 16.681 -108.000 212.932 17.453 -109.964 213.354 17.285
3 16 -109.920 213.244 16.514 -107.959 212.822 16.681 -109.964 213.354 17.285
3 16 -107.982 212.431 16.006 -107.959 212.822 16.681 -109.920 213.244 16.514
3 16 -109.949 212.854 15.838 -107.982 212.431 16.006 -109.920 213.244 16.514
3 16 -106.078 211.441 15.687 -106.005 212.056 16.162 -107.982 212.431 16.006
3 16 -108.067 211.818 15.531 -106.078 211.441 15.687 -107.982 212.431 16.006
3 16 -106.195 210.696 15.485 -106.078 211.441 15.687 -108.067 211.818 15.531
3 16 -108.201 211.077 15.327 -106.195 210.696 15.485 -108.067 211.818 15.531
3 16 -106.337 209.935 15.585 -106.195 210.696 15.485 -108.201 211.077 15.327
3 16 -108.362 210.320 15.426 -106.337 209.935 15.585 -108.201 211.077 15.327
3 16 -106.483 209.274 15.974 -106.337 209.935 15.585 -108.362 210.320 15.426
3 16 -108.527 209.662 15.813 -106.483 209.274 15.974 -108.362 210.320 15.426
3 16 -106.611 208.814 16.590 -106.483 209.274 15.974 -108.527 209.662 15.813
3 16 -108.670 209.204 16.429 -106.611 208.814 16.590 -108.527 209.662 15.813
3 16 -106.701 208.624 17.342 -106.611 208.814 16.590 -108.670 209.204 16.429
3 16 -108.769 209.016 17.179 -106.701 208.624 17.342 -108.670 209.204 16.429
3 16 -106.739 208.733 18.114 -106.701 208.624 17.342 -108.769 209.016 17.179
3 16 -108.811 209.126 17.951 -106.739 208.733 18.114 -108.769 209.016 17.179
3 16 -106.720 209.125 18.788 -106.739 208.733 18.114 -108.811 209.126 17.951
3 16 -108.787 209.517 18.626 -106.720 209.125 18.788 -108.811 209.126 17.951
3 16 -106.647 209.740 19.263 -106.720 209.125 18.788 -108.787 209.517 18.626
3 16 -108.702 210.130 19.101 -106.647 209.740 19.263 -108.787 209.517 18.626
3 16 -106.530 210.485 19.465 -106.647 209.740 19.263 -108.702 210.130 19.101
3 16 -108.569 210.871 19.305 -106.530 210.485 19.465 -108.702 210.130 19.101
3 16 -106.388 211.245 19.364 -106.530 210.485 19.465 -108.569 210.871 19.305
3 16 -108.407 211.628 19.206 -106.388 211.245 19.364 -108.569 210.871 19.305
3 16 -106.242 211.906 18.976 -106.388 211.245 19.364 -108.407 211.628 19.206
3 16 -108.243 212.286 18.819 -106.242 211.906 18.976 -108.407 211.628 19.206
3 16 -106.114 212.367 18.359 -106.242 211.906 18.976 -108.243 212.286 18.819
3 16 -108.100 212.743 18.204 -106.114 212.367 18.359 -108.243 212.286 18.819
3 16 -106.024 212.557 17.608 -106.114 212.367 18.359 -108.100 212.743 18.204
3 16 -108.000 212.932 17.453 -106.024 212.557 17.608 -108.100 212.743 18.204
3 16 -105.986 212.448 16.836 -106.024 212.557 17.608 -108.000 212.932 17.453
3 16 -107.959 212.822 16.681 -105.986 212.448 16.836 -108.000 212.932 17.453
3 16 -106.005 212.056 16.162 -105.986 212.448 16.836 -107.959 212.822 16.681
3 16 -107.982 212.431 16.006 -106.005 212.056 16.162 -107.959 212.822 16.681
3 16 -104.079 211.111 15.829 -104.017 211.728 16.303 -106.005 212.056 16.162
3 16 -106.078 211.441 15.687 -104.079 211.111 15.829 -106.005 212.056 16.162
3 16 -104.179 210.364 15.628 -104.079 211.111 15.829 -106.078 211.441 15.687
3 16 -106.195 210.696 15.485 -104.179 210.364 15.628 -106.078 211.441 15.687
3 16 -104.303 209.600 15.730 -104.179 210.364 15.628 -106.195 210.696 15.485
3 16 -106.337 209.935 15.585 -104.303 209.600 15.730 -106.195 210.696 15.485
3 16 -104.430 208.936 16.120 -104.303 209.600 15.730 -106.337 209.935 15.585
3 16 -106.483 209.274 15.974 -104.430 208.936 16.120 -106.337 209.935 15.585
3 16 -104.542 208.473 16.738 -104.430 208.936 16.120 -106.483 209.274 15.974
3 16 -106.611 208.814 16.590 -104.542 208.473 16.738 -106.483 209.274 15.974
3 16 -104.622 208.281 17.490 -104.542 208.473 16.738 -106.611 208.814 16.590
3 16 -106.701 208.624 17.342 -104.622 208.281 17.490 -106.611 208.814 16.590
3 16 -104.658 208.390 18.262 -104.622 208.281 17.490 -106.701 208.624 17.342
3 16 -106.739 208.733 18.114 -104.658 208.390 18.262 -106.701 208.624 17.342
3 16 -104.644 208.783 18.936 -104.658 208.390 18.262 -106.739 208.733 18.114
3 16 -106.720 209.125 18.788 -104.644 208.783 18.936 -106.739 208.733 18.114
3 16 -104.582 209.400 19.410 -104.644 208.783 18.936 -106.720 209.125 18.788
3 16 -106.647 209.740 19.263 -104.582 209.400 19.410 -106.720 209.125 18.788
3 16 -104.482 210.148 19.611 -104.582 209.400 19.410 -106.647 209.740 19.263
3 16 -106.530 210.485 19.465 -104.482 210.148 19.611 -106.647 209.740 19.263
3 16 -104.358 210.911 19.509 -104.482 210.148 19.611 -106.530 210.485 19.465
3 16 -106.388 211.245 19.364 -104.358 210.911 19.509 -106.530 210.485 19.465
3 16 -104.231 211.575 19.119 -104.358 210.911 19.509 -106.388 211.245 19.364
3 16 -106.242 211.906 18.976 -104.231 211.575 19.119 -106.388 211.245 19.364
3 16 -104.119 212.038 18.501 -104.231 211.575 19.119 -106.242 211.906 18.976
3 16 -106.114 212.367 18.359 -104.119 212.038 18.501 -106.242 211.906 18.976
3 16 -104.039 212.230 17.749 -104.119 212.038 18.501 -106.114 212.367 18.359
3 16 -106.024 212.557 17.608 -104.039 212.230 17.749 -106.114 212.367 18.359
3 16 -104.003 212.121 16.977 -104.039 212.230 17.749 -106.024 212.557 17.608
3 16 -105.986 212.448 16.836 -104.003 212.121 16.977 -106.024 212.557 17.608
3 16 -104.017 211.728 16.303 -104.003 212.121 16.977 -105.986 212.448 16.836
3 16 -106.005 212.056 16.162 -104.017 211.728 16.303 -105.986 212.448 16.836
3 16 -102.073 210.831 15.958 -102.023 211.449 16.430 -104.017 211.728 16.303
3 16 -104.079 211.111 15.829 -102.073 210.831 15.958 -104.017 211.728 16.303
3 16 -102.156 210.081 15.758 -102.073 210.831 15.958 -104.079 211.111 15.829
3 16 -104.179 210.364 15.628 -102.156 210.081 15.758 -104.079 211.111 15.829
3 16 -102.260 209.314 15.861 -102.156 210.081 15.758 -104.179 210.364 15.628
3 16 -104.303 209.600 15.730 -102.260 209.314 15.861 -104.179 210.364 15.628
3 16 -102.369 208.648 16.252 -102.260 209.314 15.861 -104.303 209.600 15.730
3 16 -104.430 208.936 16.120 -102.369 208.648 16.252 -104.303 209.600 15.730
3 16 -102.466 208.183 16.871 -102.369 208.648 16.252 -104.430 208.936 16.120
3 16 -104.542 208.473 16.738 -102.466 208.183 16.871 -104.430 208.936 16.120
3 16 -102.536 207.990 17.624 -102.466 208.183 16.871 -104.542 208.473 16.738
3 16 -104.622 208.281 17.490 -102.536 207.990 17.624 -104.542 208.473 16.738
3 16 -102.568 208.098 18.396 -102.536 207.990 17.624 -104.622 208.281 17.490
3 16 -104.658 208.390 18.262 -102.568 208.098 18.396 -104.622 208.281 17.490
3 16 -102.559 208.492 19.070 -102.568 208.098 18.396 -104.658 208.390 18.262
3 16 -104.644 208.783 18.936 -102.559 208.492 19.070 -104.658 208.390 18.262
3 16 -102.509 209.111 19.543 -102.559 208.492 19.070 -104.644 208.783 18.936
3 16 -104.582 209.400 19.410 -102.509 209.111 19.543 -104.644 208.783 18.936
3 16 -102.425 209.860 19.743 -102.509 209.111 19.543 -104.582 209.400 19.410
3 16 -104.482 210.148 19.611 -102.425 209.860 19.743 -104.582 209.400 19.410
3 16 -102.321 210.627 19.639 -102.425 209.860 19.743 -104.482 210.148 19.611
3 16 -104.358 210.911 19.509 -102.321 210.627 19.639 -104.482 210.148 19.611
3 16 -102.213 211.293 19.248 -102.321 210.627 19.639 -104.358 210.911 19.509
3 16 -104.231 211.575 19.119 -102.213 211.293 19.248 -104.358 210.911 19.509
3 16 -102.116 211.759 18.629 -102.213 211.293 19.248 -104.231 211.575 19.119
3 16 -104.119 212.038 18.501 -102.116 211.759 18.629 -104.231 211.575 19.119
3 16 -102.046 211.952 17.876 -102.116 211.759 18.629 -104.119 212.038 18.501
3 16 -104.039 212.230 17.749 -102.046 211.952 17.876 -104.119 212.038 18.501
3 16 -102.013 211.843 17.104 -102.046 211.952 17.876 -104.039 212.230 17.749
3 16 -104.003 212.121 16.977 -102.013 211.843 17.104 -104.039 212.230 17.749
3 16 -102.023 211.449 16.430 -102.013 211.843 17.104 -104.003 212.121 16.977
3 16 -104.017 211.728 16.303 -102.023 211.449 16.430 -104.003 212.121 16.977
3 16 -100.059 210.598 16.072 -100.020 211.218 16.544 -102.023 211.449 16.430
3 16 -102.073 210.831 15.958 -100.059 210.598 16.072 -102.023 211.449 16.430
3 16 -100.126 209.847 15.873 -100.059 210.598 16.072 -102.073 210.831 15.958
3 16 -102.156 210.081 15.758 -100.126 209.847 15.873 -102.073 210.831 15.958
3 16 -100.210 209.078 15.977 -100.126 209.847 15.873 -102.156 210.081 15.758
3 16 -102.260 209.314 15.861 -100.210 209.078 15.977 -102.156 210.081 15.758
3 16 -100.300 208.409 16.370 -100.210 209.078 15.977 -102.260 209.314 15.861
3 16 -102.369 208.648 16.252 -100.300 208.409 16.370 -102.260 209.314 15.861
3 16 -100.381 207.942 16.990 -100.300 208.409 16.370 -102.369 208.648 16.252
3 16 -102.466 208.183 16.871 -100.381 207.942 16.990 -102.369 208.648 16.252
3 16 -100.441 207.748 17.743 -100.381 207.942 16.990 -102.466 208.183 16.871
3 16 -102.536 207.990 17.624 -100.441 207.748 17.743 -102.466 208.183 16.871
3 16 -100.471 207.857 18.515 -100.441 207.748 17.743 -102.536 207.990 17.624
3 16 -102.568 208.098 18.396 -100.471 207.857 18.515 -102.536 207.990 17.624
3 16 -100.466 208.251 19.189 -100.471 207.857 18.515 -102.568 208.098 18.396
3 16 -102.559 208.492 19.070 -100.466 208.251 19.189 -102.568 208.098 18.396
3 16 -100.427 208.871 19.661 -100.466 208.251 19.189 -102.559 208.492 19.070
3 16 -102.509 209.111 19.543 -100.427 208.871 19.661 -102.559 208.492 19.070
3 16 -100.360 209.623 19.860 -100.427 208.871 19.661 -102.509 209.111 19.543
3 16 -102.425 209.860 19.743 -100.360 209.623 19.860 -102.509 209.111 19.543
3 16 -100.276 210.391 19.755 -100.360 209.623 19.860 -102.425 209.860 19.743
3 16 -102.321 210.627 19.639 -100.276 210.391 19.755 -102.425 209.860 19.743
3 16 -100.186 211.060 19.363 -100.276 210.391 19.755 -102.321 210.627 19.639
3 16 -102.213 211.293 19.248 -100.186 211.060 19.363 -102.321 210.627 19.639
3 16 -100.105 211.527 18.743 -100.186 211.060 19.363 -102.213 211.293 19.248
3 16 -102.116 211.759 18.629 -100.105 211.527 18.743 -102.213 211.293 19.248
3 16 -100.045 211.721 17.990 -100.105 211.527 18.743 -102.116 211.759 18.629
3 16 -102.046 211.952 17.876 -100.045 211.721 17.990 -102.116 211.759 18.629
3 16 -100.015 211.613 17.217 -100.045 211.721 17.990 -102.046 211.952 17.876
3 16 -102.013 211.843 17.104 -100.015 211.613 17.217 -102.046 211.952 17.876
3 16 -100.020 211.218 16.544 -100.015 211.613 17.217 -102.013 211.843 17.104
3 16 -102.023 211.449 16.430 -100.020 211.218 16.544 -102.013 211.843 17.104
3 16 -98.040 210.415 16.171 -98.013 211.036 16.643 -100.020 211.218 16.544
3 16 -100.059 210.598 16.072 -98.040 210.415 16.171 -100.020 211.218 16.544
3 16 -98.090 209.662 15.973 -98.040 210.415 16.171 -100.059 210.598 16.072
3 16 -100.126 209.847 15.873 -98.090 209.662 15.973 -100.059 210.598 16.072
3 16 -98.155 208.891 16.079 -98.090 209.662 15.973 -100.126 209.847 15.873
3 16 -100.210 209.078 15.977 -98.155 208.891 16.079 -100.126 209.847 15.873
3 16 -98.226 208.221 16.472 -98.155 208.891 16.079 -100.210 209.078 15.977
3 16 -100.300 208.409 16.370 -98.226 208.221 16.472 -100.210 209.078 15.977
3 16 -98.291 207.753 17.093 -98.226 208.221 16.472 -100.300 208.409 16.370
3 16 -100.381 207.942 16.990 -98.291 207.753 17.093 -100.300 208.409 16.370
3 16 -98.341 207.558 17.847 -98.291 207.753 17.093 -100.381 207.942 16.990
3 16 -100.441 207.748 17.743 -98.341 207.558 17.847 -100.381 207.942 16.990
3 16 -98.368 207.666 18.619 -98.341 207.558 17.847 -100.441 207.748 17.743
3 16 -100.471 207.857 18.515 -98.368 207.666 18.619 -100.441 207.748 17.743
3 16 -98.368 208.061 19.293 -98.368 207.666 18.619 -100.471 207.857 18.515
3 16 -100.466 208.251 19.189 -98.368 208.061 19.293 -100.471 207.857 18.515
3 16 -98.340 208.682 19.764 -98.368 208.061 19.293 -100.466 208.251 19.189
3 16 -100.427 208.871 19.661 -98.340 208.682 19.764 -100.466 208.251 19.189
3 16 -98.290 209.435 19.962 -98.340 208.682 19.764 -100.427 208.871 19.661
3 16 -100.360 209.623 19.860 -98.290 209.435 19.962 -100.427 208.871 19.661
3 16 -98.225 210.206 19.856 -98.290 209.435 19.962 -100.360 209.623 19.860
3 16 -100.276 210.391 19.755 -98.225 210.206 19.856 -100.360 209.623 19.860
3 16 -98.154 210.876 19.463 -98.225 210.206 19.856 -100.276 210.391 19.755
3 16 -100.186 211.060 19.363 -98.154 210.876 19.463 -100.276 210.391 19.755
3 16 -98.089 211.344 18.842 -98.154 210.876 19.463 -100.186 211.060 19.363
3 16 -100.105 211.527 18.743 -98.089 211.344 18.842 -100.186 211.060 19.363
3 16 -98.039 211.539 18.088 -98.089 211.344 18.842 -100.105 211.527 18.743
3 16 -100.045 211.721 17.990 -98.039 211.539 18.088 -100.105 211.527 18.743
3 16 -98.013 211.431 17.316 -98.039 211.539 18.088 -100.045 211.721 17.990
3 16 -100.015 211.613 17.217 -98.013 211.431 17.316 -100.045 211.721 17.990
3 16 -98.013 211.036 16.643 -98.013 211.431 17.316 -100.015 211.613 17.217
3 16 -100.020 211.218 16.544 -98.013 211.036 16.643 -100.015 211.613 17.217
3 16 -96.016 210.280 16.256 -96.000 210.903 16.727 -98.013 211.036 16.643
3 16 -98.040 210.415 16.171 -96.016 210.280 16.256 -98.013 211.036 16.643
3 16 -96.049 209.526 16.059 -96.016 210.280 16.256 -98.040 210.415 16.171
3 16 -98.090 209.662 15.973 -96.049 209.526 16.059 -98.040 210.415 16.171
3 16 -96.095 208.754 16.166 -96.049 209.526 16.059 -98.090 209.662 15.973
3 16 -98.155 208.891 16.079 -96.095 208.754 16.166 -98.090 209.662 15.973
3 16 -96.147 208.083 16.560 -96.095 208.754 16.166 -98.155 208.891 16.079
3 16 -98.226 208.221 16.472 -96.147 208.083 16.560 -98.155 208.891 16.079
3 16 -96.196 207.614 17.181 -96.147 208.083 16.560 -98.226 208.221 16.472
3 16 -98.291 207.753 17.093 -96.196 207.614 17.181 -98.226 208.221 16.472
3 16 -96.236 207.418 17.936 -96.196 207.614 17.181 -98.291 207.753 17.093
3 16 -98.341 207.558 17.847 -96.236 207.418 17.936 -98.291 207.753 17.093
3 16 -96.259 207.526 18.708 -96.236 207.418 17.936 -98.341 207.558 17.847
3 16 -98.368 207.666 18.619 -96.259 207.526 18.708 -98.341 207.558 17.847
3 16 -96.264 207.921 19.381 -96.259 207.526 18.708 -98.368 207.666 18.619
3 16 -98.368 208.061 19.293 -96.264 207.921 19.381 -98.368 207.666 18.619
3 16 -96.248 208.544 19.852 -96.264 207.921 19.381 -98.368 208.061 19.293
3 16 -98.340 208.682 19.764 -96.248 208.544 19.852 -98.368 208.061 19.293
3 16 -96.215 209.298 20.049 -96.248 208.544 19.852 -98.340 208.682 19.764
3 16 -98.290 209.435 19.962 -96.215 209.298 20.049 -98.340 208.682 19.764
3 16 -96.169 210.069 19.943 -96.215 209.298 20.049 -98.290 209.435 19.962
3 16 -98.225 210.206 19.856 -96.169 210.069 19.943 -98.290 209.435 19.962
3 16 -96.117 210.741 19.549 -96.169 210.069 19.943 -98.225 210.206 19.856
3 16 -98.154 210.876 19.463 -96.117 210.741 19.549 -98.225 210.206 19.856
3 16 -96.068 211.210 18.927 -96.117 210.741 19.549 -98.154 210.876 19.463
3 16 -98.089 211.344 18.842 -96.068 211.210 18.927 -98.154 210.876 19.463
3 16 -96.028 211.406 18.173 -96.068 211.210 18.927 -98.089 211.344 18.842
3 16 -98.039 211.539 18.088 -96.028 211.406 18.173 -98.089 211.344 18.842
3 16 -96.005 211.298 17.400 -96.028 211.406 18.173 -98.039 211.539 18.088
3 16 -98.013 211.431 17.316 -96.005 211.298 17.400 -98.039 211.539 18.088
3 16 -96.000 210.903 16.727 -96.005 211.298 17.400 -98.013 211.431 17.316
3 16 -98.013 211.036 16.643 -96.000 210.903 16.727 -98.013 211.431 17.316
3 16 -93.989 210.195 16.327 -93.985 210.818 16.797 -96.000 210.903 16.727
3 16 -96.016 210.280 16.256 -93.989 210.195 16.327 -96.000 210.903 16.727
3 16 -94.006 209.440 16.130 -93.989 210.195 16.327 -96.016 210.280 16.256
3 16 -96.049 209.526 16.059 -94.006 209.440 16.130 -96.016 210.280 16.256
3 16 -94.032 208.667 16.238 -94.006 209.440 16.130 -96.049 209.526 16.059
3 16 -96.095 208.754 16.166 -94.032 208.667 16.238 -96.049 209.526 16.059
3 16 -94.065 207.995 16.632 -94.032 208.667 16.238 -96.095 208.754 16.166
3 16 -96.147 208.083 16.560 -94.065 207.995 16.632 -96.095 208.754 16.166
3 16 -94.098 207.525 17.255 -94.065 207.995 16.632 -96.147 208.083 16.560
3 16 -96.196 207.614 17.181 -94.098 207.525 17.255 -96.147 208.083 16.560
3 16 -94.127 207.329 18.009 -94.098 207.525 17.255 -96.196 207.614 17.181
3 16 -96.236 207.418 17.936 -94.127 207.329 18.009 -96.196 207.614 17.181
3 16 -94.148 207.437 18.782 -94.127 207.329 18.009 -96.236 207.418 17.936
3 16 -96.259 207.526 18.708 -94.148 207.437 18.782 -96.236 207.418 17.936
3 16 -94.157 207.833 19.455 -94.148 207.437 18.782 -96.259 207.526 18.708
3 16 -96.264 207.921 19.381 -94.157 207.833 19.455 -96.259 207.526 18.708
3 16 -94.153 208.455 19.925 -94.157 207.833 19.455 -96.264 207.921 19.381
3 16 -96.248 208.544 19.852 -94.153 208.455 19.925 -96.264 207.921 19.381
3 16 -94.136 209.210 20.122 -94.153 208.455 19.925 -96.248 208.544 19.852
3 16 -96.215 209.298 20.049 -94.136 209.210 20.122 -96.248 208.544 19.852
3 16 -94.110 209.983 20.014 -94.136 209.210 20.122 -96.215 209.298 20.049
3 16 -96.169 210.069 19.943 -94.110 209.983 20.014 -96.215 209.298 20.049
3 16 -94.077 210.655 19.619 -94.110 209.983 20.014 -96.169 210.069 19.943
3 16 -96.117 210.741 19.549 -94.077 210.655 19.619 -96.169 210.069 19.943
3 16 -94.044 211.125 18.997 -94.077 210.655 19.619 -96.117 210.741 19.549
3 16 -96.068 211.210 18.927 -94.044 211.125 18.997 -96.117 210.741 19.549
3 16 -94.015 211.321 18.242 -94.044 211.125 18.997 -96.068 211.210 18.927
3 16 -96.028 211.406 18.173 -94.015 211.321 18.242 -96.068 211.210 18.927
3 16 -93.994 211.213 17.470 -94.015 211.321 18.242 -96.028 211.406 18.173
3 16 -96.005 211.298 17.400 -93.994 211.213 17.470 -96.028 211.406 18.173
3 16 -93.985 210.818 16.797 -93.994 211.213 17.470 -96.005 211.298 17.400
3 16 -96.000 210.903 16.727 -93.985 210.818 16.797 -96.005 211.298 17.400
3 16 -91.960 210.158 16.382 -91.968 210.781 16.852 -93.985 210.818 16.797
3 16 -93.989 210.195 16.327 -91.960 210.158 16.382 -93.985 210.818 16.797
3 16 -91.960 209.403 16.186 -91.960 210.158 16.382 -93.989 210.195 16.327
3 16 -94.006 209.440 16.130 -91.960 209.403 16.186 -93.989 210.195 16.327
3 16 -91.967 208.630 16.294 -91.960 209.403 16.186 -94.006 209.440 16.130
3 16 -94.032 208.667 16.238 -91.967 208.630 16.294 -94.006 209.440 16.130
3 16 -91.981 207.957 16.689 -91.967 208.630 16.294 -94.032 208.667 16.238
3 16 -94.065 207.995 16.632 -91.981 207.957 16.689 -94.032 208.667 16.238
3 16 -91.998 207.487 17.312 -91.981 207.957 16.689 -94.065 207.995 16.632
3 16 -94.098 207.525 17.255 -91.998 207.487 17.312 -94.065 207.995 16.632
3 16 -92.017 207.291 18.067 -91.998 207.487 17.312 -94.098 207.525 17.255
3 16 -94.127 207.329 18.009 -92.017 207.291 18.067 -94.098 207.525 17.255
3 16 -92.035 207.400 18.840 -92.017 207.291 18.067 -94.127 207.329 18.009
3 16 -94.148 207.437 18.782 -92.035 207.400 18.840 -94.127 207.329 18.009
3 16 -92.048 207.795 19.512 -92.035 207.400 18.840 -94.148 207.437 18.782
3 16 -94.157 207.833 19.455 -92.048 207.795 19.512 -94.148 207.437 18.782
3 16 -92.056 208.418 19.982 -92.048 207.795 19.512 -94.157 207.833 19.455
3 16 -94.153 208.455 19.925 -92.056 208.418 19.982 -94.157 207.833 19.455
3 16 -92.056 209.173 20.178 -92.056 208.418 19.982 -94.153 208.455 19.925
3 16 -94.136 209.210 20.122 -92.056 209.173 20.178 -94.153 208.455 19.925
3 16 -92.049 209.946 20.070 -92.056 209.173 20.178 -94.136 209.210 20.122
3 16 -94.110 209.983 20.014 -92.049 209.946 20.070 -94.136 209.210 20.122
3 16 -92.036 210.619 19.675 -92.049 209.946 20.070 -94.110 209.983 20.014
3 16 -94.077 210.655 19.619 -92.036 210.619 19.675 -94.110 209.983 20.014
3 16 -92.018 211.089 19.052 -92.036 210.619 19.675 -94.077 210.655 19.619
3 16 -94.044 211.125 18.997 -92.018 211.089 19.052 -94.077 210.655 19.619
3 16 -91.999 211.285 18.297 -92.018 211.089 19.052 -94.044 211.125 18.997
3 16 -94.015 211.321 18.242 -91.999 211.285 18.297 -94.044 211.125 18.997
3 16 -91.981 211.177 17.525 -91.999 211.285 18.297 -94.015 211.321 18.242
3 16 -93.994 211.213 17.470 -91.981 211.177 17.525 -94.015 211.321 18.242
3 16 -91.968 210.781 16.852 -91.981 211.177 17.525 -93.994 211.213 17.470
3 16 -93.985 210.818 16.797 -91.968 210.781 16.852 -93.994 211.213 17.470
3 16 -89.930 210.171 16.422 -89.949 210.793 16.892 -91.968 210.781 16.852
3 16 -91.960 210.158 16.382 -89.930 210.171 16.422 -91.968 210.781 16.852
3 16 -89.914 209.415 16.227 -89.930 210.171 16.422 -91.960 210.158 16.382
3 16 -91.960 209.403 16.186 -89.914 209.415 16.227 -91.960 210.158 16.382
3 16 -89.901 208.643 16.335 -89.914 209.415 16.227 -91.960 209.403 16.186
3 16 -91.967 208.630 16.294 -89.901 208.643 16.335 -91.960 209.403 16.186
3 16 -89.895 207.970 16.731 -89.901 208.643 16.335 -91.967 208.630 16.294
3 16 -91.981 207.957 16.689 -89.895 207.970 16.731 -91.967 208.630 16.294
3 16 -89.897 207.500 17.354 -89.895 207.970 16.731 -91.981 207.957 16.689
3 16 -91.998 207.487 17.312 -89.897 207.500 17.354 -91.981 207.957 16.689
3 16 -89.906 207.304 18.110 -89.897 207.500 17.354 -91.998 207.487 17.312
3 16 -92.017 207.291 18.067 -89.906 207.304 18.110 -91.998 207.487 17.312
3 16 -89.920 207.413 18.882 -89.906 207.304 18.110 -92.017 207.291 18.067
3 16 -92.035 207.400 18.840 -89.920 207.413 18.882 -92.017 207.291 18.067
3 16 -89.938 207.808 19.555 -89.920 207.413 18.882 -92.035 207.400 18.840
3 16 -92.048 207.795 19.512 -89.938 207.808 19.555 -92.035 207.400 18.840
3 16 -89.957 208.431 20.024 -89.938 207.808 19.555 -92.048 207.795 19.512
3 16 -92.056 208.418 19.982 -89.957 208.431 20.024 -92.048 207.795 19.512
3 16 -89.974 209.186 20.220 -89.957 208.431 20.024 -92.056 208.418 19.982
3 16 -92.056 209.173 20.178 -89.974 209.186 20.220 -92.056 208.418 19.982
3 16 -89.986 209.959 20.112 -89.974 209.186 20.220 -92.056 209.173 20.178
3 16 -92.049 209.946 20.070 -89.986 209.959 20.112 -92.056 209.173 20.178
3 16 -89.992 210.632 19.716 -89.986 209.959 20.112 -92.049 209.946 20.070
3 16 -92.036 210.619 19.675 -89.992 210.632 19.716 -92.049 209.946 20.070
3 16 -89.991 211.101 19.093 -89.992 210.632 19.716 -92.036 210.619 19.675
3 16 -92.018 211.089 19.052 -89.991 211.101 19.093 -92.036 210.619 19.675
3 16 -89.982 211.297 18.337 -89.991 211.101 19.093 -92.018 211.089 19.052
3 16 -91.999 211.285 18.297 -89.982 211.297 18.337 -92.018 211.089 19.052
3 16 -89.967 211.189 17.565 -89.982 211.297 18.337 -91.999 211.285 18.297
3 16 -91.981 211.177 17.525 -89.967 211.189 17.565 -91.999 211.285 18.297
3 16 -89.949 210.793 16.892 -89.967 211.189 17.565 -91.981 211.177 17.525
3 16 -91.968 210.781 16.852 -89.949 210.793 16.892 -91.981 211.177 17.525
3 16 -87.902 210.232 16.448 -87.933 210.854 16.917 -89.949 210.793 16.892
3 16 -89.930 210.171 16.422 -87.902 210.232 16.448 -89.949 210.793 16.892
3 16 -87.869 209.477 16.252 -87.902 210.232 16.448 -89.930 210.171 16.422
3 16 -89.914 209.415 16.227 -87.869 209.477 16.252 -89.930 210.171 16.422
3 16 -87.837 208.705 16.361 -87.869 209.477 16.252 -89.914 209.415 16.227
3 16 -89.901 208.643 16.335 -87.837 208.705 16.361 -89.914 209.415 16.227
3 16 -87.812 208.033 16.757 -87.837 208.705 16.361 -89.901 208.643 16.335
3 16 -89.895 207.970 16.731 -87.812 208.033 16.757 -89.901 208.643 16.335
3 16 -87.798 207.563 17.381 -87.812 208.033 16.757 -89.895 207.970 16.731
3 16 -89.897 207.500 17.354 -87.798 207.563 17.381 -89.895 207.970 16.731
3 16 -87.796 207.368 18.136 -87.798 207.563 17.381 -89.897 207.500 17.354
3 16 -89.906 207.304 18.110 -87.796 207.368 18.136 -89.897 207.500 17.354
3 16 -87.807 207.477 18.909 -87.796 207.368 18.136 -89.906 207.304 18.110
3 16 -89.920 207.413 18.882 -87.807 207.477 18.909 -89.906 207.304 18.110
3 16 -87.830 207.872 19.581 -87.807 207.477 18.909 -89.920 207.413 18.882
3 16 -89.938 207.808 19.555 -87.830 207.872 19.581 -89.920 207.413 18.882
3 16 -87.860 208.495 20.051 -87.830 207.872 19.581 -89.938 207.808 19.555
3 16 -89.957 208.431 20.024 -87.860 208.495 20.051 -89.938 207.808 19.555
3 16 -87.894 209.249 20.246 -87.860 208.495 20.051 -89.957 208.431 20.024
3 16 -89.974 209.186 20.220 -87.894 209.249 20.246 -89.957 208.431 20.024
3 16 -87.926 210.022 20.137 -87.894 209.249 20.246 -89.974 209.186 20.220
3 16 -89.986 209.959 20.112 -87.926 210.022 20.137 -89.974 209.186 20.220
3 16 -87.951 210.693 19.741 -87.926 210.022 20.137 -89.986 209.959 20.112
3 16 -89.992 210.632 19.716 -87.951 210.693 19.741 -89.986 209.959 20.112
3 16 -87.965 211.163 19.118 -87.951 210.693 19.741 -89.992 210.632 19.716
3 16 -89.991 211.101 19.093 -87.965 211.163 19.118 -89.992 210.632 19.716
3 16 -87.967 211.358 18.362 -87.965 211.163 19.118 -89.991 211.101 19.093
3 16 -89.982 211.297 18.337 -87.967 211.358 18.362 -89.991 211.101 19.093
3 16 -87.955 211.250 17.589 -87.967 211.358 18.362 -89.982 211.297 18.337
3 16 -89.967 211.189 17.565 -87.955 211.250 17.589 -89.982 211.297 18.337
3 16 -87.933 210.854 16.917 -87.955 211.250 17.589 -89.967 211.189 17.565
3 16 -89.949 210.793 16.892 -87.933 210.854 16.917 -89.967 211.189 17.565
3 16 -85.875 210.341 16.458 -85.917 210.963 16.927 -87.933 210.854 16.917
3 16 -87.902 210.232 16.448 -85.875 210.341 16.458 -87.933 210.854 16.917
3 16 -85.825 209.587 16.263 -85.875 210.341 16.458 -87.902 210.232 16.448
3 16 -87.869 209.477 16.252 -85.825 209.587 16.263 -87.902 210.232 16.448
3 16 -85.774 208.816 16.371 -85.825 209.587 16.263 -87.869 209.477 16.252
3 16 -87.837 208.705 16.361 -85.774 208.816 16.371 -87.869 209.477 16.252
3 16 -85.730 208.146 16.768 -85.774 208.816 16.371 -87.837 208.705 16.361
3 16 -87.812 208.033 16.757 -85.730 208.146 16.768 -87.837 208.705 16.361
3 16 -85.699 207.677 17.391 -85.730 208.146 16.768 -87.812 208.033 16.757
3 16 -87.798 207.563 17.381 -85.699 207.677 17.391 -87.812 208.033 16.757
3 16 -85.687 207.483 18.147 -85.699 207.677 17.391 -87.798 207.563 17.381
3 16 -87.796 207.368 18.136 -85.687 207.483 18.147 -87.798 207.563 17.381
3 16 -85.696 207.591 18.920 -85.687 207.483 18.147 -87.796 207.368 18.136
3 16 -87.807 207.477 18.909 -85.696 207.591 18.920 -87.796 207.368 18.136
3 16 -85.723 207.987 19.592 -85.696 207.591 18.920 -87.807 207.477 18.909
3 16 -87.830 207.872 19.581 -85.723 207.987 19.592 -87.807 207.477 18.909
3 16 -85.765 208.609 20.061 -85.723 207.987 19.592 -87.830 207.872 19.581
3 16 -87.860 208.495 20.051 -85.765 208.609 20.061 -87.830 207.872 19.581
3 16 -85.815 209.363 20.256 -85.765 208.609 20.061 -87.860 208.495 20.051
3 16 -87.894 209.249 20.246 -85.815 209.363 20.256 -87.860 208.495 20.051
3 16 -85.866 210.134 20.147 -85.815 209.363 20.256 -87.894 209.249 20.246
3 16 -87.926 210.022 20.137 -85.866 210.134 20.147 -87.894 209.249 20.246
3 16 -85.910 210.804 19.751 -85.866 210.134 20.147 -87.926 210.022 20.137
3 16 -87.951 210.693 19.741 -85.910 210.804 19.751 -87.926 210.022 20.137
3 16 -85.940 211.273 19.127 -85.910 210.804 19.751 -87.951 210.693 19.741
3 16 -87.965 211.163 19.118 -85.940 211.273 19.127 -87.951 210.693 19.741
3 16 -85.952 211.468 18.372 -85.940 211.273 19.127 -87.965 211.163 19.118
3 16 -87.967 211.358 18.362 -85.952 211.468 18.372 -87.965 211.163 19.118
3 16 -85.944 211.359 17.599 -85.952 211.468 18.372 -87.967 211.358 18.362
3 16 -87.955 211.250 17.589 -85.944 211.359 17.599 -87.967 211.358 18.362
3 16 -85.917 210.963 16.927 -85.944 211.359 17.599 -87.955 211.250 17.589
3 16 -87.933 210.854 16.917 -85.917 210.963 16.927 -87.955 211.250 17.589
3 16 -83.852 210.500 16.452 -83.905 211.121 16.922 -85.917 210.963 16.927
3 16 -85.875 210.341 16.458 -83.852 210.500 16.452 -85.917 210.963 16.927
3 16 -83.785 209.747 16.257 -83.852 210.500 16.452 -85.875 210.341 16.458
3 16 -85.825 209.587 16.263 -83.785 209.747 16.257 -85.875 210.341 16.458
3 16 -83.715 208.978 16.366 -83.785 209.747 16.257 -85.825 209.587 16.263
3 16 -85.774 208.816 16.371 -83.715 208.978 16.366 -85.825 209.587 16.263
3 16 -83.652 208.308 16.763 -83.715 208.978 16.366 -85.774 208.816 16.371
3 16 -85.730 208.146 16.768 -83.652 208.308 16.763 -85.774 208.816 16.371
3 16 -83.605 207.841 17.386 -83.652 208.308 16.763 -85.730 208.146 16.768
3 16 -85.699 207.677 17.391 -83.605 207.841 17.386 -85.730 208.146 16.768
3 16 -83.583 207.648 18.142 -83.605 207.841 17.386 -85.699 207.677 17.391
3 16 -85.687 207.483 18.147 -83.583 207.648 18.142 -85.699 207.677 17.391
3 16 -83.588 207.757 18.914 -83.583 207.648 18.142 -85.687 207.483 18.147
3 16 -85.696 207.591 18.920 -83.588 207.757 18.914 -85.687 207.483 18.147
3 16 -83.619 208.152 19.587 -83.588 207.757 18.914 -85.696 207.591 18.920
3 16 -85.723 207.987 19.592 -83.619 208.152 19.587 -85.696 207.591 18.920
3 16 -83.673 208.773 20.056 -83.619 208.152 19.587 -85.723 207.987 19.592
3 16 -85.765 208.609 20.061 -83.673 208.773 20.056 -85.723 207.987 19.592
3 16 -83.740 209.526 20.251 -83.673 208.773 20.056 -85.765 208.609 20.061
3 16 -85.815 209.363 20.256 -83.740 209.526 20.251 -85.765 208.609 20.061
3 16 -83.810 210.295 20.142 -83.740 209.526 20.251 -85.815 209.363 20.256
3 16 -85.866 210.134 20.147 -83.810 210.295 20.142 -85.815 209.363 20.256
3 16 -83.873 210.964 19.746 -83.810 210.295 20.142 -85.866 210.134 20.147
3 16 -85.910 210.804 19.751 -83.873 210.964 19.746 -85.866 210.134 20.147
3 16 -83.919 211.431 19.122 -83.873 210.964 19.746 -85.910 210.804 19.751
3 16 -85.940 211.273 19.127 -83.919 211.431 19.122 -85.910 210.804 19.751
3 16 -83.941 211.625 18.367 -83.919 211.431 19.122 -85.940 211.273 19.127
3 16 -85.952 211.468 18.372 -83.941 211.625 18.367 -85.940 211.273 19.127
3 16 -83.936 211.516 17.594 -83.941 211.625 18.367 -85.952 211.468 18.372
3 16 -85.944 211.359 17.599 -83.936 211.516 17.594 -85.952 211.468 18.372
3 16 -83.905 211.121 16.922 -83.936 211.516 17.594 -85.944 211.359 17.599
3 16 -85.917 210.963 16.927 -83.905 211.121 16.922 -85.944 211.359 17.599
3 16 -81.833 210.707 16.432 -81.897 211.327 16.901 -83.905 211.121 16.922
3 16 -83.852 210.500 16.452 -81.833 210.707 16.432 -83.905 211.121 16.922
3 16 -81.749 209.956 16.237 -81.833 210.707 16.432 -83.852 210.500 16.452
3 16 -83.785 209.747 16.257 -81.749 209.956 16.237 -83.852 210.500 16.452
3 16 -81.660 209.188 16.346 -81.749 209.956 16.237 -83.785 209.747 16.257
3 16 -83.715 208.978 16.366 -81.660 209.188 16.346 -83.785 209.747 16.257
3 16 -81.578 208.521 16.742 -81.660 209.188 16.346 -83.715 208.978 16.366
3 16 -83.652 208.308 16.763 -81.578 208.521 16.742 -83.715 208.978 16.366
3 16 -81.516 208.056 17.365 -81.578 208.521 16.742 -83.652 208.308 16.763
3 16 -83.605 207.841 17.386 -81.516 208.056 17.365 -83.652 208.308 16.763
3 16 -81.483 207.863 18.121 -81.516 208.056 17.365 -83.605 207.841 17.386
3 16 -83.583 207.648 18.142 -81.483 207.863 18.121 -83.605 207.841 17.386
3 16 -81.485 207.972 18.893 -81.483 207.863 18.121 -83.583 207.648 18.142
3 16 -83.588 207.757 18.914 -81.485 207.972 18.893 -83.583 207.648 18.142
3 16 -81.521 208.367 19.566 -81.485 207.972 18.893 -83.588 207.757 18.914
3 16 -83.619 208.152 19.587 -81.521 208.367 19.566 -83.588 207.757 18.914
3 16 -81.585 208.987 20.035 -81.521 208.367 19.566 -83.619 208.152 19.587
3 16 -83.673 208.773 20.056 -81.585 208.987 20.035 -83.619 208.152 19.587
3 16 -81.669 209.738 20.230 -81.585 208.987 20.035 -83.673 208.773 20.056
3 16 -83.740 209.526 20.251 -81.669 209.738 20.230 -83.673 208.773 20.056
3 16 -81.758 210.506 20.121 -81.669 209.738 20.230 -83.740 209.526 20.251
3 16 -83.810 210.295 20.142 -81.758 210.506 20.121 -83.740 209.526 20.251
3 16 -81.840 211.173 19.725 -81.758 210.506 20.121 -83.810 210.295 20.142
3 16 -83.873 210.964 19.746 -81.840 211.173 19.725 -83.810 210.295 20.142
3 16 -81.902 211.638 19.101 -81.840 211.173 19.725 -83.873 210.964 19.746
3 16 -83.919 211.431 19.122 -81.902 211.638 19.101 -83.873 210.964 19.746
3 16 -81.935 211.831 18.346 -81.902 211.638 19.101 -83.919 211.431 19.122
3 16 -83.941 211.625 18.367 -81.935 211.831 18.346 -83.919 211.431 19.122
3 16 -81.933 211.722 17.573 -81.935 211.831 18.346 -83.941 211.625 18.367
3 16 -83.936 211.516 17.594 -81.933 211.722 17.573 -83.941 211.625 18.367
3 16 -81.897 211.327 16.901 -81.933 211.722 17.573 -83.936 211.516 17.594
3 16 -83.905 211.121 16.922 -81.897 211.327 16.901 -83.936 211.516 17.594
3 16 -79.819 210.962 16.396 -79.895 211.581 16.866 -81.897 211.327 16.901
3 16 -81.833 210.707 16.432 -79.819 210.962 16.396 -81.897 211.327 16.901
3 16 -79.719 210.213 16.201 -79.819 210.962 16.396 -81.833 210.707 16.432
3 16 -81.749 209.956 16.237 -79.719 210.213 16.201 -81.833 210.707 16.432
3 16 -79.610 209.448 16.309 -79.719 210.213 16.201 -81.749 209.956 16.237
3 16 -81.660 209.188 16.346 -79.610 209.448 16.309 -81.749 209.956 16.237
3 16 -79.509 208.783 16.705 -79.610 209.448 16.309 -81.660 209.188 16.346
3 16 -81.578 208.521 16.742 -79.509 208.783 16.705 -81.660 209.188 16.346
3 16 -79.432 208.320 17.328 -79.509 208.783 16.705 -81.578 208.521 16.742
3 16 -81.516 208.056 17.365 -79.432 208.320 17.328 -81.578 208.521 16.742
3 16 -79.389 208.129 18.084 -79.432 208.320 17.328 -81.516 208.056 17.365
3 16 -81.483 207.863 18.121 -79.389 208.129 18.084 -81.516 208.056 17.365
3 16 -79.387 208.238 18.856 -79.389 208.129 18.084 -81.483 207.863 18.121
3 16 -81.485 207.972 18.893 -79.387 208.238 18.856 -81.483 207.863 18.121
3 16 -79.428 208.633 19.529 -79.387 208.238 18.856 -81.485 207.972 18.893
3 16 -81.521 208.367 19.566 -79.428 208.633 19.529 -81.485 207.972 18.893
3 16 -79.504 209.251 19.998 -79.428 208.633 19.529 -81.521 208.367 19.566
3 16 -81.585 208.987 20.035 -79.504 209.251 19.998 -81.521 208.367 19.566
3 16 -79.603 210.000 20.193 -79.504 209.251 19.998 -81.585 208.987 20.035
3 16 -81.669 209.738 20.230 -79.603 210.000 20.193 -81.585 208.987 20.035
3 16 -79.712 210.765 20.085 -79.603 210.000 20.193 -81.669 209.738 20.230
3 16 -81.758 210.506 20.121 -79.712 210.765 20.085 -81.669 209.738 20.230
3 16 -79.813 211.430 19.689 -79.712 210.765 20.085 -81.758 210.506 20.121
3 16 -81.840 211.173 19.725 -79.813 211.430 19.689 -81.758 210.506 20.121
3 16 -79.891 211.894 19.066 -79.813 211.430 19.689 -81.840 211.173 19.725
3 16 -81.902 211.638 19.101 -79.891 211.894 19.066 -81.840 211.173 19.725
3 16 -79.934 212.085 18.310 -79.891 211.894 19.066 -81.902 211.638 19.101
3 16 -81.935 211.831 18.346 -79.934 212.085 18.310 -81.902 211.638 19.101
3 16 -79.935 211.975 17.538 -79.934 212.085 18.310 -81.935 211.831 18.346
3 16 -81.933 211.722 17.573 -79.935 211.975 17.538 -81.935 211.831 18.346
3 16 -79.895 211.581 16.866 -79.935 211.975 17.538 -81.933 211.722 17.573
3 16 -81.897 211.327 16.901 -79.895 211.581 16.866 -81.933 211.722 17.573
3 16 -77.813 211.265 16.345 -77.900 211.882 16.815 -79.895 211.581 16.866
3 16 -79.819 210.962 16.396 -77.813 211.265 16.345 -79.895 211.581 16.866
3 16 -77.696 210.518 16.149 -77.813 211.265 16.345 -79.819 210.962 16.396
3 16 -79.719 210.213 16.201 -77.696 210.518 16.149 -79.819 210.962 16.396
3 16 -77.569 209.756 16.258 -77.696 210.518 16.149 -79.719 210.213 16.201
3 16 -79.610 209.448 16.309 -77.569 209.756 16.258 -79.719 210.213 16.201
3 16 -77.449 209.094 16.653 -77.569 209.756 16.258 -79.610 209.448 16.309
3 16 -79.509 208.783 16.705 -77.449 209.094 16.653 -79.610 209.448 16.309
3 16 -77.356 208.633 17.276 -77.449 209.094 16.653 -79.509 208.783 16.705
3 16 -79.432 208.320 17.328 -77.356 208.633 17.276 -79.509 208.783 16.705
3 16 -77.303 208.444 18.031 -77.356 208.633 17.276 -79.432 208.320 17.328
3 16 -79.389 208.129 18.084 -77.303 208.444 18.031 -79.432 208.320 17.328
3 16 -77.298 208.554 18.804 -77.303 208.444 18.031 -79.389 208.129 18.084
3 16 -79.387 208.238 18.856 -77.298 208.554 18.804 -79.389 208.129 18.084
3 16 -77.343 208.948 19.476 -77.298 208.554 18.804 -79.387 208.238 18.856
3 16 -79.428 208.633 19.529 -77.343 208.948 19.476 -79.387 208.238 18.856
3 16 -77.430 209.565 19.946 -77.343 208.948 19.476 -79.428 208.633 19.529
3 16 -79.504 209.251 19.998 -77.430 209.565 19.946 -79.428 208.633 19.529
3 16 -77.546 210.311 20.141 -77.430 209.565 19.946 -79.504 209.251 19.998
3 16 -79.603 210.000 20.193 -77.546 210.311 20.141 -79.504 209.251 19.998
3 16 -77.674 211.074 20.033 -77.546 210.311 20.141 -79.603 210.000 20.193
3 16 -79.712 210.765 20.085 -77.674 211.074 20.033 -79.603 210.000 20.193
3 16 -77.793 211.736 19.637 -77.674 211.074 20.033 -79.712 210.765 20.085
3 16 -79.813 211.430 19.689 -77.793 211.736 19.637 -79.712 210.765 20.085
3 16 -77.887 212.196 19.015 -77.793 211.736 19.637 -79.813 211.430 19.689
3 16 -79.891 211.894 19.066 -77.887 212.196 19.015 -79.813 211.430 19.689
3 16 -77.940 212.386 18.260 -77.887 212.196 19.015 -79.891 211.894 19.066
3 16 -79.934 212.085 18.310 -77.940 212.386 18.260 -79.891 211.894 19.066
3 16 -77.944 212.276 17.487 -77.940 212.386 18.260 -79.934 212.085 18.310
3 16 -79.935 211.975 17.538 -77.944 212.276 17.487 -79.934 212.085 18.310
3 16 -77.900 211.882 16.815 -77.944 212.276 17.487 -79.935 211.975 17.538
3 16 -79.895 211.581 16.866 -77.900 211.882 16.815 -79.935 211.975 17.538
3 16 -75.814 211.616 16.279 -75.912 212.231 16.749 -77.900 211.882 16.815
3 16 -77.813 211.265 16.345 -75.814 211.616 16.279 -77.900 211.882 16.815
3 16 -75.681 210.872 16.083 -75.814 211.616 16.279 -77.813 211.265 16.345
3 16 -77.696 210.518 16.149 -75.681 210.872 16.083 -77.813 211.265 16.345
3 16 -75.535 210.113 16.190 -75.681 210.872 16.083 -77.696 210.518 16.149
3 16 -77.569 209.756 16.258 -75.535 210.113 16.190 -77.696 210.518 16.149
3 16 -75.396 209.455 16.586 -75.535 210.113 16.190 -77.569 209.756 16.258
3 16 -77.449 209.094 16.653 -75.396 209.455 16.586 -77.569 209.756 16.258
3 16 -75.287 208.997 17.208 -75.396 209.455 16.586 -77.449 209.094 16.653
3 16 -77.356 208.633 17.276 -75.287 208.997 17.208 -77.449 209.094 16.653
3 16 -75.224 208.809 17.963 -75.287 208.997 17.208 -77.356 208.633 17.276
3 16 -77.303 208.444 18.031 -75.224 208.809 17.963 -77.356 208.633 17.276
3 16 -75.216 208.920 18.735 -75.224 208.809 17.963 -77.303 208.444 18.031
3 16 -77.298 208.554 18.804 -75.216 208.920 18.735 -77.303 208.444 18.031
3 16 -75.265 209.313 19.407 -75.216 208.920 18.735 -77.298 208.554 18.804
3 16 -77.343 208.948 19.476 -75.265 209.313 19.407 -77.298 208.554 18.804
3 16 -75.364 209.928 19.877 -75.265 209.313 19.407 -77.343 208.948 19.476
3 16 -77.430 209.565 19.946 -75.364 209.928 19.877 -77.343 208.948 19.476
3 16 -75.496 210.672 20.073 -75.364 209.928 19.877 -77.430 209.565 19.946
3 16 -77.546 210.311 20.141 -75.496 210.672 20.073 -77.430 209.565 19.946
3 16 -75.643 211.431 19.966 -75.496 210.672 20.073 -77.546 210.311 20.141
3 16 -77.674 211.074 20.033 -75.643 211.431 19.966 -77.546 210.311 20.141
3 16 -75.781 212.089 19.571 -75.643 211.431 19.966 -77.674 211.074 20.033
3 16 -77.793 211.736 19.637 -75.781 212.089 19.571 -77.674 211.074 20.033
3 16 -75.890 212.547 18.948 -75.781 212.089 19.571 -77.793 211.736 19.637
3 16 -77.887 212.196 19.015 -75.890 212.547 18.948 -77.793 211.736 19.637
3 16 -75.953 212.735 18.194 -75.890 212.547 18.948 -77.887 212.196 19.015
3 16 -77.940 212.386 18.260 -75.953 212.735 18.194 -77.887 212.196 19.015
3 16 -75.961 212.624 17.421 -75.953 212.735 18.194 -77.940 212.386 18.260
3 16 -77.944 212.276 17.487 -75.961 212.624 17.421 -77.940 212.386 18.260
3 16 -75.912 212.231 16.749 -75.961 212.624 17.421 -77.944 212.276 17.487
3 16 -77.900 211.882 16.815 -75.912 212.231 16.749 -77.944 212.276 17.487
3 16 -73.825 212.014 16.198 -73.934 212.627 16.668 -75.912 212.231 16.749
3 16 -75.814 211.616 16.279 -73.825 212.014 16.198 -75.912 212.231 16.749
3 16 -73.676 211.273 16.001 -73.825 212.014 16.198 -75.814 211.616 16.279
3 16 -75.681 210.872 16.083 -73.676 211.273 16.001 -75.814 211.616 16.279
3 16 -73.511 210.518 16.108 -73.676 211.273 16.001 -75.681 210.872 16.083
3 16 -75.535 210.113 16.190 -73.511 210.518 16.108 -75.681 210.872 16.083
3 16 -73.354 209.863 16.502 -73.511 210.518 16.108 -75.535 210.113 16.190
3 16 -75.396 209.455 16.586 -73.354 209.863 16.502 -75.535 210.113 16.190
3 16 -73.230 209.409 17.124 -73.354 209.863 16.502 -75.396 209.455 16.586
3 16 -75.287 208.997 17.208 -73.230 209.409 17.124 -75.396 209.455 16.586
3 16 -73.156 209.223 17.879 -73.230 209.409 17.124 -75.287 208.997 17.208
3 16 -75.224 208.809 17.963 -73.156 209.223 17.879 -75.287 208.997 17.208
3 16 -73.146 209.335 18.651 -73.156 209.223 17.879 -75.224 208.809 17.963
3 16 -75.216 208.920 18.735 -73.146 209.335 18.651 -75.224 208.809 17.963
3 16 -73.199 209.727 19.323 -73.146 209.335 18.651 -75.216 208.920 18.735
3 16 -75.265 209.313 19.407 -73.199 209.727 19.323 -75.216 208.920 18.735
3 16 -73.308 210.340 19.794 -73.199 209.727 19.323 -75.265 209.313 19.407
3 16 -75.364 209.928 19.877 -73.308 210.340 19.794 -75.265 209.313 19.407
3 16 -73.457 211.080 19.990 -73.308 210.340 19.794 -75.364 209.928 19.877
3 16 -75.496 210.672 20.073 -73.457 211.080 19.990 -75.364 209.928 19.877
3 16 -73.623 211.835 19.883 -73.457 211.080 19.990 -75.496 210.672 20.073
3 16 -75.643 211.431 19.966 -73.623 211.835 19.883 -75.496 210.672 20.073
3 16 -73.779 212.490 19.489 -73.623 211.835 19.883 -75.643 211.431 19.966
3 16 -75.781 212.089 19.571 -73.779 212.490 19.489 -75.643 211.431 19.966
3 16 -73.904 212.945 18.867 -73.779 212.490 19.489 -75.781 212.089 19.571
3 16 -75.890 212.547 18.948 -73.904 212.945 18.867 -75.781 212.089 19.571
3 16 -73.977 213.131 18.113 -73.904 212.945 18.867 -75.890 212.547 18.948
3 16 -75.953 212.735 18.194 -73.977 213.131 18.113 -75.890 212.547 18.948
3 16 -73.988 213.019 17.341 -73.977 213.131 18.113 -75.953 212.735 18.194
3 16 -75.961 212.624 17.421 -73.988 213.019 17.341 -75.953 212.735 18.194
3 16 -73.934 212.627 16.668 -73.988 213.019 17.341 -75.961 212.624 17.421
3 16 -75.912 212.231 16.749 -73.934 212.627 16.668 -75.961 212.624 17.421
3 16 -71.846 212.459 16.101 -71.967 213.070 16.572 -73.934 212.627 16.668
3 16 -73.825 212.014 16.198 -71.846 212.459 16.101 -73.934 212.627 16.668
3 16 -71.682 211.722 15.904 -71.846 212.459 16.101 -73.825 212.014 16.198
3 16 -73.676 211.273 16.001 -71.682 211.722 15.904 -73.825 212.014 16.198
3 16 -71.498 210.971 16.010 -71.682 211.722 15.904 -73.676 211.273 16.001
3 16 -73.511 210.518 16.108 -71.498 210.971 16.010 -73.676 211.273 16.001
3 16 -71.322 210.321 16.404 -71.498 210.971 16.010 -73.511 210.518 16.108
3 16 -73.354 209.863 16.502 -71.322 210.321 16.404 -73.511 210.518 16.108
3 16 -71.182 209.869 17.025 -71.322 210.321 16.404 -73.354 209.863 16.502
3 16 -73.230 209.409 17.124 -71.182 209.869 17.025 -73.354 209.863 16.502
3 16 -71.099 209.686 17.779 -71.182 209.869 17.025 -73.230 209.409 17.124
3 16 -73.156 209.223 17.879 -71.099 209.686 17.779 -73.230 209.409 17.124
3 16 -71.086 209.799 18.551 -71.099 209.686 17.779 -73.156 209.223 17.879
3 16 -73.146 209.335 18.651 -71.086 209.799 18.551 -73.156 209.223 17.879
3 16 -71.143 210.190 19.224 -71.086 209.799 18.551 -73.146 209.335 18.651
3 16 -73.199 209.727 19.323 -71.143 210.190 19.224 -73.146 209.335 18.651
3 16 -71.264 210.801 19.694 -71.143 210.190 19.224 -73.199 209.727 19.323
3 16 -73.308 210.340 19.794 -71.264 210.801 19.694 -73.199 209.727 19.323
3 16 -71.428 211.537 19.892 -71.264 210.801 19.694 -73.308 210.340 19.794
3 16 -73.457 211.080 19.990 -71.428 211.537 19.892 -73.308 210.340 19.794
3 16 -71.612 212.288 19.786 -71.428 211.537 19.892 -73.457 211.080 19.990
3 16 -73.623 211.835 19.883 -71.612 212.288 19.786 -73.457 211.080 19.990
3 16 -71.788 212.939 19.392 -71.612 212.288 19.786 -73.623 211.835 19.883
3 16 -73.779 212.490 19.489 -71.788 212.939 19.392 -73.623 211.835 19.883
3 16 -71.928 213.390 18.771 -71.788 212.939 19.392 -73.779 212.490 19.489
3 16 -73.904 212.945 18.867 -71.928 213.390 18.771 -73.779 212.490 19.489
3 16 -72.011 213.574 18.017 -71.928 213.390 18.771 -73.904 212.945 18.867
3 16 -73.977 213.131 18.113 -72.011 213.574 18.017 -73.904 212.945 18.867
3 16 -72.025 213.461 17.245 -72.011 213.574 18.017 -73.977 213.131 18.113
3 16 -73.988 213.019 17.341 -72.025 213.461 17.245 -73.977 213.131 18.113
3 16 -71.967 213.070 16.572 -72.025 213.461 17.245 -73.988 213.019 17.341
3 16 -73.934 212.627 16.668 -71.967 213.070 16.572 -73.988 213.019 17.341
3 16 -69.879 212.951 15.990 -70.011 213.559 16.462 -71.967 213.070 16.572
3 16 -71.846 212.459 16.101 -69.879 212.951 15.990 -71.967 213.070 16.572
3 16 -69.699 212.218 15.792 -69.879 212.951 15.990 -71.846 212.459 16.101
3 16 -71.682 211.722 15.904 -69.699 212.218 15.792 -71.846 212.459 16.101
3 16 -69.496 211.472 15.898 -69.699 212.218 15.792 -71.682 211.722 15.904
3 16 -71.498 210.971 16.010 -69.496 211.472 15.898 -71.682 211.722 15.904
3 16 -69.303 210.826 16.290 -69.496 211.472 15.898 -71.498 210.971 16.010
3 16 -71.322 210.321 16.404 -69.303 210.826 16.290 -71.498 210.971 16.010
3 16 -69.148 210.378 16.910 -69.303 210.826 16.290 -71.322 210.321 16.404
3 16 -71.182 209.869 17.025 -69.148 210.378 16.910 -71.322 210.321 16.404
3 16 -69.055 210.198 17.664 -69.148 210.378 16.910 -71.182 209.869 17.025
3 16 -71.099 209.686 17.779 -69.055 210.198 17.664 -71.182 209.869 17.025
3 16 -69.038 210.311 18.436 -69.055 210.198 17.664 -71.099 209.686 17.779
3 16 -71.086 209.799 18.551 -69.038 210.311 18.436 -71.099 209.686 17.779
3 16 -69.100 210.701 19.109 -69.038 210.311 18.436 -71.086 209.799 18.551
3 16 -71.143 210.190 19.224 -69.100 210.701 19.109 -71.086 209.799 18.551
3 16 -69.231 211.309 19.580 -69.100 210.701 19.109 -71.143 210.190 19.224
3 16 -71.264 210.801 19.694 -69.231 211.309 19.580 -71.143 210.190 19.224
3 16 -69.412 212.042 19.778 -69.231 211.309 19.580 -71.264 210.801 19.694
3 16 -71.428 211.537 19.892 -69.412 212.042 19.778 -71.264 210.801 19.694
3 16 -69.615 212.788 19.673 -69.412 212.042 19.778 -71.428 211.537 19.892
3 16 -71.612 212.288 19.786 -69.615 212.788 19.673 -71.428 211.537 19.892
3 16 -69.808 213.434 19.280 -69.615 212.788 19.673 -71.612 212.288 19.786
3 16 -71.788 212.939 19.392 -69.808 213.434 19.280 -71.612 212.288 19.786
3 16 -69.963 213.882 18.660 -69.808 213.434 19.280 -71.788 212.939 19.392
3 16 -71.928 213.390 18.771 -69.963 213.882 18.660 -71.788 212.939 19.392
3 16 -70.056 214.063 17.907 -69.963 213.882 18.660 -71.928 213.390 18.771
3 16 -72.011 213.574 18.017 -70.056 214.063 17.907 -71.928 213.390 18.771
3 16 -70.073 213.949 17.135 -70.056 214.063 17.907 -72.011 213.574 18.017
3 16 -72.025 213.461 17.245 -70.073 213.949 17.135 -72.011 213.574 18.017
3 16 -70.011 213.559 16.462 -70.073 213.949 17.135 -72.025 213.461 17.245
3 16 -71.967 213.070 16.572 -70.011 213.559 16.462 -72.025 213.461 17.245
3 16 -67.926 213.489 15.865 -68.068 214.094 16.337 -70.011 213.559 16.462
3 16 -69.879 212.951 15.990 -67.926 213.489 15.865 -70.011 213.559 16.462
3 16 -67.730 212.761 15.666 -67.926 213.489 15.865 -69.879 212.951 15.990
3 16 -69.699 212.218 15.792 -67.730 212.761 15.666 -69.879 212.951 15.990
3 16 -67.509 212.019 15.770 -67.730 212.761 15.666 -69.699 212.218 15.792
3 16 -69.496 211.472 15.898 -67.509 212.019 15.770 -69.699 212.218 15.792
3 16 -67.297 211.378 16.161 -67.509 212.019 15.770 -69.496 211.472 15.898
3 16 -69.303 210.826 16.290 -67.297 211.378 16.161 -69.496 211.472 15.898
3 16 -67.127 210.935 16.781 -67.297 211.378 16.161 -69.303 210.826 16.290
3 16 -69.148 210.378 16.910 -67.127 210.935 16.781 -69.303 210.826 16.290
3 16 -67.024 210.757 17.534 -67.127 210.935 16.781 -69.148 210.378 16.910
3 16 -69.055 210.198 17.664 -67.024 210.757 17.534 -69.148 210.378 16.910
3 16 -67.005 210.871 18.305 -67.024 210.757 17.534 -69.055 210.198 17.664
3 16 -69.038 210.311 18.436 -67.005 210.871 18.305 -69.055 210.198 17.664
3 16 -67.071 211.261 18.978 -67.005 210.871 18.305 -69.038 210.311 18.436
3 16 -69.100 210.701 19.109 -67.071 211.261 18.978 -69.038 210.311 18.436
3 16 -67.213 211.866 19.450 -67.071 211.261 18.978 -69.100 210.701 19.109
3 16 -69.231 211.309 19.580 -67.213 211.866 19.450 -69.100 210.701 19.109
3 16 -67.410 212.594 19.649 -67.213 211.866 19.450 -69.231 211.309 19.580
3 16 -69.412 212.042 19.778 -67.410 212.594 19.649 -69.231 211.309 19.580
3 16 -67.630 213.335 19.545 -67.410 212.594 19.649 -69.412 212.042 19.778
3 16 -69.615 212.788 19.673 -67.630 213.335 19.545 -69.412 212.042 19.778
3 16 -67.842 213.976 19.154 -67.630 213.335 19.545 -69.615 212.788 19.673
3 16 -69.808 213.434 19.280 -67.842 213.976 19.154 -69.615 212.788 19.673
3 16 -68.012 214.420 18.534 -67.842 213.976 19.154 -69.808 213.434 19.280
3 16 -69.963 213.882 18.660 -68.012 214.420 18.534 -69.808 213.434 19.280
3 16 -68.115 214.598 17.782 -68.012 214.420 18.534 -69.963 213.882 18.660
3 16 -70.056 214.063 17.907 -68.115 214.598 17.782 -69.963 213.882 18.660
3 16 -68.135 214.483 17.010 -68.115 214.598 17.782 -70.056 214.063 17.907
3 16 -70.073 213.949 17.135 -68.135 214.483 17.010 -70.056 214.063 17.907
3 16 -68.068 214.094 16.337 -68.135 214.483 17.010 -70.073 213.949 17.135
3 16 -70.011 213.559 16.462 -68.068 214.094 16.337 -70.073 213.949 17.135
3 16 -65.986 214.073 15.725 -66.139 214.675 16.197 -68.068 214.094 16.337
3 16 -67.926 213.489 15.865 -65.986 214.073 15.725 -68.068 214.094 16.337
3 16 -65.773 213.349 15.524 -65.986 214.073 15.725 -67.926 213.489 15.865
3 16 -67.730 212.761 15.666 -65.773 213.349 15.524 -67.926 213.489 15.865
3 16 -65.535 212.614 15.627 -65.773 213.349 15.524 -67.730 212.761 15.666
3 16 -67.509 212.019 15.770 -65.535 212.614 15.627 -67.730 212.761 15.666
3 16 -65.305 211.978 16.018 -65.535 212.614 15.627 -67.509 212.019 15.770
3 16 -67.297 211.378 16.161 -65.305 211.978 16.018 -67.509 212.019 15.770
3 16 -65.120 211.539 16.636 -65.305 211.978 16.018 -67.297 211.378 16.161
3 16 -67.127 210.935 16.781 -65.120 211.539 16.636 -67.297 211.378 16.161
3 16 -65.008 211.364 17.388 -65.120 211.539 16.636 -67.127 210.935 16.781
3 16 -67.024 210.757 17.534 -65.008 211.364 17.388 -67.127 210.935 16.781
3 16 -64.985 211.480 18.160 -65.008 211.364 17.388 -67.024 210.757 17.534
3 16 -67.005 210.871 18.305 -64.985 211.480 18.160 -67.024 210.757 17.534
3 16 -65.056 211.868 18.833 -64.985 211.480 18.160 -67.005 210.871 18.305
3 16 -67.071 211.261 18.978 -65.056 211.868 18.833 -67.005 210.871 18.305
3 16 -65.209 212.469 19.306 -65.056 211.868 18.833 -67.071 211.261 18.978
3 16 -67.213 211.866 19.450 -65.209 212.469 19.306 -67.071 211.261 18.978
3 16 -65.421 213.193 19.506 -65.209 212.469 19.306 -67.213 211.866 19.450
3 16 -67.410 212.594 19.649 -65.421 213.193 19.506 -67.213 211.866 19.450
3 16 -65.660 213.929 19.403 -65.421 213.193 19.506 -67.410 212.594 19.649
3 16 -67.630 213.335 19.545 -65.660 213.929 19.403 -67.410 212.594 19.649
3 16 -65.889 214.565 19.013 -65.660 213.929 19.403 -67.630 213.335 19.545
3 16 -67.842 213.976 19.154 -65.889 214.565 19.013 -67.630 213.335 19.545
3 16 -66.074 215.003 18.394 -65.889 214.565 19.013 -67.842 213.976 19.154
3 16 -68.012 214.420 18.534 -66.074 215.003 18.394 -67.842 213.976 19.154
3 16 -66.187 215.178 17.642 -66.074 215.003 18.394 -68.012 214.420 18.534
3 16 -68.115 214.598 17.782 -66.187 215.178 17.642 -68.012 214.420 18.534
3 16 -66.209 215.063 16.871 -66.187 215.178 17.642 -68.115 214.598 17.782
3 16 -68.135 214.483 17.010 -66.209 215.063 16.871 -68.115 214.598 17.782
3 16 -66.139 214.675 16.197 -66.209 215.063 16.871 -68.135 214.483 17.010
3 16 -68.068 214.094 16.337 -66.139 214.675 16.197 -68.135 214.483 17.010
3 16 -64.061 214.702 15.570 -64.225 215.301 16.044 -66.139 214.675 16.197
3 16 -65.986 214.073 15.725 -64.061 214.702 15.570 -66.139 214.675 16.197
3 16 -63.834 213.984 15.369 -64.061 214.702 15.570 -65.986 214.073 15.725
3 16 -65.773 213.349 15.524 -63.834 213.984 15.369 -65.986 214.073 15.725
3 16 -63.577 213.254 15.471 -63.834 213.984 15.369 -65.773 213.349 15.524
3 16 -65.535 212.614 15.627 -63.577 213.254 15.471 -65.773 213.349 15.524
3 16 -63.330 212.624 15.860 -63.577 213.254 15.471 -65.535 212.614 15.627
3 16 -65.305 211.978 16.018 -63.330 212.624 15.860 -65.535 212.614 15.627
3 16 -63.130 212.190 16.477 -63.330 212.624 15.860 -65.305 211.978 16.018
3 16 -65.120 211.539 16.636 -63.130 212.190 16.477 -65.305 211.978 16.018
3 16 -63.009 212.018 17.228 -63.130 212.190 16.477 -65.120 211.539 16.636
3 16 -65.008 211.364 17.388 -63.009 212.018 17.228 -65.120 211.539 16.636
3 16 -62.983 212.135 17.999 -63.009 212.018 17.228 -65.008 211.364 17.388
3 16 -64.985 211.480 18.160 -62.983 212.135 17.999 -65.008 211.364 17.388
3 16 -63.058 212.521 18.673 -62.983 212.135 17.999 -64.985 211.480 18.160
3 16 -65.056 211.868 18.833 -63.058 212.521 18.673 -64.985 211.480 18.160
3 16 -63.222 213.120 19.147 -63.058 212.521 18.673 -65.056 211.868 18.833
3 16 -65.209 212.469 19.306 -63.222 213.120 19.147 -65.056 211.868 18.833
3 16 -63.449 213.838 19.348 -63.222 213.120 19.147 -65.209 212.469 19.306
3 16 -65.421 213.193 19.506 -63.449 213.838 19.348 -65.209 212.469 19.306
3 16 -63.706 214.568 19.246 -63.449 213.838 19.348 -65.421 213.193 19.506
3 16 -65.660 213.929 19.403 -63.706 214.568 19.246 -65.421 213.193 19.506
3 16 -63.953 215.198 18.857 -63.706 214.568 19.246 -65.660 213.929 19.403
3 16 -65.889 214.565 19.013 -63.953 215.198 18.857 -65.660 213.929 19.403
3 16 -64.153 215.632 18.240 -63.953 215.198 18.857 -65.889 214.565 19.013
3 16 -66.074 215.003 18.394 -64.153 215.632 18.240 -65.889 214.565 19.013
3 16 -64.274 215.804 17.489 -64.153 215.632 18.240 -66.074 215.003 18.394
3 16 -66.187 215.178 17.642 -64.274 215.804 17.489 -66.074 215.003 18.394
3 16 -64.300 215.687 16.717 -64.274 215.804 17.489 -66.187 215.178 17.642
3 16 -66.209 215.063 16.871 -64.300 215.687 16.717 -66.187 215.178 17.642
3 16 -64.225 215.301 16.044 -64.300 215.687 16.717 -66.209 215.063 16.871
3 16 -66.139 214.675 16.197 -64.225 215.301 16.044 -66.209 215.063 16.871
3 16 -62.153 215.377 15.402 -62.327 215.971 15.876 -64.225 215.301 16.044
3 16 -64.061 214.702 15.570 -62.153 215.377 15.402 -64.225 215.301 16.044
3 16 -61.910 214.663 15.199 -62.153 215.377 15.402 -64.061 214.702 15.570
3 16 -63.834 213.984 15.369 -61.910 214.663 15.199 -64.061 214.702 15.570
3 16 -61.635 213.940 15.299 -61.910 214.663 15.199 -63.834 213.984 15.369
3 16 -63.577 213.254 15.471 -61.635 213.940 15.299 -63.834 213.984 15.369
3 16 -61.371 213.316 15.687 -61.635 213.940 15.299 -63.577 213.254 15.471
3 16 -63.330 212.624 15.860 -61.371 213.316 15.687 -63.577 213.254 15.471
3 16 -61.157 212.888 16.303 -61.371 213.316 15.687 -63.330 212.624 15.860
3 16 -63.130 212.190 16.477 -61.157 212.888 16.303 -63.330 212.624 15.860
3 16 -61.025 212.719 17.053 -61.157 212.888 16.303 -63.130 212.190 16.477
3 16 -63.009 212.018 17.228 -61.025 212.719 17.053 -63.130 212.190 16.477
3 16 -60.997 212.837 17.824 -61.025 212.719 17.053 -63.009 212.018 17.228
3 16 -62.983 212.135 17.999 -60.997 212.837 17.824 -63.009 212.018 17.228
3 16 -61.076 213.222 18.498 -60.997 212.837 17.824 -62.983 212.135 17.999
3 16 -63.058 212.521 18.673 -61.076 213.222 18.498 -62.983 212.135 17.999
3 16 -61.251 213.816 18.973 -61.076 213.222 18.498 -63.058 212.521 18.673
3 16 -63.222 213.120 19.147 -61.251 213.816 18.973 -63.058 212.521 18.673
3 16 -61.494 214.530 19.175 -61.251 213.816 18.973 -63.222 213.120 19.147
3 16 -63.449 213.838 19.348 -61.494 214.530 19.175 -63.222 213.120 19.147
3 16 -61.768 215.253 19.075 -61.494 214.530 19.175 -63.449 213.838 19.348
3 16 -63.706 214.568 19.246 -61.768 215.253 19.075 -63.449 213.838 19.348
3 16 -62.033 215.877 18.688 -61.768 215.253 19.075 -63.706 214.568 19.246
3 16 -63.953 215.198 18.857 -62.033 215.877 18.688 -63.706 214.568 19.246
3 16 -62.247 216.306 18.072 -62.033 215.877 18.688 -63.953 215.198 18.857
3 16 -64.153 215.632 18.240 -62.247 216.306 18.072 -63.953 215.198 18.857
3 16 -62.378 216.474 17.321 -62.247 216.306 18.072 -64.153 215.632 18.240
3 16 -64.274 215.804 17.489 -62.378 216.474 17.321 -64.153 215.632 18.240
3 16 -62.406 216.357 16.550 -62.378 216.474 17.321 -64.274 215.804 17.489
3 16 -64.300 215.687 16.717 -62.406 216.357 16.550 -64.274 215.804 17.489
3 16 -62.327 215.971 15.876 -62.406 216.357 16.550 -64.300 215.687 16.717
3 16 -64.225 215.301 16.044 -62.327 215.971 15.876 -64.300 215.687 16.717
3 16 -60.261 216.095 15.219 -60.446 216.686 15.695 -62.327 215.971 15.876
3 16 -62.153 215.377 15.402 -60.261 216.095 15.219 -62.327 215.971 15.876
3 16 -60.003 215.388 15.015 -60.261 216.095 15.219 -62.153 215.377 15.402
3 16 -61.910 214.663 15.199 -60.003 215.388 15.015 -62.153 215.377 15.402
3 16 -59.711 214.671 15.114 -60.003 215.388 15.015 -61.910 214.663 15.199
3 16 -61.635 213.940 15.299 -59.711 214.671 15.114 -61.910 214.663 15.199
3 16 -59.430 214.054 15.500 -59.711 214.671 15.114 -61.635 213.940 15.299
3 16 -61.371 213.316 15.687 -59.430 214.054 15.500 -61.635 213.940 15.299
3 16 -59.201 213.631 16.115 -59.430 214.054 15.500 -61.371 213.316 15.687
3 16 -61.157 212.888 16.303 -59.201 213.631 16.115 -61.371 213.316 15.687
3 16 -59.061 213.466 16.864 -59.201 213.631 16.115 -61.157 212.888 16.303
3 16 -61.025 212.719 17.053 -59.061 213.466 16.864 -61.157 212.888 16.303
3 16 -59.031 213.584 17.635 -59.061 213.466 16.864 -61.025 212.719 17.053
3 16 -60.997 212.837 17.824 -59.031 213.584 17.635 -61.025 212.719 17.053
3 16 -59.114 213.968 18.309 -59.031 213.584 17.635 -60.997 212.837 17.824
3 16 -61.076 213.222 18.498 -59.114 213.968 18.309 -60.997 212.837 17.824
3 16 -59.299 214.559 18.785 -59.114 213.968 18.309 -61.076 213.222 18.498
3 16 -61.251 213.816 18.973 -59.299 214.559 18.785 -61.076 213.222 18.498
3 16 -59.557 215.266 18.989 -59.299 214.559 18.785 -61.251 213.816 18.973
3 16 -61.494 214.530 19.175 -59.557 215.266 18.989 -61.251 213.816 18.973
3 16 -59.849 215.983 18.890 -59.557 215.266 18.989 -61.494 214.530 19.175
3 16 -61.768 215.253 19.075 -59.849 215.983 18.890 -61.494 214.530 19.175
3 16 -60.130 216.600 18.504 -59.849 215.983 18.890 -61.768 215.253 19.075
3 16 -62.033 215.877 18.688 -60.130 216.600 18.504 -61.768 215.253 19.075
3 16 -60.358 217.023 17.889 -60.130 216.600 18.504 -62.033 215.877 18.688
3 16 -62.247 216.306 18.072 -60.358 217.023 17.889 -62.033 215.877 18.688
3 16 -60.499 217.188 17.140 -60.358 217.023 17.889 -62.247 216.306 18.072
3 16 -62.378 216.474 17.321 -60.499 217.188 17.140 -62.247 216.306 18.072
3 16 -60.529 217.070 16.369 -60.499 217.188 17.140 -62.378 216.474 17.321
3 16 -62.406 216.357 16.550 -60.529 217.070 16.369 -62.378 216.474 17.321
3 16 -60.446 216.686 15.695 -60.529 217.070 16.369 -62.406 216.357 16.550
3 16 -62.327 215.971 15.876 -60.446 216.686 15.695 -62.406 216.357 16.550
3 16 -58.389 216.858 15.024 -58.584 217.444 15.500 -60.446 216.686 15.695
3 16 -60.261 216.095 15.219 -58.389 216.858 15.024 -60.446 216.686 15.695
3 16 -58.116 216.156 14.818 -58.389 216.858 15.024 -60.261 216.095 15.219
3 16 -60.003 215.388 15.015 -58.116 216.156 14.818 -60.261 216.095 15.219
3 16 -57.806 215.446 14.915 -58.116 216.156 14.818 -60.003 215.388 15.015
3 16 -59.711 214.671 15.114 -57.806 215.446 14.915 -60.003 215.388 15.015
3 16 -57.508 214.836 15.299 -57.806 215.446 14.915 -59.711 214.671 15.114
3 16 -59.430 214.054 15.500 -57.508 214.836 15.299 -59.711 214.671 15.114
3 16 -57.265 214.419 15.913 -57.508 214.836 15.299 -59.430 214.054 15.500
3 16 -59.201 213.631 16.115 -57.265 214.419 15.913 -59.430 214.054 15.500
3 16 -57.116 214.258 16.661 -57.265 214.419 15.913 -59.201 213.631 16.115
3 16 -59.061 213.466 16.864 -57.116 214.258 16.661 -59.201 213.631 16.115
3 16 -57.083 214.377 17.432 -57.116 214.258 16.661 -59.061 213.466 16.864
3 16 -59.031 213.584 17.635 -57.083 214.377 17.432 -59.061 213.466 16.864
3 16 -57.170 214.759 18.107 -57.083 214.377 17.432 -59.031 213.584 17.635
3 16 -59.114 213.968 18.309 -57.170 214.759 18.107 -59.031 213.584 17.635
3 16 -57.366 215.346 18.583 -57.170 214.759 18.107 -59.114 213.968 18.309
3 16 -59.299 214.559 18.785 -57.366 215.346 18.583 -59.114 213.968 18.309
3 16 -57.639 216.048 18.788 -57.366 215.346 18.583 -59.299 214.559 18.785
3 16 -59.557 215.266 18.989 -57.639 216.048 18.788 -59.299 214.559 18.785
3 16 -57.948 216.757 18.691 -57.639 216.048 18.788 -59.557 215.266 18.989
3 16 -59.849 215.983 18.890 -57.948 216.757 18.691 -59.557 215.266 18.989
3 16 -58.247 217.367 18.307 -57.948 216.757 18.691 -59.849 215.983 18.890
3 16 -60.130 216.600 18.504 -58.247 217.367 18.307 -59.849 215.983 18.890
3 16 -58.489 217.785 17.694 -58.247 217.367 18.307 -60.130 216.600 18.504
3 16 -60.358 217.023 17.889 -58.489 217.785 17.694 -60.130 216.600 18.504
3 16 -58.638 217.946 16.945 -58.489 217.785 17.694 -60.358 217.023 17.889
3 16 -60.499 217.188 17.140 -58.638 217.946 16.945 -60.358 217.023 17.889
3 16 -58.671 217.826 16.175 -58.638 217.946 16.945 -60.499 217.188 17.140
3 16 -60.529 217.070 16.369 -58.671 217.826 16.175 -60.499 217.188 17.140
3 16 -58.584 217.444 15.500 -58.671 217.826 16.175 -60.529 217.070 16.369
3 16 -60.446 216.686 15.695 -58.584 217.444 15.500 -60.529 217.070 16.369
3 16 -56.535 217.664 14.815 -56.740 218.246 15.292 -58.584 217.444 15.500
3 16 -58.389 216.858 15.024 -56.535 217.664 14.815 -58.584 217.444 15.500
3 16 -56.247 216.968 14.608 -56.535 217.664 14.815 -58.389 216.858 15.024
3 16 -58.116 216.156 14.818 -56.247 216.968 14.608 -58.389 216.858 15.024
3 16 -55.921 216.266 14.703 -56.247 216.968 14.608 -58.116 216.156 14.818
3 16 -57.806 215.446 14.915 -55.921 216.266 14.703 -58.116 216.156 14.818
3 16 -55.605 215.663 15.085 -55.921 216.266 14.703 -57.806 215.446 14.915
3 16 -57.508 214.836 15.299 -55.605 215.663 15.085 -57.806 215.446 14.915
3 16 -55.349 215.252 15.697 -55.605 215.663 15.085 -57.508 214.836 15.299
3 16 -57.265 214.419 15.913 -55.349 215.252 15.697 -57.508 214.836 15.299
3 16 -55.191 215.095 16.445 -55.349 215.252 15.697 -57.265 214.419 15.913
3 16 -57.116 214.258 16.661 -55.191 215.095 16.445 -57.265 214.419 15.913
3 16 -55.156 215.215 17.215 -55.191 215.095 16.445 -57.116 214.258 16.661
3 16 -57.083 214.377 17.432 -55.156 215.215 17.215 -57.116 214.258 16.661
3 16 -55.247 215.596 17.890 -55.156 215.215 17.215 -57.083 214.377 17.432
3 16 -57.170 214.759 18.107 -55.247 215.596 17.890 -57.083 214.377 17.432
3 16 -55.453 216.178 18.367 -55.247 215.596 17.890 -57.170 214.759 18.107
3 16 -57.366 215.346 18.583 -55.453 216.178 18.367 -57.170 214.759 18.107
3 16 -55.741 216.873 18.574 -55.453 216.178 18.367 -57.366 215.346 18.583
3 16 -57.639 216.048 18.788 -55.741 216.873 18.574 -57.366 215.346 18.583
3 16 -56.067 217.576 18.479 -55.741 216.873 18.574 -57.639 216.048 18.788
3 16 -57.948 216.757 18.691 -56.067 217.576 18.479 -57.639 216.048 18.788
3 16 -56.382 218.178 18.097 -56.067 217.576 18.479 -57.948 216.757 18.691
3 16 -58.247 217.367 18.307 -56.382 218.178 18.097 -57.948 216.757 18.691
3 16 -56.638 218.590 17.485 -56.382 218.178 18.097 -58.247 217.367 18.307
3 16 -58.489 217.785 17.694 -56.638 218.590 17.485 -58.247 217.367 18.307
3 16 -56.796 218.747 16.737 -56.638 218.590 17.485 -58.489 217.785 17.694
3 16 -58.638 217.946 16.945 -56.796 218.747 16.737 -58.489 217.785 17.694
3 16 -56.832 218.626 15.967 -56.796 218.747 16.737 -58.638 217.946 16.945
3 16 -58.671 217.826 16.175 -56.832 218.626 15.967 -58.638 217.946 16.945
3 16 -56.740 218.246 15.292 -56.832 218.626 15.967 -58.671 217.826 16.175
3 16 -58.584 217.444 15.500 -56.740 218.246 15.292 -58.671 217.826 16.175
3 16 -54.702 218.512 14.593 -54.918 219.089 15.071 -56.740 218.246 15.292
3 16 -56.535 217.664 14.815 -54.702 218.512 14.593 -56.740 218.246 15.292
3 16 -54.400 217.823 14.384 -54.702 218.512 14.593 -56.535 217.664 14.815
3 16 -56.247 216.968 14.608 -54.400 217.823 14.384 -56.535 217.664 14.815
3 16 -54.056 217.129 14.477 -54.400 217.823 14.384 -56.247 216.968 14.608
3 16 -55.921 216.266 14.703 -54.056 217.129 14.477 -56.247 216.968 14.608
3 16 -53.725 216.533 14.858 -54.056 217.129 14.477 -55.921 216.266 14.703
3 16 -55.605 215.663 15.085 -53.725 216.533 14.858 -55.921 216.266 14.703
3 16 -53.455 216.128 15.468 -53.725 216.533 14.858 -55.605 215.663 15.085
3 16 -55.349 215.252 15.697 -53.455 216.128 15.468 -55.605 215.663 15.085
3 16 -53.289 215.975 16.215 -53.455 216.128 15.468 -55.349 215.252 15.697
3 16 -55.191 215.095 16.445 -53.289 215.975 16.215 -55.349 215.252 15.697
3 16 -53.251 216.097 16.985 -53.289 215.975 16.215 -55.191 215.095 16.445
3 16 -55.156 215.215 17.215 -53.251 216.097 16.985 -55.191 215.095 16.445
3 16 -53.347 216.476 17.660 -53.251 216.097 16.985 -55.156 215.215 17.215
3 16 -55.247 215.596 17.890 -53.347 216.476 17.660 -55.156 215.215 17.215
3 16 -53.562 217.053 18.139 -53.347 216.476 17.660 -55.247 215.596 17.890
3 16 -55.453 216.178 18.367 -53.562 217.053 18.139 -55.247 215.596 17.890
3 16 -53.865 217.742 18.348 -53.562 217.053 18.139 -55.453 216.178 18.367
3 16 -55.741 216.873 18.574 -53.865 217.742 18.348 -55.453 216.178 18.367
3 16 -54.208 218.436 18.254 -53.865 217.742 18.348 -55.741 216.873 18.574
3 16 -56.067 217.576 18.479 -54.208 218.436 18.254 -55.741 216.873 18.574
3 16 -54.539 219.031 17.874 -54.208 218.436 18.254 -56.067 217.576 18.479
3 16 -56.382 218.178 18.097 -54.539 219.031 17.874 -56.067 217.576 18.479
3 16 -54.809 219.436 17.264 -54.539 219.031 17.874 -56.382 218.178 18.097
3 16 -56.638 218.590 17.485 -54.809 219.436 17.264 -56.382 218.178 18.097
3 16 -54.976 219.590 16.517 -54.809 219.436 17.264 -56.638 218.590 17.485
3 16 -56.796 218.747 16.737 -54.976 219.590 16.517 -56.638 218.590 17.485
3 16 -55.014 219.468 15.747 -54.976 219.590 16.517 -56.796 218.747 16.737
3 16 -56.832 218.626 15.967 -55.014 219.468 15.747 -56.796 218.747 16.737
3 16 -54.918 219.089 15.071 -55.014 219.468 15.747 -56.832 218.626 15.967
3 16 -56.740 218.246 15.292 -54.918 219.089 15.071 -56.832 218.626 15.967
3 16 -52.890 219.402 14.358 -53.115 219.975 14.838 -54.918 219.089 15.071
3 16 -54.702 218.512 14.593 -52.890 219.402 14.358 -54.918 219.089 15.071
3 16 -52.573 218.721 14.148 -52.890 219.402 14.358 -54.702 218.512 14.593
3 16 -54.400 217.823 14.384 -52.573 218.721 14.148 -54.702 218.512 14.593
3 16 -52.213 218.034 14.239 -52.573 218.721 14.148 -54.400 217.823 14.384
3 16 -54.056 217.129 14.477 -52.213 218.034 14.239 -54.400 217.823 14.384
3 16 -51.866 217.447 14.618 -52.213 218.034 14.239 -54.056 217.129 14.477
3 16 -53.725 216.533 14.858 -51.866 217.447 14.618 -54.056 217.129 14.477
3 16 -51.583 217.049 15.226 -51.866 217.447 14.618 -53.725 216.533 14.858
3 16 -53.455 216.128 15.468 -51.583 217.049 15.226 -53.725 216.533 14.858
3 16 -51.408 216.900 15.972 -51.583 217.049 15.226 -53.455 216.128 15.468
3 16 -53.289 215.975 16.215 -51.408 216.900 15.972 -53.455 216.128 15.468
3 16 -51.367 217.023 16.741 -51.408 216.900 15.972 -53.289 215.975 16.215
3 16 -53.251 216.097 16.985 -51.367 217.023 16.741 -53.289 215.975 16.215
3 16 -51.468 217.400 17.417 -51.367 217.023 16.741 -53.251 216.097 16.985
3 16 -53.347 216.476 17.660 -51.468 217.400 17.417 -53.251 216.097 16.985
3 16 -51.693 217.972 17.897 -51.468 217.400 17.417 -53.347 216.476 17.660
3 16 -53.562 217.053 18.139 -51.693 217.972 17.897 -53.347 216.476 17.660
3 16 -52.010 218.654 18.108 -51.693 217.972 17.897 -53.562 217.053 18.139
3 16 -53.865 217.742 18.348 -52.010 218.654 18.108 -53.562 217.053 18.139
3 16 -52.370 219.340 18.017 -52.010 218.654 18.108 -53.865 217.742 18.348
3 16 -54.208 218.436 18.254 -52.370 219.340 18.017 -53.865 217.742 18.348
3 16 -52.717 219.927 17.638 -52.370 219.340 18.017 -54.208 218.436 18.254
3 16 -54.539 219.031 17.874 -52.717 219.927 17.638 -54.208 218.436 18.254
3 16 -53.000 220.326 17.030 -52.717 219.927 17.638 -54.539 219.031 17.874
3 16 -54.809 219.436 17.264 -53.000 220.326 17.030 -54.539 219.031 17.874
3 16 -53.175 220.475 16.284 -53.000 220.326 17.030 -54.809 219.436 17.264
3 16 -54.976 219.590 16.517 -53.175 220.475 16.284 -54.809 219.436 17.264
3 16 -53.216 220.351 15.514 -53.175 220.475 16.284 -54.976 219.590 16.517
3 16 -55.014 219.468 15.747 -53.216 220.351 15.514 -54.976 219.590 16.517
3 16 -53.115 219.975 14.838 -53.216 220.351 15.514 -55.014 219.468 15.747
3 16 -54.918 219.089 15.071 -53.115 219.975 14.838 -55.014 219.468 15.747
3 16 -51.100 220.334 14.112 -51.336 220.901 14.593 -53.115 219.975 14.838
3 16 -52.890 219.402 14.358 -51.100 220.334 14.112 -53.115 219.975 14.838
3 16 -50.769 219.660 13.900 -51.100 220.334 14.112 -52.890 219.402 14.358
3 16 -52.573 218.721 14.148 -50.769 219.660 13.900 -52.890 219.402 14.358
3 16 -50.393 218.982 13.989 -50.769 219.660 13.900 -52.573 218.721 14.148
3 16 -52.213 218.034 14.239 -50.393 218.982 13.989 -52.573 218.721 14.148
3 16 -50.030 218.403 14.365 -50.393 218.982 13.989 -52.213 218.034 14.239
3 16 -51.866 217.447 14.618 -50.030 218.403 14.365 -52.213 218.034 14.239
3 16 -49.734 218.011 14.972 -50.030 218.403 14.365 -51.866 217.447 14.618
3 16 -51.583 217.049 15.226 -49.734 218.011 14.972 -51.866 217.447 14.618
3 16 -49.551 217.867 15.716 -49.734 218.011 14.972 -51.583 217.049 15.226
3 16 -51.408 216.900 15.972 -49.551 217.867 15.716 -51.583 217.049 15.226
3 16 -49.509 217.991 16.486 -49.551 217.867 15.716 -51.408 216.900 15.972
3 16 -51.367 217.023 16.741 -49.509 217.991 16.486 -51.408 216.900 15.972
3 16 -49.613 218.365 17.162 -49.509 217.991 16.486 -51.367 217.023 16.741
3 16 -51.468 217.400 17.417 -49.613 218.365 17.162 -51.367 217.023 16.741
3 16 -49.849 218.933 17.643 -49.613 218.365 17.162 -51.468 217.400 17.417
3 16 -51.693 217.972 17.897 -49.849 218.933 17.643 -51.468 217.400 17.417
3 16 -50.180 219.607 17.856 -49.849 218.933 17.643 -51.693 217.972 17.897
3 16 -52.010 218.654 18.108 -50.180 219.607 17.856 -51.693 217.972 17.897
3 16 -50.555 220.285 17.767 -50.180 219.607 17.856 -52.010 218.654 18.108
3 16 -52.370 219.340 18.017 -50.555 220.285 17.767 -52.010 218.654 18.108
3 16 -50.919 220.864 17.390 -50.555 220.285 17.767 -52.370 219.340 18.017
3 16 -52.717 219.927 17.638 -50.919 220.864 17.390 -52.370 219.340 18.017
3 16 -51.215 221.256 16.784 -50.919 220.864 17.390 -52.717 219.927 17.638
3 16 -53.000 220.326 17.030 -51.215 221.256 16.784 -52.717 219.927 17.638
3 16 -51.398 221.400 16.039 -51.215 221.256 16.784 -53.000 220.326 17.030
3 16 -53.175 220.475 16.284 -51.398 221.400 16.039 -53.000 220.326 17.030
3 16 -51.440 221.276 15.270 -51.398 221.400 16.039 -53.175 220.475 16.284
3 16 -53.216 220.351 15.514 -51.440 221.276 15.270 -53.175 220.475 16.284
3 16 -51.336 220.901 14.593 -51.440 221.276 15.270 -53.216 220.351 15.514
3 16 -53.115 219.975 14.838 -51.336 220.901 14.593 -53.216 220.351 15.514
3 16 -49.334 221.306 13.854 -49.579 221.869 14.336 -51.336 220.901 14.593
3 16 -51.100 220.334 14.112 -49.334 221.306 13.854 -51.336 220.901 14.593
3 16 -48.989 220.640 13.639 -49.334 221.306 13.854 -51.100 220.334 14.112
3 16 -50.769 219.660 13.900 -48.989 220.640 13.639 -51.100 220.334 14.112
3 16 -48.597 219.971 13.726 -48.989 220.640 13.639 -50.769 219.660 13.900
3 16 -50.393 218.982 13.989 -48.597 219.971 13.726 -50.769 219.660 13.900
3 16 -48.218 219.400 14.100 -48.597 219.971 13.726 -50.393 218.982 13.989
3 16 -50.030 218.403 14.365 -48.218 219.400 14.100 -50.393 218.982 13.989
3 16 -47.909 219.016 14.705 -48.218 219.400 14.100 -50.030 218.403 14.365
3 16 -49.734 218.011 14.972 -47.909 219.016 14.705 -50.030 218.403 14.365
3 16 -47.718 218.876 15.449 -47.909 219.016 14.705 -49.734 218.011 14.972
3 16 -49.551 217.867 15.716 -47.718 218.876 15.449 -49.734 218.011 14.972
3 16 -47.674 219.002 16.218 -47.718 218.876 15.449 -49.551 217.867 15.716
3 16 -49.509 217.991 16.486 -47.674 219.002 16.218 -49.551 217.867 15.716
3 16 -47.782 219.374 16.895 -47.674 219.002 16.218 -49.509 217.991 16.486
3 16 -49.613 218.365 17.162 -47.782 219.374 16.895 -49.509 217.991 16.486
3 16 -48.028 219.936 17.377 -47.782 219.374 16.895 -49.613 218.365 17.162
3 16 -49.849 218.933 17.643 -48.028 219.936 17.377 -49.613 218.365 17.162
3 16 -48.373 220.602 17.591 -48.028 219.936 17.377 -49.849 218.933 17.643
3 16 -50.180 219.607 17.856 -48.373 220.602 17.591 -49.849 218.933 17.643
3 16 -48.764 221.272 17.505 -48.373 220.602 17.591 -50.180 219.607 17.856
3 16 -50.555 220.285 17.767 -48.764 221.272 17.505 -50.180 219.607 17.856
3 16 -49.144 221.842 17.131 -48.764 221.272 17.505 -50.555 220.285 17.767
3 16 -50.919 220.864 17.390 -49.144 221.842 17.131 -50.555 220.285 17.767
3 16 -49.452 222.226 16.526 -49.144 221.842 17.131 -50.919 220.864 17.390
3 16 -51.215 221.256 16.784 -49.452 222.226 16.526 -50.919 220.864 17.390
3 16 -49.643 222.366 15.782 -49.452 222.226 16.526 -51.215 221.256 16.784
3 16 -51.398 221.400 16.039 -49.643 222.366 15.782 -51.215 221.256 16.784
3 16 -49.688 222.241 15.013 -49.643 222.366 15.782 -51.398 221.400 16.039
3 16 -51.440 221.276 15.270 -49.688 222.241 15.013 -51.398 221.400 16.039
3 16 -49.579 221.869 14.336 -49.688 222.241 15.013 -51.440 221.276 15.270
3 16 -51.336 220.901 14.593 -49.579 221.869 14.336 -51.440 221.276 15.270
3 16 -47.591 222.319 13.584 -47.846 222.876 14.068 -49.579 221.869 14.336
3 16 -49.334 221.306 13.854 -47.591 222.319 13.584 -49.579 221.869 14.336
3 16 -47.232 221.661 13.368 -47.591 222.319 13.584 -49.334 221.306 13.854
3 16 -48.989 220.640 13.639 -47.232 221.661 13.368 -49.334 221.306 13.854
3 16 -46.825 221.001 13.452 -47.232 221.661 13.368 -48.989 220.640 13.639
3 16 -48.597 219.971 13.726 -46.825 221.001 13.452 -48.989 220.640 13.639
3 16 -46.431 220.439 13.824 -46.825 221.001 13.452 -48.597 219.971 13.726
3 16 -48.218 219.400 14.100 -46.431 220.439 13.824 -48.597 219.971 13.726
3 16 -46.110 220.062 14.427 -46.431 220.439 13.824 -48.218 219.400 14.100
3 16 -47.909 219.016 14.705 -46.110 220.062 14.427 -48.218 219.400 14.100
3 16 -45.911 219.927 15.169 -46.110 220.062 14.427 -47.909 219.016 14.705
3 16 -47.718 218.876 15.449 -45.911 219.927 15.169 -47.909 219.016 14.705
3 16 -45.864 220.053 15.938 -45.911 219.927 15.169 -47.718 218.876 15.449
3 16 -47.674 219.002 16.218 -45.864 220.053 15.938 -47.718 218.876 15.449
3 16 -45.977 220.423 16.616 -45.864 220.053 15.938 -47.674 219.002 16.218
3 16 -47.782 219.374 16.895 -45.977 220.423 16.616 -47.674 219.002 16.218
3 16 -46.232 220.980 17.100 -45.977 220.423 16.616 -47.782 219.374 16.895
3 16 -48.028 219.936 17.377 -46.232 220.980 17.100 -47.782 219.374 16.895
3 16 -46.591 221.638 17.316 -46.232 220.980 17.100 -48.028 219.936 17.377
3 16 -48.373 220.602 17.591 -46.591 221.638 17.316 -48.028 219.936 17.377
3 16 -46.998 222.298 17.232 -46.591 221.638 17.316 -48.373 220.602 17.591
3 16 -48.764 221.272 17.505 -46.998 222.298 17.232 -48.373 220.602 17.591
3 16 -47.393 222.860 16.860 -46.998 222.298 17.232 -48.764 221.272 17.505
3 16 -49.144 221.842 17.131 -47.393 222.860 16.860 -48.764 221.272 17.505
3 16 -47.714 223.237 16.256 -47.393 222.860 16.860 -49.144 221.842 17.131
3 16 -49.452 222.226 16.526 -47.714 223.237 16.256 -49.144 221.842 17.131
3 16 -47.912 223.372 15.514 -47.714 223.237 16.256 -49.452 222.226 16.526
3 16 -49.643 222.366 15.782 -47.912 223.372 15.514 -49.452 222.226 16.526
3 16 -47.959 223.246 14.746 -47.912 223.372 15.514 -49.643 222.366 15.782
3 16 -49.688 222.241 15.013 -47.959 223.246 14.746 -49.643 222.366 15.782
3 16 -47.846 222.876 14.068 -47.959 223.246 14.746 -49.688 222.241 15.013
3 16 -49.579 221.869 14.336 -47.846 222.876 14.068 -49.688 222.241 15.013
3 16 -45.874 223.371 13.303 -46.138 223.922 13.789 -47.846 222.876 14.068
3 16 -47.591 222.319 13.584 -45.874 223.371 13.303 -47.846 222.876 14.068
3 16 -45.501 222.721 13.085 -45.874 223.371 13.303 -47.591 222.319 13.584
3 16 -47.232 221.661 13.368 -45.501 222.721 13.085 -47.591 222.319 13.584
3 16 -45.079 222.070 13.167 -45.501 222.721 13.085 -47.232 221.661 13.368
3 16 -46.825 221.001 13.452 -45.079 222.070 13.167 -47.232 221.661 13.368
3 16 -44.669 221.518 13.537 -45.079 222.070 13.167 -46.825 221.001 13.452
3 16 -46.431 220.439 13.824 -44.669 221.518 13.537 -46.825 221.001 13.452
3 16 -44.336 221.148 14.138 -44.669 221.518 13.537 -46.431 220.439 13.824
3 16 -46.110 220.062 14.427 -44.336 221.148 14.138 -46.431 220.439 13.824
3 16 -44.130 221.017 14.879 -44.336 221.148 14.138 -46.110 220.062 14.427
3 16 -45.911 219.927 15.169 -44.130 221.017 14.879 -46.110 220.062 14.427
3 16 -44.082 221.145 15.647 -44.130 221.017 14.879 -45.911 219.927 15.169
3 16 -45.864 220.053 15.938 -44.082 221.145 15.647 -45.911 219.927 15.169
3 16 -44.199 221.513 16.325 -44.082 221.145 15.647 -45.864 220.053 15.938
3 16 -45.977 220.423 16.616 -44.199 221.513 16.325 -45.864 220.053 15.938
3 16 -44.463 222.063 16.811 -44.199 221.513 16.325 -45.977 220.423 16.616
3 16 -46.232 220.980 17.100 -44.463 222.063 16.811 -45.977 220.423 16.616
3 16 -44.836 222.714 17.029 -44.463 222.063 16.811 -46.232 220.980 17.100
3 16 -46.591 221.638 17.316 -44.836 222.714 17.029 -46.232 220.980 17.100
3 16 -45.258 223.364 16.947 -44.836 222.714 17.029 -46.591 221.638 17.316
3 16 -46.998 222.298 17.232 -45.258 223.364 16.947 -46.591 221.638 17.316
3 16 -45.667 223.917 16.578 -45.258 223.364 16.947 -46.998 222.298 17.232
3 16 -47.393 222.860 16.860 -45.667 223.917 16.578 -46.998 222.298 17.232
3 16 -46.001 224.286 15.977 -45.667 223.917 16.578 -47.393 222.860 16.860
3 16 -47.714 223.237 16.256 -46.001 224.286 15.977 -47.393 222.860 16.860
3 16 -46.207 224.417 15.236 -46.001 224.286 15.977 -47.714 223.237 16.256
3 16 -47.912 223.372 15.514 -46.207 224.417 15.236 -47.714 223.237 16.256
3 16 -46.255 224.289 14.467 -46.207 224.417 15.236 -47.912 223.372 15.514
3 16 -47.959 223.246 14.746 -46.255 224.289 14.467 -47.912 223.372 15.514
3 16 -46.138 223.922 13.789 -46.255 224.289 14.467 -47.959 223.246 14.746
3 16 -47.846 222.876 14.068 -46.138 223.922 13.789 -47.959 223.246 14.746
3 16 -44.181 224.462 13.012 -44.455 225.007 13.499 -46.138 223.922 13.789
3 16 -45.874 223.371 13.303 -44.181 224.462 13.012 -46.138 223.922 13.789
3 16 -43.796 223.820 12.792 -44.181 224.462 13.012 -45.874 223.371 13.303
3 16 -45.501 222.721 13.085 -43.796 223.820 12.792 -45.874 223.371 13.303
3 16 -43.358 223.179 12.871 -43.796 223.820 12.792 -45.501 222.721 13.085
3 16 -45.079 222.070 13.167 -43.358 223.179 12.871 -45.501 222.721 13.085
3 16 -42.934 222.636 13.238 -43.358 223.179 12.871 -45.079 222.070 13.167
3 16 -44.669 221.518 13.537 -42.934 222.636 13.238 -45.079 222.070 13.167
3 16 -42.589 222.274 13.837 -42.934 222.636 13.238 -44.669 221.518 13.537
3 16 -44.336 221.148 14.138 -42.589 222.274 13.837 -44.669 221.518 13.537
3 16 -42.375 222.149 14.577 -42.589 222.274 13.837 -44.336 221.148 14.138
3 16 -44.130 221.017 14.879 -42.375 222.149 14.577 -44.336 221.148 14.138
3 16 -42.325 222.278 15.345 -42.375 222.149 14.577 -44.130 221.017 14.879
3 16 -44.082 221.145 15.647 -42.325 222.278 15.345 -44.130 221.017 14.879
3 16 -42.447 222.642 16.024 -42.325 222.278 15.345 -44.082 221.145 15.647
3 16 -44.199 221.513 16.325 -42.447 222.642 16.024 -44.082 221.145 15.647
3 16 -42.721 223.187 16.511 -42.447 222.642 16.024 -44.199 221.513 16.325
3 16 -44.463 222.063 16.811 -42.721 223.187 16.511 -44.199 221.513 16.325
3 16 -43.106 223.829 16.732 -42.721 223.187 16.511 -44.463 222.063 16.811
3 16 -44.836 222.714 17.029 -43.106 223.829 16.732 -44.463 222.063 16.811
3 16 -43.544 224.470 16.652 -43.106 223.829 16.732 -44.836 222.714 17.029
3 16 -45.258 223.364 16.947 -43.544 224.470 16.652 -44.836 222.714 17.029
3 16 -43.968 225.013 16.285 -43.544 224.470 16.652 -45.258 223.364 16.947
3 16 -45.667 223.917 16.578 -43.968 225.013 16.285 -45.258 223.364 16.947
3 16 -44.313 225.375 15.686 -43.968 225.013 16.285 -45.667 223.917 16.578
3 16 -46.001 224.286 15.977 -44.313 225.375 15.686 -45.667 223.917 16.578
3 16 -44.527 225.501 14.946 -44.313 225.375 15.686 -46.001 224.286 15.977
3 16 -46.207 224.417 15.236 -44.527 225.501 14.946 -46.001 224.286 15.977
3 16 -44.577 225.371 14.178 -44.527 225.501 14.946 -46.207 224.417 15.236
3 16 -46.255 224.289 14.467 -44.577 225.371 14.178 -46.207 224.417 15.236
3 16 -44.455 225.007 13.499 -44.577 225.371 14.178 -46.255 224.289 14.467
3 16 -46.138 223.922 13.789 -44.455 225.007 13.499 -46.255 224.289 14.467
3 16 -42.515 225.591 12.711 -42.799 226.129 13.200 -44.455 225.007 13.499
3 16 -44.181 224.462 13.012 -42.515 225.591 12.711 -44.455 225.007 13.499
3 16 -42.117 224.958 12.488 -42.515 225.591 12.711 -44.181 224.462 13.012
3 16 -43.796 223.820 12.792 -42.117 224.958 12.488 -44.181 224.462 13.012
3 16 -41.665 224.326 12.565 -42.117 224.958 12.488 -43.796 223.820 12.792
3 16 -43.358 223.179 12.871 -41.665 224.326 12.565 -43.796 223.820 12.792
3 16 -41.227 223.793 12.930 -41.665 224.326 12.565 -43.358 223.179 12.871
3 16 -42.934 222.636 13.238 -41.227 223.793 12.930 -43.358 223.179 12.871
3 16 -40.870 223.439 13.527 -41.227 223.793 12.930 -42.934 222.636 13.238
3 16 -42.589 222.274 13.837 -40.870 223.439 13.527 -42.934 222.636 13.238
3 16 -40.649 223.318 14.266 -40.870 223.439 13.527 -42.589 222.274 13.837
3 16 -42.375 222.149 14.577 -40.649 223.318 14.266 -42.589 222.274 13.837
3 16 -40.598 223.448 15.033 -40.649 223.318 14.266 -42.375 222.149 14.577
3 16 -42.325 222.278 15.345 -40.598 223.448 15.033 -42.375 222.149 14.577
3 16 -40.724 223.810 15.713 -40.598 223.448 15.033 -42.325 222.278 15.345
3 16 -42.447 222.642 16.024 -40.724 223.810 15.713 -42.325 222.278 15.345
3 16 -41.007 224.349 16.202 -40.724 223.810 15.713 -42.447 222.642 16.024
3 16 -42.721 223.187 16.511 -41.007 224.349 16.202 -42.447 222.642 16.024
3 16 -41.405 224.982 16.424 -41.007 224.349 16.202 -42.721 223.187 16.511
3 16 -43.106 223.829 16.732 -41.405 224.982 16.424 -42.721 223.187 16.511
3 16 -41.858 225.613 16.348 -41.405 224.982 16.424 -43.106 223.829 16.732
3 16 -43.544 224.470 16.652 -41.858 225.613 16.348 -43.106 223.829 16.732
3 16 -42.296 226.146 15.983 -41.858 225.613 16.348 -43.544 224.470 16.652
3 16 -43.968 225.013 16.285 -42.296 226.146 15.983 -43.544 224.470 16.652
3 16 -42.652 226.500 15.386 -42.296 226.146 15.983 -43.968 225.013 16.285
3 16 -44.313 225.375 15.686 -42.652 226.500 15.386 -43.968 225.013 16.285
3 16 -42.873 226.621 14.647 -42.652 226.500 15.386 -44.313 225.375 15.686
3 16 -44.527 225.501 14.946 -42.873 226.621 14.647 -44.313 225.375 15.686
3 16 -42.925 226.491 13.880 -42.873 226.621 14.647 -44.527 225.501 14.946
3 16 -44.577 225.371 14.178 -42.925 226.491 13.880 -44.527 225.501 14.946
3 16 -42.799 226.129 13.200 -42.925 226.491 13.880 -44.577 225.371 14.178
3 16 -44.455 225.007 13.499 -42.799 226.129 13.200 -44.577 225.371 14.178
3 16 -40.877 226.756 12.400 -41.170 227.288 12.891 -42.799 226.129 13.200
3 16 -42.515 225.591 12.711 -40.877 226.756 12.400 -42.799 226.129 13.200
3 16 -40.466 226.133 12.175 -40.877 226.756 12.400 -42.515 225.591 12.711
3 16 -42.117 224.958 12.488 -40.466 226.133 12.175 -42.515 225.591 12.711
3 16 -39.999 225.512 12.249 -40.466 226.133 12.175 -42.117 224.958 12.488
3 16 -41.665 224.326 12.565 -39.999 225.512 12.249 -42.117 224.958 12.488
3 16 -39.547 224.989 12.612 -39.999 225.512 12.249 -41.665 224.326 12.565
3 16 -41.227 223.793 12.930 -39.547 224.989 12.612 -41.665 224.326 12.565
3 16 -39.179 224.643 13.207 -39.547 224.989 12.612 -41.227 223.793 12.930
3 16 -40.870 223.439 13.527 -39.179 224.643 13.207 -41.227 223.793 12.930
3 16 -38.952 224.527 13.944 -39.179 224.643 13.207 -40.870 223.439 13.527
3 16 -40.649 223.318 14.266 -38.952 224.527 13.944 -40.870 223.439 13.527
3 16 -38.899 224.658 14.711 -38.952 224.527 13.944 -40.649 223.318 14.266
3 16 -40.598 223.448 15.033 -38.899 224.658 14.711 -40.649 223.318 14.266
3 16 -39.028 225.017 15.392 -38.899 224.658 14.711 -40.598 223.448 15.033
3 16 -40.724 223.810 15.713 -39.028 225.017 15.392 -40.598 223.448 15.033
3 16 -39.321 225.549 15.882 -39.028 225.017 15.392 -40.724 223.810 15.713
3 16 -41.007 224.349 16.202 -39.321 225.549 15.882 -40.724 223.810 15.713
3 16 -39.732 226.173 16.107 -39.321 225.549 15.882 -41.007 224.349 16.202
3 16 -41.405 224.982 16.424 -39.732 226.173 16.107 -41.007 224.349 16.202
3 16 -40.199 226.794 16.033 -39.732 226.173 16.107 -41.405 224.982 16.424
3 16 -41.858 225.613 16.348 -40.199 226.794 16.033 -41.405 224.982 16.424
3 16 -40.651 227.317 15.671 -40.199 226.794 16.033 -41.858 225.613 16.348
3 16 -42.296 226.146 15.983 -40.651 227.317 15.671 -41.858 225.613 16.348
3 16 -41.019 227.663 15.076 -40.651 227.317 15.671 -42.296 226.146 15.983
3 16 -42.652 226.500 15.386 -41.019 227.663 15.076 -42.296 226.146 15.983
3 16 -41.246 227.779 14.339 -41.019 227.663 15.076 -42.652 226.500 15.386
3 16 -42.873 226.621 14.647 -41.246 227.779 14.339 -42.652 226.500 15.386
3 16 -41.299 227.647 13.571 -41.246 227.779 14.339 -42.873 226.621 14.647
3 16 -42.925 226.491 13.880 -41.299 227.647 13.571 -42.873 226.621 14.647
3 16 -41.170 227.288 12.891 -41.299 227.647 13.571 -42.925 226.491 13.880
3 16 -42.799 226.129 13.200 -41.170 227.288 12.891 -42.925 226.491 13.880
3 16 -39.266 227.959 12.081 -39.568 228.485 12.573 -41.170 227.288 12.891
3 16 -40.877 226.756 12.400 -39.266 227.959 12.081 -41.170 227.288 12.891
3 16 -38.842 227.345 11.853 -39.266 227.959 12.081 -40.877 226.756 12.400
3 16 -40.466 226.133 12.175 -38.842 227.345 11.853 -40.877 226.756 12.400
3 16 -38.361 226.734 11.925 -38.842 227.345 11.853 -40.466 226.133 12.175
3 16 -39.999 225.512 12.249 -38.361 226.734 11.925 -40.466 226.133 12.175
3 16 -37.896 226.221 12.284 -38.361 226.734 11.925 -39.999 225.512 12.249
3 16 -39.547 224.989 12.612 -37.896 226.221 12.284 -39.999 225.512 12.249
3 16 -37.517 225.883 12.877 -37.896 226.221 12.284 -39.547 224.989 12.612
3 16 -39.179 224.643 13.207 -37.517 225.883 12.877 -39.547 224.989 12.612
3 16 -37.283 225.772 13.613 -37.517 225.883 12.877 -39.179 224.643 13.207
3 16 -38.952 224.527 13.944 -37.283 225.772 13.613 -39.179 224.643 13.207
3 16 -37.229 225.905 14.380 -37.283 225.772 13.613 -38.952 224.527 13.944
3 16 -38.899 224.658 14.711 -37.229 225.905 14.380 -38.952 224.527 13.944
3 16 -37.363 226.261 15.062 -37.229 225.905 14.380 -38.899 224.658 14.711
3 16 -39.028 225.017 15.392 -37.363 226.261 15.062 -38.899 224.658 14.711
3 16 -37.665 226.786 15.554 -37.363 226.261 15.062 -39.028 225.017 15.392
3 16 -39.321 225.549 15.882 -37.665 226.786 15.554 -39.028 225.017 15.392
3 16 -38.089 227.401 15.781 -37.665 226.786 15.554 -39.321 225.549 15.882
3 16 -39.732 226.173 16.107 -38.089 227.401 15.781 -39.321 225.549 15.882
3 16 -38.570 228.011 15.710 -38.089 227.401 15.781 -39.732 226.173 16.107
3 16 -40.199 226.794 16.033 -38.570 228.011 15.710 -39.732 226.173 16.107
3 16 -39.035 228.524 15.350 -38.570 228.011 15.710 -40.199 226.794 16.033
3 16 -40.651 227.317 15.671 -39.035 228.524 15.350 -40.199 226.794 16.033
3 16 -39.413 228.862 14.757 -39.035 228.524 15.350 -40.651 227.317 15.671
3 16 -41.019 227.663 15.076 -39.413 228.862 14.757 -40.651 227.317 15.671
3 16 -39.647 228.973 14.021 -39.413 228.862 14.757 -41.019 227.663 15.076
3 16 -41.246 227.779 14.339 -39.647 228.973 14.021 -41.019 227.663 15.076
3 16 -39.702 228.840 13.254 -39.647 228.973 14.021 -41.246 227.779 14.339
3 16 -41.299 227.647 13.571 -39.702 228.840 13.254 -41.246 227.779 14.339
3 16 -39.568 228.485 12.573 -39.702 228.840 13.254 -41.299 227.647 13.571
3 16 -41.170 227.288 12.891 -39.568 228.485 12.573 -41.299 227.647 13.571
3 16 -37.684 229.197 11.753 -37.995 229.715 12.246 -39.568 228.485 12.573
3 16 -39.266 227.959 12.081 -37.684 229.197 11.753 -39.568 228.485 12.573
3 16 -37.248 228.592 11.523 -37.684 229.197 11.753 -39.266 227.959 12.081
3 16 -38.842 227.345 11.853 -37.248 228.592 11.523 -39.266 227.959 12.081
3 16 -36.753 227.993 11.591 -37.248 228.592 11.523 -38.842 227.345 11.853
3 16 -38.361 226.734 11.925 -36.753 227.993 11.591 -38.842 227.345 11.853
3 16 -36.275 227.490 11.948 -36.753 227.993 11.591 -38.361 226.734 11.925
3 16 -37.896 226.221 12.284 -36.275 227.490 11.948 -38.361 226.734 11.925
3 16 -35.886 227.160 12.539 -36.275 227.490 11.948 -37.896 226.221 12.284
3 16 -37.517 225.883 12.877 -35.886 227.160 12.539 -37.896 226.221 12.284
3 16 -35.645 227.055 13.274 -35.886 227.160 12.539 -37.517 225.883 12.877
3 16 -37.283 225.772 13.613 -35.645 227.055 13.274 -37.517 225.883 12.877
3 16 -35.590 227.188 14.040 -35.645 227.055 13.274 -37.283 225.772 13.613
3 16 -37.229 225.905 14.380 -35.590 227.188 14.040 -37.283 225.772 13.613
3 16 -35.728 227.541 14.723 -35.590 227.188 14.040 -37.229 225.905 14.380
3 16 -37.363 226.261 15.062 -35.728 227.541 14.723 -37.229 225.905 14.380
3 16 -36.038 228.059 15.216 -35.728 227.541 14.723 -37.363 226.261 15.062
3 16 -37.665 226.786 15.554 -36.038 228.059 15.216 -37.363 226.261 15.062
3 16 -36.474 228.664 15.446 -36.038 228.059 15.216 -37.665 226.786 15.554
3 16 -38.089 227.401 15.781 -36.474 228.664 15.446 -37.665 226.786 15.554
3 16 -36.969 229.264 15.378 -36.474 228.664 15.446 -38.089 227.401 15.781
3 16 -38.570 228.011 15.710 -36.969 229.264 15.378 -38.089 227.401 15.781
3 16 -37.448 229.766 15.021 -36.969 229.264 15.378 -38.570 228.011 15.710
3 16 -39.035 228.524 15.350 -37.448 229.766 15.021 -38.570 228.011 15.710
3 16 -37.837 230.096 14.430 -37.448 229.766 15.021 -39.035 228.524 15.350
3 16 -39.413 228.862 14.757 -37.837 230.096 14.430 -39.035 228.524 15.350
3 16 -38.077 230.202 13.695 -37.837 230.096 14.430 -39.413 228.862 14.757
3 16 -39.647 228.973 14.021 -38.077 230.202 13.695 -39.413 228.862 14.757
3 16 -38.133 230.068 12.929 -38.077 230.202 13.695 -39.647 228.973 14.021
3 16 -39.702 228.840 13.254 -38.133 230.068 12.929 -39.647 228.973 14.021
3 16 -37.995 229.715 12.246 -38.133 230.068 12.929 -39.702 228.840 13.254
3 16 -39.568 228.485 12.573 -37.995 229.715 12.246 -39.702 228.840 13.254
3 16 -36.131 230.471 11.416 -36.450 230.982 11.912 -37.995 229.715 12.246
3 16 -37.684 229.197 11.753 -36.131 230.471 11.416 -37.995 229.715 12.246
3 16 -35.683 229.875 11.184 -36.131 230.471 11.416 -37.684 229.197 11.753
3 16 -37.248 228.592 11.523 -35.683 229.875 11.184 -37.684 229.197 11.753
3 16 -35.175 229.287 11.250 -35.683 229.875 11.184 -37.248 228.592 11.523
3 16 -36.753 227.993 11.591 -35.175 229.287 11.250 -37.248 228.592 11.523
3 16 -34.683 228.795 11.604 -35.175 229.287 11.250 -36.753 227.993 11.591
3 16 -36.275 227.490 11.948 -34.683 228.795 11.604 -36.753 227.993 11.591
3 16 -34.284 228.474 12.192 -34.683 228.795 11.604 -36.275 227.490 11.948
3 16 -35.886 227.160 12.539 -34.284 228.474 12.192 -36.275 227.490 11.948
3 16 -34.037 228.373 12.926 -34.284 228.474 12.192 -35.886 227.160 12.539
3 16 -35.645 227.055 13.274 -34.037 228.373 12.926 -35.886 227.160 12.539
3 16 -33.981 228.508 13.692 -34.037 228.373 12.926 -35.645 227.055 13.274
3 16 -35.590 227.188 14.040 -33.981 228.508 13.692 -35.645 227.055 13.274
3 16 -34.123 228.857 14.375 -33.981 228.508 13.692 -35.590 227.188 14.040
3 16 -35.728 227.541 14.723 -34.123 228.857 14.375 -35.590 227.188 14.040
3 16 -34.442 229.368 14.871 -34.123 228.857 14.375 -35.728 227.541 14.723
3 16 -36.038 228.059 15.216 -34.442 229.368 14.871 -35.728 227.541 14.723
3 16 -34.890 229.963 15.103 -34.442 229.368 14.871 -36.038 228.059 15.216
3 16 -36.474 228.664 15.446 -34.890 229.963 15.103 -36.038 228.059 15.216
3 16 -35.399 230.552 15.038 -34.890 229.963 15.103 -36.474 228.664 15.446
3 16 -36.969 229.264 15.378 -35.399 230.552 15.038 -36.474 228.664 15.446
3 16 -35.890 231.044 14.683 -35.399 230.552 15.038 -36.969 229.264 15.378
3 16 -37.448 229.766 15.021 -35.890 231.044 14.683 -36.969 229.264 15.378
3 16 -36.289 231.365 14.095 -35.890 231.044 14.683 -37.448 229.766 15.021
3 16 -37.837 230.096 14.430 -36.289 231.365 14.095 -37.448 229.766 15.021
3 16 -36.536 231.466 13.361 -36.289 231.365 14.095 -37.837 230.096 14.430
3 16 -38.077 230.202 13.695 -36.536 231.466 13.361 -37.837 230.096 14.430
3 16 -36.593 231.331 12.595 -36.536 231.466 13.361 -38.077 230.202 13.695
3 16 -38.133 230.068 12.929 -36.593 231.331 12.595 -38.077 230.202 13.695
3 16 -36.450 230.982 11.912 -36.593 231.331 12.595 -38.133 230.068 12.929
3 16 -37.995 229.715 12.246 -36.450 230.982 11.912 -38.133 230.068 12.929
3 16 -34.608 231.778 11.073 -34.936 232.282 11.570 -36.450 230.982 11.912
3 16 -36.131 230.471 11.416 -34.608 231.778 11.073 -36.450 230.982 11.912
3 16 -34.148 231.193 10.838 -34.608 231.778 11.073 -36.131 230.471 11.416
3 16 -35.683 229.875 11.184 -34.148 231.193 10.838 -36.131 230.471 11.416
3 16 -33.627 230.615 10.901 -34.148 231.193 10.838 -35.683 229.875 11.184
3 16 -35.175 229.287 11.250 -33.627 230.615 10.901 -35.683 229.875 11.184
3 16 -33.123 230.134 11.252 -33.627 230.615 10.901 -35.175 229.287 11.250
3 16 -34.683 228.795 11.604 -33.123 230.134 11.252 -35.175 229.287 11.250
3 16 -32.714 229.822 11.839 -33.123 230.134 11.252 -34.683 228.795 11.604
3 16 -34.284 228.474 12.192 -32.714 229.822 11.839 -34.683 228.795 11.604
3 16 -32.461 229.726 12.571 -32.714 229.822 11.839 -34.284 228.474 12.192
3 16 -34.037 228.373 12.926 -32.461 229.726 12.571 -34.284 228.474 12.192
3 16 -32.404 229.861 13.337 -32.461 229.726 12.571 -34.037 228.373 12.926
3 16 -33.981 228.508 13.692 -32.404 229.861 13.337 -34.037 228.373 12.926
3 16 -32.550 230.207 14.021 -32.404 229.861 13.337 -33.981 228.508 13.692
3 16 -34.123 228.857 14.375 -32.550 230.207 14.021 -33.981 228.508 13.692
3 16 -32.878 230.711 14.518 -32.550 230.207 14.021 -34.123 228.857 14.375
3 16 -34.442 229.368 14.871 -32.878 230.711 14.518 -34.123 228.857 14.375
3 16 -33.338 231.296 14.753 -32.878 230.711 14.518 -34.442 229.368 14.871
3 16 -34.890 229.963 15.103 -33.338 231.296 14.753 -34.442 229.368 14.871
3 16 -33.859 231.874 14.691 -33.338 231.296 14.753 -34.890 229.963 15.103
3 16 -35.399 230.552 15.038 -33.859 231.874 14.691 -34.890 229.963 15.103
3 16 -34.363 232.355 14.339 -33.859 231.874 14.691 -35.399 230.552 15.038
3 16 -35.890 231.044 14.683 -34.363 232.355 14.339 -35.399 230.552 15.038
3 16 -34.772 232.667 13.753 -34.363 232.355 14.339 -35.890 231.044 14.683
3 16 -36.289 231.365 14.095 -34.772 232.667 13.753 -35.890 231.044 14.683
3 16 -35.025 232.763 13.021 -34.772 232.667 13.753 -36.289 231.365 14.095
3 16 -36.536 231.466 13.361 -35.025 232.763 13.021 -36.289 231.365 14.095
3 16 -35.082 232.628 12.254 -35.025 232.763 13.021 -36.536 231.466 13.361
3 16 -36.593 231.331 12.595 -35.082 232.628 12.254 -36.536 231.466 13.361
3 16 -34.936 232.282 11.570 -35.082 232.628 12.254 -36.593 231.331 12.595
3 16 -36.450 230.982 11.912 -34.936 232.282 11.570 -36.593 231.331 12.595
3 16 -33.115 233.119 10.722 -33.451 233.615 11.221 -34.936 232.282 11.570
3 16 -34.608 231.778 11.073 -33.115 233.119 10.722 -34.936 232.282 11.570
3 16 -32.644 232.544 10.484 -33.115 233.119 10.722 -34.608 231.778 11.073
3 16 -34.148 231.193 10.838 -32.644 232.544 10.484 -34.608 231.778 11.073
3 16 -32.109 231.978 10.544 -32.644 232.544 10.484 -34.148 231.193 10.838
3 16 -33.627 230.615 10.901 -32.109 231.978 10.544 -34.148 231.193 10.838
3 16 -31.594 231.508 10.893 -32.109 231.978 10.544 -33.627 230.615 10.901
3 16 -33.123 230.134 11.252 -31.594 231.508 10.893 -33.627 230.615 10.901
3 16 -31.175 231.204 11.477 -31.594 231.508 10.893 -33.123 230.134 11.252
3 16 -32.714 229.822 11.839 -31.175 231.204 11.477 -33.123 230.134 11.252
3 16 -30.916 231.114 12.208 -31.175 231.204 11.477 -32.714 229.822 11.839
3 16 -32.461 229.726 12.571 -30.916 231.114 12.208 -32.714 229.822 11.839
3 16 -30.858 231.250 12.974 -30.916 231.114 12.208 -32.461 229.726 12.571
3 16 -32.404 229.861 13.337 -30.858 231.250 12.974 -32.461 229.726 12.571
3 16 -31.009 231.593 13.659 -30.858 231.250 12.974 -32.404 229.861 13.337
3 16 -32.550 230.207 14.021 -31.009 231.593 13.659 -32.404 229.861 13.337
3 16 -31.345 232.089 14.158 -31.009 231.593 13.659 -32.550 230.207 14.021
3 16 -32.878 230.711 14.518 -31.345 232.089 14.158 -32.550 230.207 14.021
3 16 -31.817 232.664 14.396 -31.345 232.089 14.158 -32.878 230.711 14.518
3 16 -33.338 231.296 14.753 -31.817 232.664 14.396 -32.878 230.711 14.518
3 16 -32.351 233.229 14.336 -31.817 232.664 14.396 -33.338 231.296 14.753
3 16 -33.859 231.874 14.691 -32.351 233.229 14.336 -33.338 231.296 14.753
3 16 -32.867 233.700 13.987 -32.351 233.229 14.336 -33.859 231.874 14.691
3 16 -34.363 232.355 14.339 -32.867 233.700 13.987 -33.859 231.874 14.691
3 16 -33.286 234.003 13.403 -32.867 233.700 13.987 -34.363 232.355 14.339
3 16 -34.772 232.667 13.753 -33.286 234.003 13.403 -34.363 232.355 14.339
3 16 -33.544 234.094 12.672 -33.286 234.003 13.403 -34.772 232.667 13.753
3 16 -35.025 232.763 13.021 -33.544 234.094 12.672 -34.772 232.667 13.753
3 16 -33.602 233.958 11.906 -33.544 234.094 12.672 -35.025 232.763 13.021
3 16 -35.082 232.628 12.254 -33.602 233.958 11.906 -35.025 232.763 13.021
3 16 -33.451 233.615 11.221 -33.602 233.958 11.906 -35.082 232.628 12.254
3 16 -34.936 232.282 11.570 -33.451 233.615 11.221 -35.082 232.628 12.254
3 16 -31.652 234.493 10.365 -31.997 234.981 10.867 -33.451 233.615 11.221
3 16 -33.115 233.119 10.722 -31.652 234.493 10.365 -33.451 233.615 11.221
3 16 -31.170 233.929 10.125 -31.652 234.493 10.365 -33.115 233.119 10.722
3 16 -32.644 232.544 10.484 -31.170 233.929 10.125 -33.115 233.119 10.722
3 16 -30.623 233.374 10.182 -31.170 233.929 10.125 -32.644 232.544 10.484
3 16 -32.109 231.978 10.544 -30.623 233.374 10.182 -32.644 232.544 10.484
3 16 -30.096 232.915 10.528 -30.623 233.374 10.182 -32.109 231.978 10.544
3 16 -31.594 231.508 10.893 -30.096 232.915 10.528 -32.109 231.978 10.544
3 16 -29.668 232.620 11.110 -30.096 232.915 10.528 -31.594 231.508 10.893
3 16 -31.175 231.204 11.477 -29.668 232.620 11.110 -31.594 231.508 10.893
3 16 -29.405 232.534 11.839 -29.668 232.620 11.110 -31.175 231.204 11.477
3 16 -30.916 231.114 12.208 -29.405 232.534 11.839 -31.175 231.204 11.477
3 16 -29.346 232.671 12.605 -29.405 232.534 11.839 -30.916 231.114 12.208
3 16 -30.858 231.250 12.974 -29.346 232.671 12.605 -30.916 231.114 12.208
3 16 -29.501 233.010 13.291 -29.346 232.671 12.605 -30.858 231.250 12.974
3 16 -31.009 231.593 13.659 -29.501 233.010 13.291 -30.858 231.250 12.974
3 16 -29.846 233.498 13.793 -29.501 233.010 13.291 -31.009 231.593 13.659
3 16 -31.345 232.089 14.158 -29.846 233.498 13.793 -31.009 231.593 13.659
3 16 -30.328 234.063 14.033 -29.846 233.498 13.793 -31.345 232.089 14.158
3 16 -31.817 232.664 14.396 -30.328 234.063 14.033 -31.345 232.089 14.158
3 16 -30.875 234.617 13.976 -30.328 234.063 14.033 -31.817 232.664 14.396
3 16 -32.351 233.229 14.336 -30.875 234.617 13.976 -31.817 232.664 14.396
3 16 -31.402 235.076 13.630 -30.875 234.617 13.976 -32.351 233.229 14.336
3 16 -32.867 233.700 13.987 -31.402 235.076 13.630 -32.351 233.229 14.336
3 16 -31.830 235.371 13.048 -31.402 235.076 13.630 -32.867 233.700 13.987
3 16 -33.286 234.003 13.403 -31.830 235.371 13.048 -32.867 233.700 13.987
3 16 -32.094 235.457 12.318 -31.830 235.371 13.048 -33.286 234.003 13.403
3 16 -33.544 234.094 12.672 -32.094 235.457 12.318 -33.286 234.003 13.403
3 16 -32.152 235.320 11.552 -32.094 235.457 12.318 -33.544 234.094 12.672
3 16 -33.602 233.958 11.906 -32.152 235.320 11.552 -33.544 234.094 12.672
3 16 -31.997 234.981 10.867 -32.152 235.320 11.552 -33.602 233.958 11.906
3 16 -33.451 233.615 11.221 -31.997 234.981 10.867 -33.602 233.958 11.906
3 16 -30.222 235.898 10.003 -30.575 236.379 10.506 -31.997 234.981 10.867
3 16 -31.652 234.493 10.365 -30.222 235.898 10.003 -31.997 234.981 10.867
3 16 -29.729 235.344 9.760 -30.222 235.898 10.003 -31.652 234.493 10.365
3 16 -31.170 233.929 10.125 -29.729 235.344 9.760 -31.652 234.493 10.365
3 16 -29.170 234.802 9.814 -29.729 235.344 9.760 -31.170 233.929 10.125
3 16 -30.623 233.374 10.182 -29.170 234.802 9.814 -31.170 233.929 10.125
3 16 -28.631 234.354 10.157 -29.170 234.802 9.814 -30.623 233.374 10.182
3 16 -30.096 232.915 10.528 -28.631 234.354 10.157 -30.623 233.374 10.182
3 16 -28.194 234.068 10.737 -28.631 234.354 10.157 -30.096 232.915 10.528
3 16 -29.668 232.620 11.110 -28.194 234.068 10.737 -30.096 232.915 10.528
3 16 -27.925 233.988 11.465 -28.194 234.068 10.737 -29.668 232.620 11.110
3 16 -29.405 232.534 11.839 -27.925 233.988 11.465 -29.668 232.620 11.110
3 16 -27.866 234.126 12.231 -27.925 233.988 11.465 -29.405 232.534 11.839
3 16 -29.346 232.671 12.605 -27.866 234.126 12.231 -29.405 232.534 11.839
3 16 -28.025 234.460 12.918 -27.866 234.126 12.231 -29.346 232.671 12.605
3 16 -29.501 233.010 13.291 -28.025 234.460 12.918 -29.346 232.671 12.605
3 16 -28.378 234.941 13.421 -28.025 234.460 12.918 -29.501 233.010 13.291
3 16 -29.846 233.498 13.793 -28.378 234.941 13.421 -29.501 233.010 13.291
3 16 -28.871 235.494 13.664 -28.378 234.941 13.421 -29.846 233.498 13.793
3 16 -30.328 234.063 14.033 -28.871 235.494 13.664 -29.846 233.498 13.793
3 16 -29.430 236.037 13.610 -28.871 235.494 13.664 -30.328 234.063 14.033
3 16 -30.875 234.617 13.976 -29.430 236.037 13.610 -30.328 234.063 14.033
3 16 -29.969 236.485 13.267 -29.430 236.037 13.610 -30.875 234.617 13.976
3 16 -31.402 235.076 13.630 -29.969 236.485 13.267 -30.875 234.617 13.976
3 16 -30.406 236.771 12.687 -29.969 236.485 13.267 -31.402 235.076 13.630
3 16 -31.830 235.371 13.048 -30.406 236.771 12.687 -31.402 235.076 13.630
3 16 -30.675 236.851 11.959 -30.406 236.771 12.687 -31.830 235.371 13.048
3 16 -32.094 235.457 12.318 -30.675 236.851 11.959 -31.830 235.371 13.048
3 16 -30.734 236.713 11.193 -30.675 236.851 11.959 -32.094 235.457 12.318
3 16 -32.152 235.320 11.552 -30.734 236.713 11.193 -32.094 235.457 12.318
3 16 -30.575 236.379 10.506 -30.734 236.713 11.193 -32.152 235.320 11.552
3 16 -31.997 234.981 10.867 -30.575 236.379 10.506 -32.152 235.320 11.552
3 16 -28.823 237.335 9.635 -29.184 237.808 10.140 -30.575 236.379 10.506
3 16 -30.222 235.898 10.003 -28.823 237.335 9.635 -30.575 236.379 10.506
3 16 -28.319 236.792 9.389 -28.823 237.335 9.635 -30.222 235.898 10.003
3 16 -29.729 235.344 9.760 -28.319 236.792 9.389 -30.222 235.898 10.003
3 16 -27.749 236.262 9.440 -28.319 236.792 9.389 -29.729 235.344 9.760
3 16 -29.170 234.802 9.814 -27.749 236.262 9.440 -29.729 235.344 9.760
3 16 -27.199 235.825 9.780 -27.749 236.262 9.440 -29.170 234.802 9.814
3 16 -28.631 234.354 10.157 -27.199 235.825 9.780 -29.170 234.802 9.814
3 16 -26.753 235.548 10.358 -27.199 235.825 9.780 -28.631 234.354 10.157
3 16 -28.194 234.068 10.737 -26.753 235.548 10.358 -28.631 234.354 10.157
3 16 -26.480 235.473 11.085 -26.753 235.548 10.358 -28.194 234.068 10.737
3 16 -27.925 233.988 11.465 -26.480 235.473 11.085 -28.194 234.068 10.737
3 16 -26.420 235.611 11.851 -26.480 235.473 11.085 -27.925 233.988 11.465
3 16 -27.866 234.126 12.231 -26.420 235.611 11.851 -27.925 233.988 11.465
3 16 -26.583 235.942 12.539 -26.420 235.611 11.851 -27.866 234.126 12.231
3 16 -28.025 234.460 12.918 -26.583 235.942 12.539 -27.866 234.126 12.231
3 16 -26.944 236.414 13.044 -26.583 235.942 12.539 -28.025 234.460 12.918
3 16 -28.378 234.941 13.421 -26.944 236.414 13.044 -28.025 234.460 12.918
3 16 -27.448 236.957 13.290 -26.944 236.414 13.044 -28.378 234.941 13.421
3 16 -28.871 235.494 13.664 -27.448 236.957 13.290 -28.378 234.941 13.421
3 16 -28.019 237.487 13.239 -27.448 236.957 13.290 -28.871 235.494 13.664
3 16 -29.430 236.037 13.610 -28.019 237.487 13.239 -28.871 235.494 13.664
3 16 -28.569 237.924 12.898 -28.019 237.487 13.239 -29.430 236.037 13.610
3 16 -29.969 236.485 13.267 -28.569 237.924 12.898 -29.430 236.037 13.610
3 16 -29.014 238.201 12.321 -28.569 237.924 12.898 -29.969 236.485 13.267
3 16 -30.406 236.771 12.687 -29.014 238.201 12.321 -29.969 236.485 13.267
3 16 -29.288 238.276 11.594 -29.014 238.201 12.321 -30.406 236.771 12.687
3 16 -30.675 236.851 11.959 -29.288 238.276 11.594 -30.406 236.771 12.687
3 16 -29.347 238.138 10.828 -29.288 238.276 11.594 -30.675 236.851 11.959
3 16 -30.734 236.713 11.193 -29.347 238.138 10.828 -30.675 236.851 11.959
3 16 -29.184 237.808 10.140 -29.347 238.138 10.828 -30.734 236.713 11.193
3 16 -30.575 236.379 10.506 -29.184 237.808 10.140 -30.734 236.713 11.193
3 16 -27.457 238.802 9.263 -27.826 239.266 9.770 -29.184 237.808 10.140
3 16 -28.823 237.335 9.635 -27.457 238.802 9.263 -29.184 237.808 10.140
3 16 -26.943 238.270 9.014 -27.457 238.802 9.263 -28.823 237.335 9.635
3 16 -28.319 236.792 9.389 -26.943 238.270 9.014 -28.823 237.335 9.635
3 16 -26.361 237.752 9.062 -26.943 238.270 9.014 -28.319 236.792 9.389
3 16 -27.749 236.262 9.440 -26.361 237.752 9.062 -28.319 236.792 9.389
3 16 -25.800 237.327 9.400 -26.361 237.752 9.062 -27.749 236.262 9.440
3 16 -27.199 235.825 9.780 -25.800 237.327 9.400 -27.749 236.262 9.440
3 16 -25.346 237.059 9.975 -25.800 237.327 9.400 -27.199 235.825 9.780
3 16 -26.753 235.548 10.358 -25.346 237.059 9.975 -27.199 235.825 9.780
3 16 -25.068 236.989 10.701 -25.346 237.059 9.975 -26.753 235.548 10.358
3 16 -26.480 235.473 11.085 -25.068 236.989 10.701 -26.753 235.548 10.358
3 16 -25.008 237.127 11.467 -25.068 236.989 10.701 -26.480 235.473 11.085
3 16 -26.420 235.611 11.851 -25.008 237.127 11.467 -26.480 235.473 11.085
3 16 -25.175 237.454 12.155 -25.008 237.127 11.467 -26.420 235.611 11.851
3 16 -26.583 235.942 12.539 -25.175 237.454 12.155 -26.420 235.611 11.851
3 16 -25.544 237.918 12.663 -25.175 237.454 12.155 -26.583 235.942 12.539
3 16 -26.944 236.414 13.044 -25.544 237.918 12.663 -26.583 235.942 12.539
3 16 -26.059 238.449 12.911 -25.544 237.918 12.663 -26.944 236.414 13.044
3 16 -27.448 236.957 13.290 -26.059 238.449 12.911 -26.944 236.414 13.044
3 16 -26.641 238.967 12.863 -26.059 238.449 12.911 -27.448 236.957 13.290
3 16 -28.019 237.487 13.239 -26.641 238.967 12.863 -27.448 236.957 13.290
3 16 -27.201 239.392 12.526 -26.641 238.967 12.863 -28.019 237.487 13.239
3 16 -28.569 237.924 12.898 -27.201 239.392 12.526 -28.019 237.487 13.239
3 16 -27.655 239.660 11.951 -27.201 239.392 12.526 -28.569 237.924 12.898
3 16 -29.014 238.201 12.321 -27.655 239.660 11.951 -28.569 237.924 12.898
3 16 -27.933 239.731 11.225 -27.655 239.660 11.951 -29.014 238.201 12.321
3 16 -29.288 238.276 11.594 -27.933 239.731 11.225 -29.014 238.201 12.321
3 16 -27.993 239.592 10.459 -27.933 239.731 11.225 -29.288 238.276 11.594
3 16 -29.347 238.138 10.828 -27.993 239.592 10.459 -29.288 238.276 11.594
3 16 -27.826 239.266 9.770 -27.993 239.592 10.459 -29.347 238.138 10.828
3 16 -29.184 237.808 10.140 -27.826 239.266 9.770 -29.347 238.138 10.828
3 16 -26.123 240.299 8.887 -26.500 240.754 9.396 -27.826 239.266 9.770
3 16 -27.457 238.802 9.263 -26.123 240.299 8.887 -27.826 239.266 9.770
3 16 -25.599 239.779 8.635 -26.123 240.299 8.887 -27.457 238.802 9.263
3 16 -26.943 238.270 9.014 -25.599 239.779 8.635 -27.457 238.802 9.263
3 16 -25.006 239.273 8.680 -25.599 239.779 8.635 -26.943 238.270 9.014
3 16 -26.361 237.752 9.062 -25.006 239.273 8.680 -26.943 238.270 9.014
3 16 -24.435 238.859 9.015 -25.006 239.273 8.680 -26.361 237.752 9.062
3 16 -25.800 237.327 9.400 -24.435 238.859 9.015 -26.361 237.752 9.062
3 16 -23.973 238.600 9.588 -24.435 238.859 9.015 -25.800 237.327 9.400
3 16 -25.346 237.059 9.975 -23.973 238.600 9.588 -25.800 237.327 9.400
3 16 -23.691 238.535 10.313 -23.973 238.600 9.588 -25.346 237.059 9.975
3 16 -25.068 236.989 10.701 -23.691 238.535 10.313 -25.346 237.059 9.975
3 16 -23.630 238.674 11.078 -23.691 238.535 10.313 -25.068 236.989 10.701
3 16 -25.008 237.127 11.467 -23.630 238.674 11.078 -25.068 236.989 10.701
3 16 -23.802 238.996 11.768 -23.630 238.674 11.078 -25.008 237.127 11.467
3 16 -25.175 237.454 12.155 -23.802 238.996 11.768 -25.008 237.127 11.467
3 16 -24.178 239.452 12.278 -23.802 238.996 11.768 -25.175 237.454 12.155
3 16 -25.544 237.918 12.663 -24.178 239.452 12.278 -25.175 237.454 12.155
3 16 -24.703 239.972 12.529 -24.178 239.452 12.278 -25.544 237.918 12.663
3 16 -26.059 238.449 12.911 -24.703 239.972 12.529 -25.544 237.918 12.663
3 16 -25.296 240.477 12.484 -24.703 239.972 12.529 -26.059 238.449 12.911
3 16 -26.641 238.967 12.863 -25.296 240.477 12.484 -26.059 238.449 12.911
3 16 -25.867 240.891 12.149 -25.296 240.477 12.484 -26.641 238.967 12.863
3 16 -27.201 239.392 12.526 -25.867 240.891 12.149 -26.641 238.967 12.863
3 16 -26.328 241.150 11.576 -25.867 240.891 12.149 -27.201 239.392 12.526
3 16 -27.655 239.660 11.951 -26.328 241.150 11.576 -27.201 239.392 12.526
3 16 -26.611 241.215 10.852 -26.328 241.150 11.576 -27.655 239.660 11.951
3 16 -27.933 239.731 11.225 -26.611 241.215 10.852 -27.655 239.660 11.951
3 16 -26.671 241.076 10.086 -26.611 241.215 10.852 -27.933 239.731 11.225
3 16 -27.993 239.592 10.459 -26.671 241.076 10.086 -27.933 239.731 11.225
3 16 -26.500 240.754 9.396 -26.671 241.076 10.086 -27.993 239.592 10.459
3 16 -27.826 239.266 9.770 -26.500 240.754 9.396 -27.993 239.592 10.459
3 16 -24.823 241.824 8.507 -25.207 242.271 9.019 -26.500 240.754 9.396
3 16 -26.123 240.299 8.887 -24.823 241.824 8.507 -26.500 240.754 9.396
3 16 -24.288 241.316 8.253 -24.823 241.824 8.507 -26.123 240.299 8.887
3 16 -25.599 239.779 8.635 -24.288 241.316 8.253 -26.123 240.299 8.887
3 16 -23.685 240.823 8.295 -24.288 241.316 8.253 -25.599 239.779 8.635
3 16 -25.006 239.273 8.680 -23.685 240.823 8.295 -25.599 239.779 8.635
3 16 -23.104 240.421 8.627 -23.685 240.823 8.295 -25.006 239.273 8.680
3 16 -24.435 238.859 9.015 -23.104 240.421 8.627 -25.006 239.273 8.680
3 16 -22.635 240.170 9.198 -23.104 240.421 8.627 -24.435 238.859 9.015
3 16 -23.973 238.600 9.588 -22.635 240.170 9.198 -24.435 238.859 9.015
3 16 -22.348 240.110 9.921 -22.635 240.170 9.198 -23.973 238.600 9.588
3 16 -23.691 238.535 10.313 -22.348 240.110 9.921 -23.973 238.600 9.588
3 16 -22.288 240.249 10.687 -22.348 240.110 9.921 -23.691 238.535 10.313
3 16 -23.630 238.674 11.078 -22.288 240.249 10.687 -23.691 238.535 10.313
3 16 -22.463 240.566 11.378 -22.288 240.249 10.687 -23.630 238.674 11.078
3 16 -23.802 238.996 11.768 -22.463 240.566 11.378 -23.630 238.674 11.078
3 16 -22.847 241.013 11.890 -22.463 240.566 11.378 -23.802 238.996 11.768
3 16 -24.178 239.452 12.278 -22.847 241.013 11.890 -23.802 238.996 11.768
3 16 -23.382 241.521 12.144 -22.847 241.013 11.890 -24.178 239.452 12.278
3 16 -24.703 239.972 12.529 -23.382 241.521 12.144 -24.178 239.452 12.278
3 16 -23.986 242.014 12.102 -23.382 241.521 12.144 -24.703 239.972 12.529
3 16 -25.296 240.477 12.484 -23.986 242.014 12.102 -24.703 239.972 12.529
3 16 -24.566 242.416 11.770 -23.986 242.014 12.102 -25.296 240.477 12.484
3 16 -25.867 240.891 12.149 -24.566 242.416 11.770 -25.296 240.477 12.484
3 16 -25.035 242.667 11.199 -24.566 242.416 11.770 -25.867 240.891 12.149
3 16 -26.328 241.150 11.576 -25.035 242.667 11.199 -25.867 240.891 12.149
3 16 -25.322 242.727 10.476 -25.035 242.667 11.199 -26.328 241.150 11.576
3 16 -26.611 241.215 10.852 -25.322 242.727 10.476 -26.328 241.150 11.576
3 16 -25.382 242.588 9.710 -25.322 242.727 10.476 -26.611 241.215 10.852
3 16 -26.671 241.076 10.086 -25.382 242.588 9.710 -26.611 241.215 10.852
3 16 -25.207 242.271 9.019 -25.382 242.588 9.710 -26.671 241.076 10.086
3 16 -26.500 240.754 9.396 -25.207 242.271 9.019 -26.671 241.076 10.086
3 16 -23.556 243.377 8.125 -23.948 243.815 8.639 -25.207 242.271 9.019
3 16 -24.823 241.824 8.507 -23.556 243.377 8.125 -25.207 242.271 9.019
3 16 -23.012 242.880 7.868 -23.556 243.377 8.125 -24.823 241.824 8.507
3 16 -24.288 241.316 8.253 -23.012 242.880 7.868 -24.823 241.824 8.507
3 16 -22.398 242.400 7.907 -23.012 242.880 7.868 -24.288 241.316 8.253
3 16 -23.685 240.823 8.295 -22.398 242.400 7.907 -24.288 241.316 8.253
3 16 -21.808 242.010 8.236 -22.398 242.400 7.907 -23.685 240.823 8.295
3 16 -23.104 240.421 8.627 -21.808 242.010 8.236 -23.685 240.823 8.295
3 16 -21.331 241.769 8.805 -21.808 242.010 8.236 -23.104 240.421 8.627
3 16 -22.635 240.170 9.198 -21.331 241.769 8.805 -23.104 240.421 8.627
3 16 -21.040 241.714 9.527 -21.331 241.769 8.805 -22.635 240.170 9.198
3 16 -22.348 240.110 9.921 -21.040 241.714 9.527 -22.635 240.170 9.198
3 16 -20.980 241.853 10.293 -21.040 241.714 9.527 -22.348 240.110 9.921
3 16 -22.288 240.249 10.687 -20.980 241.853 10.293 -22.348 240.110 9.921
3 16 -21.159 242.165 10.985 -20.980 241.853 10.293 -22.288 240.249 10.687
3 16 -22.463 240.566 11.378 -21.159 242.165 10.985 -22.288 240.249 10.687
3 16 -21.551 242.603 11.499 -21.159 242.165 10.985 -22.463 240.566 11.378
3 16 -22.847 241.013 11.890 -21.551 242.603 11.499 -22.463 240.566 11.378
3 16 -22.095 243.100 11.756 -21.551 242.603 11.499 -22.847 241.013 11.890
3 16 -23.382 241.521 12.144 -22.095 243.100 11.756 -22.847 241.013 11.890
3 16 -22.709 243.580 11.717 -22.095 243.100 11.756 -23.382 241.521 12.144
3 16 -23.986 242.014 12.102 -22.709 243.580 11.717 -23.382 241.521 12.144
3 16 -23.299 243.970 11.388 -22.709 243.580 11.717 -23.986 242.014 12.102
3 16 -24.566 242.416 11.770 -23.299 243.970 11.388 -23.986 242.014 12.102
3 16 -23.776 244.211 10.819 -23.299 243.970 11.388 -24.566 242.416 11.770
3 16 -25.035 242.667 11.199 -23.776 244.211 10.819 -24.566 242.416 11.770
3 16 -24.067 244.267 10.097 -23.776 244.211 10.819 -25.035 242.667 11.199
3 16 -25.322 242.727 10.476 -24.067 244.267 10.097 -25.035 242.667 11.199
3 16 -24.127 244.127 9.331 -24.067 244.267 10.097 -25.322 242.727 10.476
3 16 -25.382 242.588 9.710 -24.127 244.127 9.331 -25.322 242.727 10.476
3 16 -23.948 243.815 8.639 -24.127 244.127 9.331 -25.382 242.588 9.710
3 16 -25.207 242.271 9.019 -23.948 243.815 8.639 -25.382 242.588 9.710
3 16 -22.322 244.958 7.741 -22.721 245.387 8.257 -23.948 243.815 8.639
3 16 -23.556 243.377 8.125 -22.322 244.958 7.741 -23.948 243.815 8.639
3 16 -21.769 244.473 7.481 -22.322 244.958 7.741 -23.556 243.377 8.125
3 16 -23.012 242.880 7.868 -21.769 244.473 7.481 -23.556 243.377 8.125
3 16 -21.145 244.006 7.517 -21.769 244.473 7.481 -23.012 242.880 7.868
3 16 -22.398 242.400 7.907 -21.145 244.006 7.517 -23.012 242.880 7.868
3 16 -20.546 243.628 7.843 -21.145 244.006 7.517 -22.398 242.400 7.907
3 16 -21.808 242.010 8.236 -20.546 243.628 7.843 -22.398 242.400 7.907
3 16 -20.062 243.395 8.410 -20.546 243.628 7.843 -21.808 242.010 8.236
3 16 -21.331 241.769 8.805 -20.062 243.395 8.410 -21.808 242.010 8.236
3 16 -19.768 243.345 9.131 -20.062 243.395 8.410 -21.331 241.769 8.805
3 16 -21.040 241.714 9.527 -19.768 243.345 9.131 -21.331 241.769 8.805
3 16 -19.708 243.484 9.897 -19.768 243.345 9.131 -21.040 241.714 9.527
3 16 -20.980 241.853 10.293 -19.708 243.484 9.897 -21.040 241.714 9.527
3 16 -19.891 243.791 10.590 -19.708 243.484 9.897 -20.980 241.853 10.293
3 16 -21.159 242.165 10.985 -19.891 243.791 10.590 -20.980 241.853 10.293
3 16 -20.290 244.220 11.106 -19.891 243.791 10.590 -21.159 242.165 10.985
3 16 -21.551 242.603 11.499 -20.290 244.220 11.106 -21.159 242.165 10.985
3 16 -20.844 244.705 11.366 -20.290 244.220 11.106 -21.551 242.603 11.499
3 16 -22.095 243.100 11.756 -20.844 244.705 11.366 -21.551 242.603 11.499
3 16 -21.468 245.172 11.330 -20.844 244.705 11.366 -22.095 243.100 11.756
3 16 -22.709 243.580 11.717 -21.468 245.172 11.330 -22.095 243.100 11.756
3 16 -22.067 245.550 11.004 -21.468 245.172 11.330 -22.709 243.580 11.717
3 16 -23.299 243.970 11.388 -22.067 245.550 11.004 -22.709 243.580 11.717
3 16 -22.550 245.783 10.437 -22.067 245.550 11.004 -23.299 243.970 11.388
3 16 -23.776 244.211 10.819 -22.550 245.783 10.437 -23.299 243.970 11.388
3 16 -22.845 245.833 9.716 -22.550 245.783 10.437 -23.776 244.211 10.819
3 16 -24.067 244.267 10.097 -22.845 245.833 9.716 -23.776 244.211 10.819
3 16 -22.905 245.694 8.950 -22.845 245.833 9.716 -24.067 244.267 10.097
3 16 -24.127 244.127 9.331 -22.905 245.694 8.950 -24.067 244.267 10.097
3 16 -22.721 245.387 8.257 -22.905 245.694 8.950 -24.127 244.127 9.331
3 16 -23.948 243.815 8.639 -22.721 245.387 8.257 -24.127 244.127 9.331
3 16 -21.124 246.565 7.356 -21.529 246.984 7.874 -22.721 245.387 8.257
3 16 -22.322 244.958 7.741 -21.124 246.565 7.356 -22.721 245.387 8.257
3 16 -20.561 246.092 7.093 -21.124 246.565 7.356 -22.322 244.958 7.741
3 16 -21.769 244.473 7.481 -20.561 246.092 7.093 -22.322 244.958 7.741
3 16 -19.927 245.638 7.126 -20.561 246.092 7.093 -21.769 244.473 7.481
3 16 -21.145 244.006 7.517 -19.927 245.638 7.126 -21.769 244.473 7.481
3 16 -19.319 245.271 7.450 -19.927 245.638 7.126 -21.145 244.006 7.517
3 16 -20.546 243.628 7.843 -19.319 245.271 7.450 -21.145 244.006 7.517
3 16 -18.829 245.048 8.014 -19.319 245.271 7.450 -20.546 243.628 7.843
3 16 -20.062 243.395 8.410 -18.829 245.048 8.014 -20.546 243.628 7.843
3 16 -18.531 245.002 8.734 -18.829 245.048 8.014 -20.062 243.395 8.410
3 16 -19.768 243.345 9.131 -18.531 245.002 8.734 -20.062 243.395 8.410
3 16 -18.472 245.141 9.500 -18.531 245.002 8.734 -19.768 243.345 9.131
3 16 -19.708 243.484 9.897 -18.472 245.141 9.500 -19.768 243.345 9.131
3 16 -18.659 245.443 10.195 -18.472 245.141 9.500 -19.708 243.484 9.897
3 16 -19.891 243.791 10.590 -18.659 245.443 10.195 -19.708 243.484 9.897
3 16 -19.065 245.863 10.713 -18.659 245.443 10.195 -19.891 243.791 10.590
3 16 -20.290 244.220 11.106 -19.065 245.863 10.713 -19.891 243.791 10.590
3 16 -19.627 246.335 10.975 -19.065 245.863 10.713 -20.290 244.220 11.106
3 16 -20.844 244.705 11.366 -19.627 246.335 10.975 -20.290 244.220 11.106
3 16 -20.261 246.790 10.942 -19.627 246.335 10.975 -20.844 244.705 11.366
3 16 -21.468 245.172 11.330 -20.261 246.790 10.942 -20.844 244.705 11.366
3 16 -20.869 247.156 10.619 -20.261 246.790 10.942 -21.468 245.172 11.330
3 16 -22.067 245.550 11.004 -20.869 247.156 10.619 -21.468 245.172 11.330
3 16 -21.359 247.379 10.054 -20.869 247.156 10.619 -22.067 245.550 11.004
3 16 -22.550 245.783 10.437 -21.359 247.379 10.054 -22.067 245.550 11.004
3 16 -21.657 247.425 9.334 -21.359 247.379 10.054 -22.550 245.783 10.437
3 16 -22.845 245.833 9.716 -21.657 247.425 9.334 -22.550 245.783 10.437
3 16 -21.717 247.286 8.569 -21.657 247.425 9.334 -22.845 245.833 9.716
3 16 -22.905 245.694 8.950 -21.717 247.286 8.569 -22.845 245.833 9.716
3 16 -21.529 246.984 7.874 -21.717 247.286 8.569 -22.905 245.694 8.950
3 16 -22.721 245.387 8.257 -21.529 246.984 7.874 -22.905 245.694 8.950
3 16 -19.959 248.198 6.970 -20.371 248.608 7.490 -21.529 246.984 7.874
3 16 -21.124 246.565 7.356 -19.959 248.198 6.970 -21.529 246.984 7.874
3 16 -19.387 247.737 6.704 -19.959 248.198 6.970 -21.124 246.565 7.356
3 16 -20.561 246.092 7.093 -19.387 247.737 6.704 -21.124 246.565 7.356
3 16 -18.744 247.296 6.734 -19.387 247.737 6.704 -20.561 246.092 7.093
3 16 -19.927 245.638 7.126 -18.744 247.296 6.734 -20.561 246.092 7.093
3 16 -18.128 246.941 7.055 -18.744 247.296 6.734 -19.927 245.638 7.126
3 16 -19.319 245.271 7.450 -18.128 246.941 7.055 -19.927 245.638 7.126
3 16 -17.631 246.727 7.617 -18.128 246.941 7.055 -19.319 245.271 7.450
3 16 -18.829 245.048 8.014 -17.631 246.727 7.617 -19.319 245.271 7.450
3 16 -17.330 246.686 8.336 -17.631 246.727 7.617 -18.829 245.048 8.014
3 16 -18.531 245.002 8.734 -17.330 246.686 8.336 -18.829 245.048 8.014
3 16 -17.271 246.824 9.102 -17.330 246.686 8.336 -18.531 245.002 8.734
3 16 -18.472 245.141 9.500 -17.271 246.824 9.102 -18.531 245.002 8.734
3 16 -17.462 247.121 9.798 -17.271 246.824 9.102 -18.472 245.141 9.500
3 16 -18.659 245.443 10.195 -17.462 247.121 9.798 -18.472 245.141 9.500
3 16 -17.875 247.531 10.318 -17.462 247.121 9.798 -18.659 245.443 10.195
3 16 -19.065 245.863 10.713 -17.875 247.531 10.318 -18.659 245.443 10.195
3 16 -18.446 247.992 10.584 -17.875 247.531 10.318 -19.065 245.863 10.713
3 16 -19.627 246.335 10.975 -18.446 247.992 10.584 -19.065 245.863 10.713
3 16 -19.089 248.433 10.554 -18.446 247.992 10.584 -19.627 246.335 10.975
3 16 -20.261 246.790 10.942 -19.089 248.433 10.554 -19.627 246.335 10.975
3 16 -19.706 248.788 10.233 -19.089 248.433 10.554 -20.261 246.790 10.942
3 16 -20.869 247.156 10.619 -19.706 248.788 10.233 -20.261 246.790 10.942
3 16 -20.202 249.002 9.670 -19.706 248.788 10.233 -20.869 247.156 10.619
3 16 -21.359 247.379 10.054 -20.202 249.002 9.670 -20.869 247.156 10.619
3 16 -20.503 249.043 8.952 -20.202 249.002 9.670 -21.359 247.379 10.054
3 16 -21.657 247.425 9.334 -20.503 249.043 8.952 -21.359 247.379 10.054
3 16 -20.563 248.904 8.186 -20.503 249.043 8.952 -21.657 247.425 9.334
3 16 -21.717 247.286 8.569 -20.563 248.904 8.186 -21.657 247.425 9.334
3 16 -20.371 248.608 7.490 -20.563 248.904 8.186 -21.717 247.286 8.569
3 16 -21.529 246.984 7.874 -20.371 248.608 7.490 -21.717 247.286 8.569
3 16 -18.829 249.855 6.584 -19.248 250.256 7.106 -20.371 248.608 7.490
3 16 -19.959 248.198 6.970 -18.829 249.855 6.584 -20.371 248.608 7.490
3 16 -18.249 249.407 6.316 -18.829 249.855 6.584 -19.959 248.198 6.970
3 16 -19.387 247.737 6.704 -18.249 249.407 6.316 -19.959 248.198 6.970
3 16 -17.597 248.979 6.343 -18.249 249.407 6.316 -19.387 247.737 6.704
3 16 -18.744 247.296 6.734 -17.597 248.979 6.343 -19.387 247.737 6.704
3 16 -16.972 248.636 6.661 -17.597 248.979 6.343 -18.744 247.296 6.734
3 16 -18.128 246.941 7.055 -16.972 248.636 6.661 -18.744 247.296 6.734
3 16 -16.470 248.431 7.221 -16.972 248.636 6.661 -18.128 246.941 7.055
3 16 -17.631 246.727 7.617 -16.470 248.431 7.221 -18.128 246.941 7.055
3 16 -16.166 248.394 7.939 -16.470 248.431 7.221 -17.631 246.727 7.617
3 16 -17.330 246.686 8.336 -16.166 248.394 7.939 -17.631 246.727 7.617
3 16 -16.107 248.532 8.705 -16.166 248.394 7.939 -17.330 246.686 8.336
3 16 -17.271 246.824 9.102 -16.107 248.532 8.705 -17.330 246.686 8.336
3 16 -16.302 248.823 9.402 -16.107 248.532 8.705 -17.271 246.824 9.102
3 16 -17.462 247.121 9.798 -16.302 248.823 9.402 -17.271 246.824 9.102
3 16 -16.722 249.223 9.925 -16.302 248.823 9.402 -17.462 247.121 9.798
3 16 -17.875 247.531 10.318 -16.722 249.223 9.925 -17.462 247.121 9.798
3 16 -17.301 249.671 10.193 -16.722 249.223 9.925 -17.875 247.531 10.318
3 16 -18.446 247.992 10.584 -17.301 249.671 10.193 -17.875 247.531 10.318
3 16 -17.953 250.099 10.166 -17.301 249.671 10.193 -18.446 247.992 10.584
3 16 -19.089 248.433 10.554 -17.953 250.099 10.166 -18.446 247.992 10.584
3 16 -18.578 250.442 9.848 -17.953 250.099 10.166 -19.089 248.433 10.554
3 16 -19.706 248.788 10.233 -18.578 250.442 9.848 -19.089 248.433 10.554
3 16 -19.081 250.648 9.287 -18.578 250.442 9.848 -19.706 248.788 10.233
3 16 -20.202 249.002 9.670 -19.081 250.648 9.287 -19.706 248.788 10.233
3 16 -19.384 250.684 8.569 -19.081 250.648 9.287 -20.202 249.002 9.670
3 16 -20.503 249.043 8.952 -19.384 250.684 8.569 -20.202 249.002 9.670
3 16 -19.443 250.547 7.804 -19.384 250.684 8.569 -20.503 249.043 8.952
3 16 -20.563 248.904 8.186 -19.443 250.547 7.804 -20.503 249.043 8.952
3 16 -19.248 250.256 7.106 -19.443 250.547 7.804 -20.563 248.904 8.186
3 16 -20.371 248.608 7.490 -19.248 250.256 7.106 -20.563 248.904 8.186
3 16 -17.733 251.537 6.198 -18.159 251.927 6.723 -19.248 250.256 7.106
3 16 -18.829 249.855 6.584 -17.733 251.537 6.198 -19.248 250.256 7.106
3 16 -17.145 251.101 5.927 -17.733 251.537 6.198 -18.829 249.855 6.584
3 16 -18.249 249.407 6.316 -17.145 251.101 5.927 -18.829 249.855 6.584
3 16 -16.485 250.686 5.951 -17.145 251.101 5.927 -18.249 249.407 6.316
3 16 -17.597 248.979 6.343 -16.485 250.686 5.951 -18.249 249.407 6.316
3 16 -15.852 250.356 6.267 -16.485 250.686 5.951 -17.597 248.979 6.343
3 16 -16.972 248.636 6.661 -15.852 250.356 6.267 -17.597 248.979 6.343
3 16 -15.344 250.159 6.825 -15.852 250.356 6.267 -16.972 248.636 6.661
3 16 -16.470 248.431 7.221 -15.344 250.159 6.825 -16.972 248.636 6.661
3 16 -15.037 250.127 7.542 -15.344 250.159 6.825 -16.470 248.431 7.221
3 16 -16.166 248.394 7.939 -15.037 250.127 7.542 -16.470 248.431 7.221
3 16 -14.979 250.264 8.308 -15.037 250.127 7.542 -16.166 248.394 7.939
3 16 -16.107 248.532 8.705 -14.979 250.264 8.308 -16.166 248.394 7.939
3 16 -15.178 250.550 9.007 -14.979 250.264 8.308 -16.107 248.532 8.705
3 16 -16.302 248.823 9.402 -15.178 250.550 9.007 -16.107 248.532 8.705
3 16 -15.604 250.940 9.531 -15.178 250.550 9.007 -16.302 248.823 9.402
3 16 -16.722 249.223 9.925 -15.604 250.940 9.531 -16.302 248.823 9.402
3 16 -16.192 251.375 9.802 -15.604 250.940 9.531 -16.722 249.223 9.925
3 16 -17.301 249.671 10.193 -16.192 251.375 9.802 -16.722 249.223 9.925
3 16 -16.853 251.790 9.778 -16.192 251.375 9.802 -17.301 249.671 10.193
3 16 -17.953 250.099 10.166 -16.853 251.790 9.778 -17.301 249.671 10.193
3 16 -17.485 252.121 9.463 -16.853 251.790 9.778 -17.953 250.099 10.166
3 16 -18.578 250.442 9.848 -17.485 252.121 9.463 -17.953 250.099 10.166
3 16 -17.993 252.317 8.904 -17.485 252.121 9.463 -18.578 250.442 9.848
3 16 -19.081 250.648 9.287 -17.993 252.317 8.904 -18.578 250.442 9.848
3 16 -18.300 252.350 8.188 -17.993 252.317 8.904 -19.081 250.648 9.287
3 16 -19.384 250.684 8.569 -18.300 252.350 8.188 -19.081 250.648 9.287
3 16 -18.358 252.213 7.422 -18.300 252.350 8.188 -19.384 250.684 8.569
3 16 -19.443 250.547 7.804 -18.358 252.213 7.422 -19.384 250.684 8.569
3 16 -18.159 251.927 6.723 -18.358 252.213 7.422 -19.443 250.547 7.804
3 16 -19.248 250.256 7.106 -18.159 251.927 6.723 -19.443 250.547 7.804
3 16 -16.673 253.243 5.814 -17.105 253.623 6.341 -18.159 251.927 6.723
3 16 -17.733 251.537 6.198 -16.673 253.243 5.814 -18.159 251.927 6.723
3 16 -16.077 252.820 5.540 -16.673 253.243 5.814 -17.733 251.537 6.198
3 16 -17.145 251.101 5.927 -16.077 252.820 5.540 -17.733 251.537 6.198
3 16 -15.408 252.418 5.561 -16.077 252.820 5.540 -17.145 251.101 5.927
3 16 -16.485 250.686 5.951 -15.408 252.418 5.561 -17.145 251.101 5.927
3 16 -14.768 252.099 5.874 -15.408 252.418 5.561 -16.485 250.686 5.951
3 16 -15.852 250.356 6.267 -14.768 252.099 5.874 -16.485 250.686 5.951
3 16 -14.255 251.911 6.431 -14.768 252.099 5.874 -15.852 250.356 6.267
3 16 -15.344 250.159 6.825 -14.255 251.911 6.431 -15.852 250.356 6.267
3 16 -13.946 251.883 7.147 -14.255 251.911 6.431 -15.344 250.159 6.825
3 16 -15.037 250.127 7.542 -13.946 251.883 7.147 -15.344 250.159 6.825
3 16 -13.888 252.019 7.913 -13.946 251.883 7.147 -15.037 250.127 7.542
3 16 -14.979 250.264 8.308 -13.888 252.019 7.913 -15.037 250.127 7.542
3 16 -14.091 252.298 8.613 -13.888 252.019 7.913 -14.979 250.264 8.308
3 16 -15.178 250.550 9.007 -14.091 252.298 8.613 -14.979 250.264 8.308
3 16 -14.523 252.678 9.140 -14.091 252.298 8.613 -15.178 250.550 9.007
3 16 -15.604 250.940 9.531 -14.523 252.678 9.140 -15.178 250.550 9.007
3 16 -15.119 253.101 9.414 -14.523 252.678 9.140 -15.604 250.940 9.531
3 16 -16.192 251.375 9.802 -15.119 253.101 9.414 -15.604 250.940 9.531
3 16 -15.788 253.503 9.393 -15.119 253.101 9.414 -16.192 251.375 9.802
3 16 -16.853 251.790 9.778 -15.788 253.503 9.393 -16.192 251.375 9.802
3 16 -16.428 253.822 9.080 -15.788 253.503 9.393 -16.853 251.790 9.778
3 16 -17.485 252.121 9.463 -16.428 253.822 9.080 -16.853 251.790 9.778
3 16 -16.941 254.010 8.523 -16.428 253.822 9.080 -17.485 252.121 9.463
3 16 -17.993 252.317 8.904 -16.941 254.010 8.523 -17.485 252.121 9.463
3 16 -17.250 254.038 7.807 -16.941 254.010 8.523 -17.993 252.317 8.904
3 16 -18.300 252.350 8.188 -17.250 254.038 7.807 -17.993 252.317 8.904
3 16 -17.308 253.902 7.041 -17.250 254.038 7.807 -18.300 252.350 8.188
3 16 -18.358 252.213 7.422 -17.308 253.902 7.041 -18.300 252.350 8.188
3 16 -17.105 253.623 6.341 -17.308 253.902 7.041 -18.358 252.213 7.422
3 16 -18.159 251.927 6.723 -17.105 253.623 6.341 -18.358 252.213 7.422
3 16 -15.648 254.969 5.432 -16.086 255.339 5.962 -17.105 253.623 6.341
3 16 -16.673 253.243 5.814 -15.648 254.969 5.432 -17.105 253.623 6.341
3 16 -15.044 254.559 5.156 -15.648 254.969 5.432 -16.673 253.243 5.814
3 16 -16.077 252.820 5.540 -15.044 254.559 5.156 -16.673 253.243 5.814
3 16 -14.368 254.171 5.174 -15.044 254.559 5.156 -16.077 252.820 5.540
3 16 -15.408 252.418 5.561 -14.368 254.171 5.174 -16.077 252.820 5.540
3 16 -13.721 253.864 5.484 -14.368 254.171 5.174 -15.408 252.418 5.561
3 16 -14.768 252.099 5.874 -13.721 253.864 5.484 -15.408 252.418 5.561
3 16 -13.202 253.685 6.039 -13.721 253.864 5.484 -14.768 252.099 5.874
3 16 -14.255 251.911 6.431 -13.202 253.685 6.039 -14.768 252.099 5.874
3 16 -12.890 253.662 6.754 -13.202 253.685 6.039 -14.255 251.911 6.431
3 16 -13.946 251.883 7.147 -12.890 253.662 6.754 -14.255 251.911 6.431
3 16 -12.834 253.796 7.521 -12.890 253.662 6.754 -13.946 251.883 7.147
3 16 -13.888 252.019 7.913 -12.834 253.796 7.521 -13.946 251.883 7.147
3 16 -13.040 254.070 8.222 -12.834 253.796 7.521 -13.888 252.019 7.913
3 16 -14.091 252.298 8.613 -13.040 254.070 8.222 -13.888 252.019 7.913
3 16 -13.479 254.440 8.751 -13.040 254.070 8.222 -14.091 252.298 8.613
3 16 -14.523 252.678 9.140 -13.479 254.440 8.751 -14.091 252.298 8.613
3 16 -14.082 254.850 9.027 -13.479 254.440 8.751 -14.523 252.678 9.140
3 16 -15.119 253.101 9.414 -14.082 254.850 9.027 -14.523 252.678 9.140
3 16 -14.759 255.238 9.009 -14.082 254.850 9.027 -15.119 253.101 9.414
3 16 -15.788 253.503 9.393 -14.759 255.238 9.009 -15.119 253.101 9.414
3 16 -15.406 255.545 8.699 -14.759 255.238 9.009 -15.788 253.503 9.393
3 16 -16.428 253.822 9.080 -15.406 255.545 8.699 -15.788 253.503 9.393
3 16 -15.925 255.724 8.144 -15.406 255.545 8.699 -16.428 253.822 9.080
3 16 -16.941 254.010 8.523 -15.925 255.724 8.144 -16.428 253.822 9.080
3 16 -16.236 255.747 7.429 -15.925 255.724 8.144 -16.941 254.010 8.523
3 16 -17.250 254.038 7.807 -16.236 255.747 7.429 -16.941 254.010 8.523
3 16 -16.293 255.612 6.663 -16.236 255.747 7.429 -17.250 254.038 7.807
3 16 -17.308 253.902 7.041 -16.293 255.612 6.663 -17.250 254.038 7.807
3 16 -16.086 255.339 5.962 -16.293 255.612 6.663 -17.308 253.902 7.041
3 16 -17.105 253.623 6.341 -16.086 255.339 5.962 -17.308 253.902 7.041
3 16 -14.658 256.719 5.053 -15.102 257.079 5.584 -16.086 255.339 5.962
3 16 -15.648 254.969 5.432 -14.658 256.719 5.053 -16.086 255.339 5.962
3 16 -14.047 256.322 4.774 -14.658 256.719 5.053 -15.648 254.969 5.432
3 16 -15.044 254.559 5.156 -14.047 256.322 4.774 -15.648 254.969 5.432
3 16 -13.363 255.947 4.789 -14.047 256.322 4.774 -15.044 254.559 5.156
3 16 -14.368 254.171 5.174 -13.363 255.947 4.789 -15.044 254.559 5.156
3 16 -12.709 255.652 5.097 -13.363 255.947 4.789 -14.368 254.171 5.174
3 16 -13.721 253.864 5.484 -12.709 255.652 5.097 -14.368 254.171 5.174
3 16 -12.186 255.482 5.650 -12.709 255.652 5.097 -13.721 253.864 5.484
3 16 -13.202 253.685 6.039 -12.186 255.482 5.650 -13.721 253.864 5.484
3 16 -11.872 255.462 6.364 -12.186 255.482 5.650 -13.202 253.685 6.039
3 16 -12.890 253.662 6.754 -11.872 255.462 6.364 -13.202 253.685 6.039
3 16 -11.816 255.596 7.131 -11.872 255.462 6.364 -12.890 253.662 6.754
3 16 -12.834 253.796 7.521 -11.816 255.596 7.131 -12.890 253.662 6.754
3 16 -12.026 255.862 7.833 -11.816 255.596 7.131 -12.834 253.796 7.521
3 16 -13.040 254.070 8.222 -12.026 255.862 7.833 -12.834 253.796 7.521
3 16 -12.471 256.222 8.365 -12.026 255.862 7.833 -13.040 254.070 8.222
3 16 -13.479 254.440 8.751 -12.471 256.222 8.365 -13.040 254.070 8.222
3 16 -13.081 256.619 8.644 -12.471 256.222 8.365 -13.479 254.440 8.751
3 16 -14.082 254.850 9.027 -13.081 256.619 8.644 -13.479 254.440 8.751
3 16 -13.766 256.994 8.629 -13.081 256.619 8.644 -14.082 254.850 9.027
3 16 -14.759 255.238 9.009 -13.766 256.994 8.629 -14.082 254.850 9.027
3 16 -14.420 257.289 8.321 -13.766 256.994 8.629 -14.759 255.238 9.009
3 16 -15.406 255.545 8.699 -14.420 257.289 8.321 -14.759 255.238 9.009
3 16 -14.943 257.459 7.768 -14.420 257.289 8.321 -15.406 255.545 8.699
3 16 -15.925 255.724 8.144 -14.943 257.459 7.768 -15.406 255.545 8.699
3 16 -15.257 257.479 7.054 -14.943 257.459 7.768 -15.925 255.724 8.144
3 16 -16.236 255.747 7.429 -15.257 257.479 7.054 -15.925 255.724 8.144
3 16 -15.313 257.345 6.287 -15.257 257.479 7.054 -16.236 255.747 7.429
3 16 -16.293 255.612 6.663 -15.313 257.345 6.287 -16.236 255.747 7.429
3 16 -15.102 257.079 5.584 -15.313 257.345 6.287 -16.293 255.612 6.663
3 16 -16.086 255.339 5.962 -15.102 257.079 5.584 -16.293 255.612 6.663
3 16 -13.704 258.489 4.677 -14.154 258.838 5.211 -15.102 257.079 5.584
3 16 -14.658 256.719 5.053 -13.704 258.489 4.677 -15.102 257.079 5.584
3 16 -13.086 258.105 4.395 -13.704 258.489 4.677 -14.658 256.719 5.053
3 16 -14.047 256.322 4.774 -13.086 258.105 4.395 -14.658 256.719 5.053
3 16 -12.394 257.744 4.408 -13.086 258.105 4.395 -14.047 256.322 4.774
3 16 -13.363 255.947 4.789 -12.394 257.744 4.408 -14.047 256.322 4.774
3 16 -11.734 257.461 4.713 -12.394 257.744 4.408 -13.363 255.947 4.789
3 16 -12.709 255.652 5.097 -11.734 257.461 4.713 -13.363 255.947 4.789
3 16 -11.206 257.299 5.264 -11.734 257.461 4.713 -12.709 255.652 5.097
3 16 -12.186 255.482 5.650 -11.206 257.299 5.264 -12.709 255.652 5.097
3 16 -10.890 257.283 5.978 -11.206 257.299 5.264 -12.186 255.482 5.650
3 16 -11.872 255.462 6.364 -10.890 257.283 5.978 -12.186 255.482 5.650
3 16 -10.835 257.415 6.745 -10.890 257.283 5.978 -11.872 255.462 6.364
3 16 -11.816 255.596 7.131 -10.835 257.415 6.745 -11.872 255.462 6.364
3 16 -11.049 257.675 7.449 -10.835 257.415 6.745 -11.816 255.596 7.131
3 16 -12.026 255.862 7.833 -11.049 257.675 7.449 -11.816 255.596 7.131
3 16 -11.499 258.024 7.983 -11.049 257.675 7.449 -12.026 255.862 7.833
3 16 -12.471 256.222 8.365 -11.499 258.024 7.983 -12.026 255.862 7.833
3 16 -12.117 258.408 8.265 -11.499 258.024 7.983 -12.471 256.222 8.365
3 16 -13.081 256.619 8.644 -12.117 258.408 8.265 -12.471 256.222 8.365
3 16 -12.809 258.769 8.252 -12.117 258.408 8.265 -13.081 256.619 8.644
3 16 -13.766 256.994 8.629 -12.809 258.769 8.252 -13.081 256.619 8.644
3 16 -13.469 259.052 7.947 -12.809 258.769 8.252 -13.766 256.994 8.629
3 16 -14.420 257.289 8.321 -13.469 259.052 7.947 -13.766 256.994 8.629
3 16 -13.997 259.214 7.395 -13.469 259.052 7.947 -14.420 257.289 8.321
3 16 -14.943 257.459 7.768 -13.997 259.214 7.395 -14.420 257.289 8.321
3 16 -14.313 259.230 6.682 -13.997 259.214 7.395 -14.943 257.459 7.768
3 16 -15.257 257.479 7.054 -14.313 259.230 6.682 -14.943 257.459 7.768
3 16 -14.368 259.098 5.915 -14.313 259.230 6.682 -15.257 257.479 7.054
3 16 -15.313 257.345 6.287 -14.368 259.098 5.915 -15.257 257.479 7.054
3 16 -14.154 258.838 5.211 -14.368 259.098 5.915 -15.313 257.345 6.287
3 16 -15.102 257.079 5.584 -14.154 258.838 5.211 -15.313 257.345 6.287
3 16 -12.785 260.280 4.305 -13.240 260.618 4.841 -14.154 258.838 5.211
3 16 -13.704 258.489 4.677 -12.785 260.280 4.305 -14.154 258.838 5.211
3 16 -12.160 259.909 4.021 -12.785 260.280 4.305 -13.704 258.489 4.677
3 16 -13.086 258.105 4.395 -12.160 259.909 4.021 -13.704 258.489 4.677
3 16 -11.461 259.561 4.030 -12.160 259.909 4.021 -13.086 258.105 4.395
3 16 -12.394 257.744 4.408 -11.461 259.561 4.030 -13.086 258.105 4.395
3 16 -10.795 259.290 4.333 -11.461 259.561 4.030 -12.394 257.744 4.408
3 16 -11.734 257.461 4.713 -10.795 259.290 4.333 -12.394 257.744 4.408
3 16 -10.263 259.137 4.883 -10.795 259.290 4.333 -11.734 257.461 4.713
3 16 -11.206 257.299 5.264 -10.263 259.137 4.883 -11.734 257.461 4.713
3 16 -9.946 259.124 5.596 -10.263 259.137 4.883 -11.206 257.299 5.264
3 16 -10.890 257.283 5.978 -9.946 259.124 5.596 -11.206 257.299 5.264
3 16 -9.891 259.255 6.363 -9.946 259.124 5.596 -10.890 257.283 5.978
3 16 -10.835 257.415 6.745 -9.891 259.255 6.363 -10.890 257.283 5.978
3 16 -10.109 259.508 7.068 -9.891 259.255 6.363 -10.835 257.415 6.745
3 16 -11.049 257.675 7.449 -10.109 259.508 7.068 -10.835 257.415 6.745
3 16 -10.565 259.846 7.604 -10.109 259.508 7.068 -11.049 257.675 7.449
3 16 -11.499 258.024 7.983 -10.565 259.846 7.604 -11.049 257.675 7.449
3 16 -11.189 260.217 7.889 -10.565 259.846 7.604 -11.499 258.024 7.983
3 16 -12.117 258.408 8.265 -11.189 260.217 7.889 -11.499 258.024 7.983
3 16 -11.888 260.565 7.879 -11.189 260.217 7.889 -12.117 258.408 8.265
3 16 -12.809 258.769 8.252 -11.888 260.565 7.879 -12.117 258.408 8.265
3 16 -12.554 260.836 7.576 -11.888 260.565 7.879 -12.809 258.769 8.252
3 16 -13.469 259.052 7.947 -12.554 260.836 7.576 -12.809 258.769 8.252
3 16 -13.086 260.989 7.027 -12.554 260.836 7.576 -13.469 259.052 7.947
3 16 -13.997 259.214 7.395 -13.086 260.989 7.027 -13.469 259.052 7.947
3 16 -13.404 261.002 6.314 -13.086 260.989 7.027 -13.997 259.214 7.395
3 16 -14.313 259.230 6.682 -13.404 261.002 6.314 -13.997 259.214 7.395
3 16 -13.458 260.871 5.546 -13.404 261.002 6.314 -14.313 259.230 6.682
3 16 -14.368 259.098 5.915 -13.458 260.871 5.546 -14.313 259.230 6.682
3 16 -13.240 260.618 4.841 -13.458 260.871 5.546 -14.368 259.098 5.915
3 16 -14.154 258.838 5.211 -13.240 260.618 4.841 -14.368 259.098 5.915
3 16 -11.901 262.091 3.938 -12.362 262.418 4.476 -13.240 260.618 4.841
3 16 -12.785 260.280 4.305 -11.901 262.091 3.938 -13.240 260.618 4.841
3 16 -11.270 261.733 3.651 -11.901 262.091 3.938 -12.785 260.280 4.305
3 16 -12.160 259.909 4.021 -11.270 261.733 3.651 -12.785 260.280 4.305
3 16 -10.565 261.399 3.658 -11.270 261.733 3.651 -12.160 259.909 4.021
3 16 -11.461 259.561 4.030 -10.565 261.399 3.658 -12.160 259.909 4.021
3 16 -9.893 261.139 3.959 -10.565 261.399 3.658 -11.461 259.561 4.030
3 16 -10.795 259.290 4.333 -9.893 261.139 3.959 -11.461 259.561 4.030
3 16 -9.357 260.994 4.507 -9.893 261.139 3.959 -10.795 259.290 4.333
3 16 -10.263 259.137 4.883 -9.357 260.994 4.507 -10.795 259.290 4.333
3 16 -9.038 260.985 5.219 -9.357 260.994 4.507 -10.263 259.137 4.883
3 16 -9.946 259.124 5.596 -9.038 260.985 5.219 -10.263 259.137 4.883
3 16 -8.985 261.113 5.987 -9.038 260.985 5.219 -9.946 259.124 5.596
3 16 -9.891 259.255 6.363 -8.985 261.113 5.987 -9.946 259.124 5.596
3 16 -9.206 261.359 6.694 -8.985 261.113 5.987 -9.891 259.255 6.363
3 16 -10.109 259.508 7.068 -9.206 261.359 6.694 -9.891 259.255 6.363
3 16 -9.667 261.686 7.232 -9.206 261.359 6.694 -10.109 259.508 7.068
3 16 -10.565 259.846 7.604 -9.667 261.686 7.232 -10.109 259.508 7.068
3 16 -10.298 262.044 7.519 -9.667 261.686 7.232 -10.565 259.846 7.604
3 16 -11.189 260.217 7.889 -10.298 262.044 7.519 -10.565 259.846 7.604
3 16 -11.003 262.378 7.512 -10.298 262.044 7.519 -11.189 260.217 7.889
3 16 -11.888 260.565 7.879 -11.003 262.378 7.512 -11.189 260.217 7.889
3 16 -11.675 262.637 7.211 -11.003 262.378 7.512 -11.888 260.565 7.879
3 16 -12.554 260.836 7.576 -11.675 262.637 7.211 -11.888 260.565 7.879
3 16 -12.211 262.783 6.663 -11.675 262.637 7.211 -12.554 260.836 7.576
3 16 -13.086 260.989 7.027 -12.211 262.783 6.663 -12.554 260.836 7.576
3 16 -12.530 262.792 5.951 -12.211 262.783 6.663 -13.086 260.989 7.027
3 16 -13.404 261.002 6.314 -12.530 262.792 5.951 -13.086 260.989 7.027
3 16 -12.583 262.664 5.183 -12.530 262.792 5.951 -13.404 261.002 6.314
3 16 -13.458 260.871 5.546 -12.583 262.664 5.183 -13.404 261.002 6.314
3 16 -12.362 262.418 4.476 -12.583 262.664 5.183 -13.458 260.871 5.546
3 16 -13.240 260.618 4.841 -12.362 262.418 4.476 -13.458 260.871 5.546
3 16 -11.054 263.919 3.577 -11.520 264.235 4.117 -12.362 262.418 4.476
3 16 -11.901 262.091 3.938 -11.054 263.919 3.577 -12.362 262.418 4.476
3 16 -10.416 263.575 3.287 -11.054 263.919 3.577 -11.901 262.091 3.938
3 16 -11.270 261.733 3.651 -10.416 263.575 3.287 -11.901 262.091 3.938
3 16 -9.705 263.254 3.292 -10.416 263.575 3.287 -11.270 261.733 3.651
3 16 -10.565 261.399 3.658 -9.705 263.254 3.292 -11.270 261.733 3.651
3 16 -9.027 263.007 3.590 -9.705 263.254 3.292 -10.565 261.399 3.658
3 16 -9.893 261.139 3.959 -9.027 263.007 3.590 -10.565 261.399 3.658
3 16 -8.487 262.870 4.136 -9.027 263.007 3.590 -9.893 261.139 3.959
3 16 -9.357 260.994 4.507 -8.487 262.870 4.136 -9.893 261.139 3.959
3 16 -8.167 262.864 4.848 -8.487 262.870 4.136 -9.357 260.994 4.507
3 16 -9.038 260.985 5.219 -8.167 262.864 4.848 -9.357 260.994 4.507
3 16 -8.115 262.990 5.616 -8.167 262.864 4.848 -9.038 260.985 5.219
3 16 -8.985 261.113 5.987 -8.115 262.990 5.616 -9.038 260.985 5.219
3 16 -8.339 263.230 6.324 -8.115 262.990 5.616 -8.985 261.113 5.987
3 16 -9.206 261.359 6.694 -8.339 263.230 6.324 -8.985 261.113 5.987
3 16 -8.806 263.545 6.865 -8.339 263.230 6.324 -9.206 261.359 6.694
3 16 -9.667 261.686 7.232 -8.806 263.545 6.865 -9.206 261.359 6.694
3 16 -9.443 263.890 7.154 -8.806 263.545 6.865 -9.667 261.686 7.232
3 16 -10.298 262.044 7.519 -9.443 263.890 7.154 -9.667 261.686 7.232
3 16 -10.155 264.210 7.150 -9.443 263.890 7.154 -10.298 262.044 7.519
3 16 -11.003 262.378 7.512 -10.155 264.210 7.150 -10.298 262.044 7.519
3 16 -10.832 264.457 6.852 -10.155 264.210 7.150 -11.003 262.378 7.512
3 16 -11.675 262.637 7.211 -10.832 264.457 6.852 -11.003 262.378 7.512
3 16 -11.372 264.594 6.305 -10.832 264.457 6.852 -11.675 262.637 7.211
3 16 -12.211 262.783 6.663 -11.372 264.594 6.305 -11.675 262.637 7.211
3 16 -11.693 264.600 5.594 -11.372 264.594 6.305 -12.211 262.783 6.663
3 16 -12.530 262.792 5.951 -11.693 264.600 5.594 -12.211 262.783 6.663
3 16 -11.745 264.474 4.825 -11.693 264.600 5.594 -12.530 262.792 5.951
3 16 -12.583 262.664 5.183 -11.745 264.474 4.825 -12.530 262.792 5.951
3 16 -11.520 264.235 4.117 -11.745 264.474 4.825 -12.583 262.664 5.183
3 16 -12.362 262.418 4.476 -11.520 264.235 4.117 -12.583 262.664 5.183
3 16 -10.242 265.766 3.222 -10.713 266.071 3.764 -11.520 264.235 4.117
3 16 -11.054 263.919 3.577 -10.242 265.766 3.222 -11.520 264.235 4.117
3 16 -9.598 265.436 2.929 -10.242 265.766 3.222 -11.054 263.919 3.577
3 16 -10.416 263.575 3.287 -9.598 265.436 2.929 -11.054 263.919 3.577
3 16 -8.881 265.129 2.931 -9.598 265.436 2.929 -10.416 263.575 3.287
3 16 -9.705 263.254 3.292 -8.881 265.129 2.931 -10.416 263.575 3.287
3 16 -8.198 264.893 3.227 -8.881 265.129 2.931 -9.705 263.254 3.292
3 16 -9.027 263.007 3.590 -8.198 264.893 3.227 -9.705 263.254 3.292
3 16 -7.655 264.764 3.772 -8.198 264.893 3.227 -9.027 263.007 3.590
3 16 -8.487 262.870 4.136 -7.655 264.764 3.772 -9.027 263.007 3.590
3 16 -7.333 264.761 4.484 -7.655 264.764 3.772 -8.487 262.870 4.136
3 16 -8.167 262.864 4.848 -7.333 264.761 4.484 -8.487 262.870 4.136
3 16 -7.283 264.885 5.252 -7.333 264.761 4.484 -8.167 262.864 4.848
3 16 -8.115 262.990 5.616 -7.283 264.885 5.252 -8.167 262.864 4.848
3 16 -7.510 265.117 5.962 -7.283 264.885 5.252 -8.115 262.990 5.616
3 16 -8.339 263.230 6.324 -7.510 265.117 5.962 -8.115 262.990 5.616
3 16 -7.982 265.421 6.504 -7.510 265.117 5.962 -8.339 263.230 6.324
3 16 -8.806 263.545 6.865 -7.982 265.421 6.504 -8.339 263.230 6.324
3 16 -8.625 265.752 6.796 -7.982 265.421 6.504 -8.806 263.545 6.865
3 16 -9.443 263.890 7.154 -8.625 265.752 6.796 -8.806 263.545 6.865
3 16 -9.343 266.058 6.794 -8.625 265.752 6.796 -9.443 263.890 7.154
3 16 -10.155 264.210 7.150 -9.343 266.058 6.794 -9.443 263.890 7.154
3 16 -10.025 266.294 6.498 -9.343 266.058 6.794 -10.155 264.210 7.150
3 16 -10.832 264.457 6.852 -10.025 266.294 6.498 -10.155 264.210 7.150
3 16 -10.568 266.424 5.953 -10.025 266.294 6.498 -10.832 264.457 6.852
3 16 -11.372 264.594 6.305 -10.568 266.424 5.953 -10.832 264.457 6.852
3 16 -10.890 266.427 5.242 -10.568 266.424 5.953 -11.372 264.594 6.305
3 16 -11.693 264.600 5.594 -10.890 266.427 5.242 -11.372 264.594 6.305
3 16 -10.941 266.303 4.474 -10.890 266.427 5.242 -11.693 264.600 5.594
3 16 -11.745 264.474 4.825 -10.941 266.303 4.474 -11.693 264.600 5.594
3 16 -10.713 266.071 3.764 -10.941 266.303 4.474 -11.745 264.474 4.825
3 16 -11.520 264.235 4.117 -10.713 266.071 3.764 -11.745 264.474 4.825
3 16 -9.465 267.630 2.874 -9.941 267.923 3.418 -10.713 266.071 3.764
3 16 -10.242 265.766 3.222 -9.465 267.630 2.874 -10.713 266.071 3.764
3 16 -8.816 267.313 2.579 -9.465 267.630 2.874 -10.242 265.766 3.222
3 16 -9.598 265.436 2.929 -8.816 267.313 2.579 -10.242 265.766 3.222
3 16 -8.093 267.020 2.579 -8.816 267.313 2.579 -9.598 265.436 2.929
3 16 -8.881 265.129 2.931 -8.093 267.020 2.579 -9.598 265.436 2.929
3 16 -7.406 266.795 2.872 -8.093 267.020 2.579 -8.881 265.129 2.931
3 16 -8.198 264.893 3.227 -7.406 266.795 2.872 -8.881 265.129 2.931
3 16 -6.859 266.674 3.416 -7.406 266.795 2.872 -8.198 264.893 3.227
3 16 -7.655 264.764 3.772 -6.859 266.674 3.416 -8.198 264.893 3.227
3 16 -6.536 266.674 4.127 -6.859 266.674 3.416 -7.655 264.764 3.772
3 16 -7.333 264.761 4.484 -6.536 266.674 4.127 -7.655 264.764 3.772
3 16 -6.487 266.795 4.896 -6.536 266.674 4.127 -7.333 264.761 4.484
3 16 -7.283 264.885 5.252 -6.487 266.795 4.896 -7.333 264.761 4.484
3 16 -6.717 267.020 5.607 -6.487 266.795 4.896 -7.283 264.885 5.252
3 16 -7.510 265.117 5.962 -6.717 267.020 5.607 -7.283 264.885 5.252
3 16 -7.194 267.313 6.151 -6.717 267.020 5.607 -7.510 265.117 5.962
3 16 -7.982 265.421 6.504 -7.194 267.313 6.151 -7.510 265.117 5.962
3 16 -7.843 267.630 6.446 -7.194 267.313 6.151 -7.982 265.421 6.504
3 16 -8.625 265.752 6.796 -7.843 267.630 6.446 -7.982 265.421 6.504
3 16 -8.566 267.923 6.446 -7.843 267.630 6.446 -8.625 265.752 6.796
3 16 -9.343 266.058 6.794 -8.566 267.923 6.446 -8.625 265.752 6.796
3 16 -9.253 268.148 6.152 -8.566 267.923 6.446 -9.343 266.058 6.794
3 16 -10.025 266.294 6.498 -9.253 268.148 6.152 -9.343 266.058 6.794
3 16 -9.800 268.269 5.609 -9.253 268.148 6.152 -10.025 266.294 6.498
3 16 -10.568 266.424 5.953 -9.800 268.269 5.609 -10.025 266.294 6.498
3 16 -10.122 268.269 4.898 -9.800 268.269 5.609 -10.568 266.424 5.953
3 16 -10.890 266.427 5.242 -10.122 268.269 4.898 -10.568 266.424 5.953
3 16 -10.172 268.148 4.129 -10.122 268.269 4.898 -10.890 266.427 5.242
3 16 -10.941 266.303 4.474 -10.172 268.148 4.129 -10.890 266.427 5.242
3 16 -9.941 267.923 3.418 -10.172 268.148 4.129 -10.941 266.303 4.474
3 16 -10.713 266.071 3.764 -9.941 267.923 3.418 -10.941 266.303 4.474
3 16 -8.724 269.511 2.533 -9.205 269.792 3.079 -9.941 267.923 3.418
3 16 -9.465 267.630 2.874 -8.724 269.511 2.533 -9.941 267.923 3.418
3 16 -8.069 269.207 2.235 -8.724 269.511 2.533 -9.465 267.630 2.874
3 16 -8.816 267.313 2.579 -8.069 269.207 2.235 -9.465 267.630 2.874
3 16 -7.341 268.928 2.233 -8.069 269.207 2.235 -8.816 267.313 2.579
3 16 -8.093 267.020 2.579 -7.341 268.928 2.233 -8.816 267.313 2.579
3 16 -6.649 268.715 2.524 -7.341 268.928 2.233 -8.093 267.020 2.579
3 16 -7.406 266.795 2.872 -6.649 268.715 2.524 -8.093 267.020 2.579
3 16 -6.100 268.601 3.067 -6.649 268.715 2.524 -7.406 266.795 2.872
3 16 -6.859 266.674 3.416 -6.100 268.601 3.067 -7.406 266.795 2.872
3 16 -5.776 268.604 3.777 -6.100 268.601 3.067 -6.859 266.674 3.416
3 16 -6.536 266.674 4.127 -5.776 268.604 3.777 -6.859 266.674 3.416
3 16 -5.727 268.723 4.547 -5.776 268.604 3.777 -6.536 266.674 4.127
3 16 -6.487 266.795 4.896 -5.727 268.723 4.547 -6.536 266.674 4.127
3 16 -5.961 268.939 5.259 -5.727 268.723 4.547 -6.487 266.795 4.896
3 16 -6.717 267.020 5.607 -5.961 268.939 5.259 -6.487 266.795 4.896
3 16 -6.442 269.221 5.805 -5.961 268.939 5.259 -6.717 267.020 5.607
3 16 -7.194 267.313 6.151 -6.442 269.221 5.805 -6.717 267.020 5.607
3 16 -7.097 269.524 6.102 -6.442 269.221 5.805 -7.194 267.313 6.151
3 16 -7.843 267.630 6.446 -7.097 269.524 6.102 -7.194 267.313 6.151
3 16 -7.825 269.804 6.105 -7.097 269.524 6.102 -7.843 267.630 6.446
3 16 -8.566 267.923 6.446 -7.825 269.804 6.105 -7.843 267.630 6.446
3 16 -8.517 270.017 5.813 -7.825 269.804 6.105 -8.566 267.923 6.446
3 16 -9.253 268.148 6.152 -8.517 270.017 5.813 -8.566 267.923 6.446
3 16 -9.067 270.130 5.271 -8.517 270.017 5.813 -9.253 268.148 6.152
3 16 -9.800 268.269 5.609 -9.067 270.130 5.271 -9.253 268.148 6.152
3 16 -9.390 270.128 4.561 -9.067 270.130 5.271 -9.800 268.269 5.609
3 16 -10.122 268.269 4.898 -9.390 270.128 4.561 -9.800 268.269 5.609
3 16 -9.439 270.009 3.791 -9.390 270.128 4.561 -10.122 268.269 4.898
3 16 -10.172 268.148 4.129 -9.439 270.009 3.791 -10.122 268.269 4.898
3 16 -9.205 269.792 3.079 -9.439 270.009 3.791 -10.172 268.148 4.129
3 16 -9.941 267.923 3.418 -9.205 269.792 3.079 -10.172 268.148 4.129
3 16 -8.018 271.408 2.201 -8.504 271.677 2.749 -9.205 269.792 3.079
3 16 -8.724 269.511 2.533 -8.018 271.408 2.201 -9.205 269.792 3.079
3 16 -7.359 271.118 1.901 -8.018 271.408 2.201 -8.724 269.511 2.533
3 16 -8.069 269.207 2.235 -7.359 271.118 1.901 -8.724 269.511 2.533
3 16 -6.625 270.852 1.896 -7.359 271.118 1.901 -8.069 269.207 2.235
3 16 -7.341 268.928 2.233 -6.625 270.852 1.896 -8.069 269.207 2.235
3 16 -5.929 270.651 2.186 -6.625 270.852 1.896 -7.341 268.928 2.233
3 16 -6.649 268.715 2.524 -5.929 270.651 2.186 -7.341 268.928 2.233
3 16 -5.377 270.545 2.727 -5.929 270.651 2.186 -6.649 268.715 2.524
3 16 -6.100 268.601 3.067 -5.377 270.545 2.727 -6.649 268.715 2.524
3 16 -5.052 270.550 3.436 -5.377 270.545 2.727 -6.100 268.601 3.067
3 16 -5.776 268.604 3.777 -5.052 270.550 3.436 -6.100 268.601 3.067
3 16 -5.005 270.665 4.207 -5.052 270.550 3.436 -5.776 268.604 3.777
3 16 -5.727 268.723 4.547 -5.005 270.665 4.207 -5.776 268.604 3.777
3 16 -5.242 270.873 4.920 -5.005 270.665 4.207 -5.727 268.723 4.547
3 16 -5.961 268.939 5.259 -5.242 270.873 4.920 -5.727 268.723 4.547
3 16 -5.728 271.143 5.469 -5.242 270.873 4.920 -5.961 268.939 5.259
3 16 -6.442 269.221 5.805 -5.728 271.143 5.469 -5.961 268.939 5.259
3 16 -6.387 271.432 5.768 -5.728 271.143 5.469 -6.442 269.221 5.805
3 16 -7.097 269.524 6.102 -6.387 271.432 5.768 -6.442 269.221 5.805
3 16 -7.121 271.698 5.774 -6.387 271.432 5.768 -7.097 269.524 6.102
3 16 -7.825 269.804 6.105 -7.121 271.698 5.774 -7.097 269.524 6.102
3 16 -7.817 271.899 5.484 -7.121 271.698 5.774 -7.825 269.804 6.105
3 16 -8.517 270.017 5.813 -7.817 271.899 5.484 -7.825 269.804 6.105
3 16 -8.369 272.005 4.943 -7.817 271.899 5.484 -8.517 270.017 5.813
3 16 -9.067 270.130 5.271 -8.369 272.005 4.943 -8.517 270.017 5.813
3 16 -8.694 272.001 4.233 -8.369 272.005 4.943 -9.067 270.130 5.271
3 16 -9.390 270.128 4.561 -8.694 272.001 4.233 -9.067 270.130 5.271
3 16 -8.741 271.885 3.463 -8.694 272.001 4.233 -9.390 270.128 4.561
3 16 -9.439 270.009 3.791 -8.741 271.885 3.463 -9.390 270.128 4.561
3 16 -8.504 271.677 2.749 -8.741 271.885 3.463 -9.439 270.009 3.791
3 16 -9.205 269.792 3.079 -8.504 271.677 2.749 -9.439 270.009 3.791
3 16 -7.350 273.319 1.878 -7.839 273.576 2.428 -8.504 271.677 2.749
3 16 -8.018 271.408 2.201 -7.350 273.319 1.878 -8.504 271.677 2.749
3 16 -6.685 273.043 1.576 -7.350 273.319 1.878 -8.018 271.408 2.201
3 16 -7.359 271.118 1.901 -6.685 273.043 1.576 -8.018 271.408 2.201
3 16 -5.946 272.792 1.568 -6.685 273.043 1.576 -7.359 271.118 1.901
3 16 -6.625 270.852 1.896 -5.946 272.792 1.568 -7.359 271.118 1.901
3 16 -5.246 272.602 1.856 -5.946 272.792 1.568 -6.625 270.852 1.896
3 16 -5.929 270.651 2.186 -5.246 272.602 1.856 -6.625 270.852 1.896
3 16 -4.691 272.503 2.396 -5.246 272.602 1.856 -5.929 270.651 2.186
3 16 -5.377 270.545 2.727 -4.691 272.503 2.396 -5.929 270.651 2.186
3 16 -4.366 272.511 3.106 -4.691 272.503 2.396 -5.377 270.545 2.727
3 16 -5.052 270.550 3.436 -4.366 272.511 3.106 -5.377 270.545 2.727
3 16 -4.320 272.623 3.876 -4.366 272.511 3.106 -5.052 270.550 3.436
3 16 -5.005 270.665 4.207 -4.320 272.623 3.876 -5.052 270.550 3.436
3 16 -4.560 272.823 4.591 -4.320 272.623 3.876 -5.005 270.665 4.207
3 16 -5.242 270.873 4.920 -4.560 272.823 4.591 -5.005 270.665 4.207
3 16 -5.050 273.080 5.142 -4.560 272.823 4.591 -5.242 270.873 4.920
3 16 -5.728 271.143 5.469 -5.050 273.080 5.142 -5.242 270.873 4.920
3 16 -5.715 273.356 5.444 -5.050 273.080 5.142 -5.728 271.143 5.469
3 16 -6.387 271.432 5.768 -5.715 273.356 5.444 -5.728 271.143 5.469
3 16 -6.453 273.607 5.451 -5.715 273.356 5.444 -6.387 271.432 5.768
3 16 -7.121 271.698 5.774 -6.453 273.607 5.451 -6.387 271.432 5.768
3 16 -7.153 273.797 5.163 -6.453 273.607 5.451 -7.121 271.698 5.774
3 16 -7.817 271.899 5.484 -7.153 273.797 5.163 -7.121 271.698 5.774
3 16 -7.708 273.896 4.623 -7.153 273.797 5.163 -7.817 271.899 5.484
3 16 -8.369 272.005 4.943 -7.708 273.896 4.623 -7.817 271.899 5.484
3 16 -8.033 273.888 3.914 -7.708 273.896 4.623 -8.369 272.005 4.943
3 16 -8.694 272.001 4.233 -8.033 273.888 3.914 -8.369 272.005 4.943
3 16 -8.079 273.776 3.143 -8.033 273.888 3.914 -8.694 272.001 4.233
3 16 -8.741 271.885 3.463 -8.079 273.776 3.143 -8.694 272.001 4.233
3 16 -7.839 273.576 2.428 -8.079 273.776 3.143 -8.741 271.885 3.463
3 16 -8.504 271.677 2.749 -7.839 273.576 2.428 -8.741 271.885 3.463
3 16 -6.715 275.246 1.564 -7.209 275.491 2.117 -7.839 273.576 2.428
3 16 -7.350 273.319 1.878 -6.715 275.246 1.564 -7.839 273.576 2.428
3 16 -6.046 274.984 1.260 -6.715 275.246 1.564 -7.350 273.319 1.878
3 16 -6.685 273.043 1.576 -6.046 274.984 1.260 -7.350 273.319 1.878
3 16 -5.303 274.745 1.251 -6.046 274.984 1.260 -6.685 273.043 1.576
3 16 -5.946 272.792 1.568 -5.303 274.745 1.251 -6.685 273.043 1.576
3 16 -4.600 274.567 1.537 -5.303 274.745 1.251 -5.946 272.792 1.568
3 16 -5.246 272.602 1.856 -4.600 274.567 1.537 -5.946 272.792 1.568
3 16 -4.043 274.475 2.076 -4.600 274.567 1.537 -5.246 272.602 1.856
3 16 -4.691 272.503 2.396 -4.043 274.475 2.076 -5.246 272.602 1.856
3 16 -3.717 274.484 2.785 -4.043 274.475 2.076 -4.691 272.503 2.396
3 16 -4.366 272.511 3.106 -3.717 274.484 2.785 -4.691 272.503 2.396
3 16 -3.672 274.592 3.556 -3.717 274.484 2.785 -4.366 272.511 3.106
3 16 -4.320 272.623 3.876 -3.672 274.592 3.556 -4.366 272.511 3.106
3 16 -3.915 274.784 4.273 -3.672 274.592 3.556 -4.320 272.623 3.876
3 16 -4.560 272.823 4.591 -3.915 274.784 4.273 -4.320 272.623 3.876
3 16 -4.409 275.029 4.825 -3.915 274.784 4.273 -4.560 272.823 4.591
3 16 -5.050 273.080 5.142 -4.409 275.029 4.825 -4.560 272.823 4.591
3 16 -5.078 275.291 5.129 -4.409 275.029 4.825 -5.050 273.080 5.142
3 16 -5.715 273.356 5.444 -5.078 275.291 5.129 -5.050 273.080 5.142
3 16 -5.821 275.530 5.139 -5.078 275.291 5.129 -5.715 273.356 5.444
3 16 -6.453 273.607 5.451 -5.821 275.530 5.139 -5.715 273.356 5.444
3 16 -6.524 275.709 4.852 -5.821 275.530 5.139 -6.453 273.607 5.451
3 16 -7.153 273.797 5.163 -6.524 275.709 4.852 -6.453 273.607 5.451
3 16 -7.081 275.801 4.314 -6.524 275.709 4.852 -7.153 273.797 5.163
3 16 -7.708 273.896 4.623 -7.081 275.801 4.314 -7.153 273.797 5.163
3 16 -7.407 275.792 3.604 -7.081 275.801 4.314 -7.708 273.896 4.623
3 16 -8.033 273.888 3.914 -7.407 275.792 3.604 -7.708 273.896 4.623
3 16 -7.452 275.683 2.833 -7.407 275.792 3.604 -8.033 273.888 3.914
3 16 -8.079 273.776 3.143 -7.452 275.683 2.833 -8.033 273.888 3.914
3 16 -7.209 275.491 2.117 -7.452 275.683 2.833 -8.079 273.776 3.143
3 16 -7.839 273.576 2.428 -7.209 275.491 2.117 -8.079 273.776 3.143
3 16 -6.116 277.185 1.261 -6.613 277.419 1.815 -7.209 275.491 2.117
3 16 -6.715 275.246 1.564 -6.116 277.185 1.261 -7.209 275.491 2.117
3 16 -5.442 276.936 0.955 -6.116 277.185 1.261 -6.715 275.246 1.564
3 16 -6.046 274.984 1.260 -5.442 276.936 0.955 -6.715 275.246 1.564
3 16 -4.695 276.711 0.943 -5.442 276.936 0.955 -6.046 274.984 1.260
3 16 -5.303 274.745 1.251 -4.695 276.711 0.943 -6.046 274.984 1.260
3 16 -3.988 276.543 1.228 -4.695 276.711 0.943 -5.303 274.745 1.251
3 16 -4.600 274.567 1.537 -3.988 276.543 1.228 -5.303 274.745 1.251
3 16 -3.429 276.458 1.766 -3.988 276.543 1.228 -4.600 274.567 1.537
3 16 -4.043 274.475 2.076 -3.429 276.458 1.766 -4.600 274.567 1.537
3 16 -3.103 276.469 2.475 -3.429 276.458 1.766 -4.043 274.475 2.076
3 16 -3.717 274.484 2.785 -3.103 276.469 2.475 -4.043 274.475 2.076
3 16 -3.059 276.574 3.246 -3.103 276.469 2.475 -3.717 274.484 2.785
3 16 -3.672 274.592 3.556 -3.059 276.574 3.246 -3.717 274.484 2.785
3 16 -3.305 276.758 3.964 -3.059 276.574 3.246 -3.672 274.592 3.556
3 16 -3.915 274.784 4.273 -3.305 276.758 3.964 -3.672 274.592 3.556
3 16 -3.802 276.992 4.518 -3.305 276.758 3.964 -3.915 274.784 4.273
3 16 -4.409 275.029 4.825 -3.802 276.992 4.518 -3.915 274.784 4.273
3 16 -4.475 277.241 4.824 -3.802 276.992 4.518 -4.409 275.029 4.825
3 16 -5.078 275.291 5.129 -4.475 277.241 4.824 -4.409 275.029 4.825
3 16 -5.222 277.466 4.836 -4.475 277.241 4.824 -5.078 275.291 5.129
3 16 -5.821 275.530 5.139 -5.222 277.466 4.836 -5.078 275.291 5.129
3 16 -5.929 277.634 4.551 -5.222 277.466 4.836 -5.821 275.530 5.139
3 16 -6.524 275.709 4.852 -5.929 277.634 4.551 -5.821 275.530 5.139
3 16 -6.488 277.719 4.013 -5.929 277.634 4.551 -6.524 275.709 4.852
3 16 -7.081 275.801 4.314 -6.488 277.719 4.013 -6.524 275.709 4.852
3 16 -6.815 277.708 3.305 -6.488 277.719 4.013 -7.081 275.801 4.314
3 16 -7.407 275.792 3.604 -6.815 277.708 3.305 -7.081 275.801 4.314
3 16 -6.858 277.602 2.533 -6.815 277.708 3.305 -7.407 275.792 3.604
3 16 -7.452 275.683 2.833 -6.858 277.602 2.533 -7.407 275.792 3.604
3 16 -6.613 277.419 1.815 -6.858 277.602 2.533 -7.452 275.683 2.833
3 16 -7.209 275.491 2.117 -6.613 277.419 1.815 -7.452 275.683 2.833
3 16 -5.550 279.137 0.968 -6.051 279.359 1.524 -6.613 277.419 1.815
3 16 -6.116 277.185 1.261 -5.550 279.137 0.968 -6.613 277.419 1.815
3 16 -4.873 278.903 0.659 -5.550 279.137 0.968 -6.116 277.185 1.261
3 16 -5.442 276.936 0.955 -4.873 278.903 0.659 -6.116 277.185 1.261
3 16 -4.122 278.691 0.646 -4.873 278.903 0.659 -5.442 276.936 0.955
3 16 -4.695 276.711 0.943 -4.122 278.691 0.646 -5.442 276.936 0.955
3 16 -3.412 278.534 0.929 -4.122 278.691 0.646 -4.695 276.711 0.943
3 16 -3.988 276.543 1.228 -3.412 278.534 0.929 -4.695 276.711 0.943
3 16 -2.851 278.456 1.466 -3.412 278.534 0.929 -3.988 276.543 1.228
3 16 -3.429 276.458 1.766 -2.851 278.456 1.466 -3.988 276.543 1.228
3 16 -2.524 278.469 2.174 -2.851 278.456 1.466 -3.429 276.458 1.766
3 16 -3.103 276.469 2.475 -2.524 278.469 2.174 -3.429 276.458 1.766
3 16 -2.482 278.570 2.947 -2.524 278.469 2.174 -3.103 276.469 2.475
3 16 -3.059 276.574 3.246 -2.482 278.570 2.947 -3.103 276.469 2.475
3 16 -2.730 278.745 3.666 -2.482 278.570 2.947 -3.059 276.574 3.246
3 16 -3.305 276.758 3.964 -2.730 278.745 3.666 -3.059 276.574 3.246
3 16 -3.231 278.966 4.222 -2.730 278.745 3.666 -3.305 276.758 3.964
3 16 -3.802 276.992 4.518 -3.231 278.966 4.222 -3.305 276.758 3.964
3 16 -3.908 279.200 4.530 -3.231 278.966 4.222 -3.802 276.992 4.518
3 16 -4.475 277.241 4.824 -3.908 279.200 4.530 -3.802 276.992 4.518
3 16 -4.659 279.412 4.544 -3.908 279.200 4.530 -4.475 277.241 4.824
3 16 -5.222 277.466 4.836 -4.659 279.412 4.544 -4.475 277.241 4.824
3 16 -5.369 279.569 4.260 -4.659 279.412 4.544 -5.222 277.466 4.836
3 16 -5.929 277.634 4.551 -5.369 279.569 4.260 -5.222 277.466 4.836
3 16 -5.930 279.647 3.724 -5.369 279.569 4.260 -5.929 277.634 4.551
3 16 -6.488 277.719 4.013 -5.930 279.647 3.724 -5.929 277.634 4.551
3 16 -6.257 279.635 3.015 -5.930 279.647 3.724 -6.488 277.719 4.013
3 16 -6.815 277.708 3.305 -6.257 279.635 3.015 -6.488 277.719 4.013
3 16 -6.299 279.533 2.243 -6.257 279.635 3.015 -6.815 277.708 3.305
3 16 -6.858 277.602 2.533 -6.299 279.533 2.243 -6.815 277.708 3.305
3 16 -6.051 279.359 1.524 -6.299 279.533 2.243 -6.858 277.602 2.533
3 16 -6.613 277.419 1.815 -6.051 279.359 1.524 -6.858 277.602 2.533
3 16 -5.022 281.102 0.688 -5.527 281.309 1.246 -6.051 279.359 1.524
3 16 -5.550 279.137 0.968 -5.022 281.102 0.688 -6.051 279.359 1.524
3 16 -4.340 280.883 0.378 -5.022 281.102 0.688 -5.550 279.137 0.968
3 16 -4.873 278.903 0.659 -4.340 280.883 0.378 -5.550 279.137 0.968
3 16 -3.585 280.686 0.362 -4.340 280.883 0.378 -4.873 278.903 0.659
3 16 -4.122 278.691 0.646 -3.585 280.686 0.362 -4.873 278.903 0.659
3 16 -2.872 280.541 0.644 -3.585 280.686 0.362 -4.122 278.691 0.646
3 16 -3.412 278.534 0.929 -2.872 280.541 0.644 -4.122 278.691 0.646
3 16 -2.309 280.470 1.180 -2.872 280.541 0.644 -3.412 278.534 0.929
3 16 -2.851 278.456 1.466 -2.309 280.470 1.180 -3.412 278.534 0.929
3 16 -1.982 280.483 1.888 -2.309 280.470 1.180 -2.851 278.456 1.466
3 16 -2.524 278.469 2.174 -1.982 280.483 1.888 -2.851 278.456 1.466
3 16 -1.941 280.579 2.662 -1.982 280.483 1.888 -2.524 278.469 2.174
3 16 -2.482 278.570 2.947 -1.941 280.579 2.662 -2.524 278.469 2.174
3 16 -2.192 280.744 3.382 -1.941 280.579 2.662 -2.482 278.570 2.947
3 16 -2.730 278.745 3.666 -2.192 280.744 3.382 -2.482 278.570 2.947
3 16 -2.697 280.951 3.940 -2.192 280.744 3.382 -2.730 278.745 3.666
3 16 -3.231 278.966 4.222 -2.697 280.951 3.940 -2.730 278.745 3.666
3 16 -3.379 281.170 4.250 -2.697 280.951 3.940 -3.231 278.966 4.222
3 16 -3.908 279.200 4.530 -3.379 281.170 4.250 -3.231 278.966 4.222
3 16 -4.134 281.366 4.266 -3.379 281.170 4.250 -3.908 279.200 4.530
3 16 -4.659 279.412 4.544 -4.134 281.366 4.266 -3.908 279.200 4.530
3 16 -4.847 281.512 3.984 -4.134 281.366 4.266 -4.659 279.412 4.544
3 16 -5.369 279.569 4.260 -4.847 281.512 3.984 -4.659 279.412 4.544
3 16 -5.410 281.583 3.448 -4.847 281.512 3.984 -5.369 279.569 4.260
3 16 -5.930 279.647 3.724 -5.410 281.583 3.448 -5.369 279.569 4.260
3 16 -5.737 281.569 2.740 -5.410 281.583 3.448 -5.930 279.647 3.724
3 16 -6.257 279.635 3.015 -5.737 281.569 2.740 -5.930 279.647 3.724
3 16 -5.778 281.473 1.966 -5.737 281.569 2.740 -6.257 279.635 3.015
3 16 -6.299 279.533 2.243 -5.778 281.473 1.966 -6.257 279.635 3.015
3 16 -5.527 281.309 1.246 -5.778 281.473 1.966 -6.299 279.533 2.243
3 16 -6.051 279.359 1.524 -5.527 281.309 1.246 -6.299 279.533 2.243
3 16 -4.532 283.079 0.423 -5.040 283.273 0.982 -5.527 281.309 1.246
3 16 -5.022 281.102 0.688 -4.532 283.079 0.423 -5.527 281.309 1.246
3 16 -3.846 282.875 0.111 -4.532 283.079 0.423 -5.022 281.102 0.688
3 16 -4.340 280.883 0.378 -3.846 282.875 0.111 -5.022 281.102 0.688
3 16 -3.088 282.692 0.093 -3.846 282.875 0.111 -4.340 280.883 0.378
3 16 -3.585 280.686 0.362 -3.088 282.692 0.093 -4.340 280.883 0.378
3 16 -2.372 282.558 0.374 -3.088 282.692 0.093 -3.585 280.686 0.362
3 16 -2.872 280.541 0.644 -2.372 282.558 0.374 -3.585 280.686 0.362
3 16 -1.808 282.493 0.909 -2.372 282.558 0.374 -2.872 280.541 0.644
3 16 -2.309 280.470 1.180 -1.808 282.493 0.909 -2.872 280.541 0.644
3 16 -1.481 282.507 1.617 -1.808 282.493 0.909 -2.309 280.470 1.180
3 16 -1.982 280.483 1.888 -1.481 282.507 1.617 -2.309 280.470 1.180
3 16 -1.441 282.599 2.391 -1.481 282.507 1.617 -1.982 280.483 1.888
3 16 -1.941 280.579 2.662 -1.441 282.599 2.391 -1.982 280.483 1.888
3 16 -1.694 282.753 3.113 -1.441 282.599 2.391 -1.941 280.579 2.662
3 16 -2.192 280.744 3.382 -1.694 282.753 3.113 -1.941 280.579 2.662
3 16 -2.202 282.948 3.672 -1.694 282.753 3.113 -2.192 280.744 3.382
3 16 -2.697 280.951 3.940 -2.202 282.948 3.672 -2.192 280.744 3.382
3 16 -2.888 283.152 3.984 -2.202 282.948 3.672 -2.697 280.951 3.940
3 16 -3.379 281.170 4.250 -2.888 283.152 3.984 -2.697 280.951 3.940
3 16 -3.646 283.335 4.002 -2.888 283.152 3.984 -3.379 281.170 4.250
3 16 -4.134 281.366 4.266 -3.646 283.335 4.002 -3.379 281.170 4.250
3 16 -4.362 283.469 3.722 -3.646 283.335 4.002 -4.134 281.366 4.266
3 16 -4.847 281.512 3.984 -4.362 283.469 3.722 -4.134 281.366 4.266
3 16 -4.927 283.533 3.187 -4.362 283.469 3.722 -4.847 281.512 3.984
3 16 -5.410 281.583 3.448 -4.927 283.533 3.187 -4.847 281.512 3.984
3 16 -5.254 283.519 2.478 -4.927 283.533 3.187 -5.410 281.583 3.448
3 16 -5.737 281.569 2.740 -5.254 283.519 2.478 -5.410 281.583 3.448
3 16 -5.293 283.427 1.704 -5.254 283.519 2.478 -5.737 281.569 2.740
3 16 -5.778 281.473 1.966 -5.293 283.427 1.704 -5.737 281.569 2.740
3 16 -5.040 283.273 0.982 -5.293 283.427 1.704 -5.778 281.473 1.966
3 16 -5.527 281.309 1.246 -5.040 283.273 0.982 -5.778 281.473 1.966
3 16 -4.074 285.067 0.170 -4.585 285.250 0.731 -5.040 283.273 0.982
3 16 -4.532 283.079 0.423 -4.074 285.067 0.170 -5.040 283.273 0.982
3 16 -3.386 284.875 -0.144 -4.074 285.067 0.170 -4.532 283.079 0.423
3 16 -3.846 282.875 0.111 -3.386 284.875 -0.144 -4.532 283.079 0.423
3 16 -2.625 284.704 -0.163 -3.386 284.875 -0.144 -3.846 282.875 0.111
3 16 -3.088 282.692 0.093 -2.625 284.704 -0.163 -3.846 282.875 0.111
3 16 -1.907 284.579 0.116 -2.625 284.704 -0.163 -3.088 282.692 0.093
3 16 -2.372 282.558 0.374 -1.907 284.579 0.116 -3.088 282.692 0.093
3 16 -1.341 284.519 0.651 -1.907 284.579 0.116 -2.372 282.558 0.374
3 16 -1.808 282.493 0.909 -1.341 284.519 0.651 -2.372 282.558 0.374
3 16 -1.014 284.534 1.359 -1.341 284.519 0.651 -1.808 282.493 0.909
3 16 -1.481 282.507 1.617 -1.014 284.534 1.359 -1.808 282.493 0.909
3 16 -0.975 284.622 2.133 -1.014 284.534 1.359 -1.481 282.507 1.617
3 16 -1.441 282.599 2.391 -0.975 284.622 2.133 -1.481 282.507 1.617
3 16 -1.231 284.769 2.856 -0.975 284.622 2.133 -1.441 282.599 2.391
3 16 -1.694 282.753 3.113 -1.231 284.769 2.856 -1.441 282.599 2.391
3 16 -1.741 284.952 3.417 -1.231 284.769 2.856 -1.694 282.753 3.113
3 16 -2.202 282.948 3.672 -1.741 284.952 3.417 -1.694 282.753 3.113
3 16 -2.430 285.144 3.731 -1.741 284.952 3.417 -2.202 282.948 3.672
3 16 -2.888 283.152 3.984 -2.430 285.144 3.731 -2.202 282.948 3.672
3 16 -3.191 285.316 3.749 -2.430 285.144 3.731 -2.888 283.152 3.984
3 16 -3.646 283.335 4.002 -3.191 285.316 3.749 -2.888 283.152 3.984
3 16 -3.909 285.441 3.470 -3.191 285.316 3.749 -3.646 283.335 4.002
3 16 -4.362 283.469 3.722 -3.909 285.441 3.470 -3.646 283.335 4.002
3 16 -4.474 285.500 2.936 -3.909 285.441 3.470 -4.362 283.469 3.722
3 16 -4.927 283.533 3.187 -4.474 285.500 2.936 -4.362 283.469 3.722
3 16 -4.801 285.485 2.228 -4.474 285.500 2.936 -4.927 283.533 3.187
3 16 -5.254 283.519 2.478 -4.801 285.485 2.228 -4.927 283.533 3.187
3 16 -4.840 285.397 1.453 -4.801 285.485 2.228 -5.254 283.519 2.478
3 16 -5.293 283.427 1.704 -4.840 285.397 1.453 -5.254 283.519 2.478
3 16 -4.585 285.250 0.731 -4.840 285.397 1.453 -5.293 283.427 1.704
3 16 -5.040 283.273 0.982 -4.585 285.250 0.731 -5.293 283.427 1.704
3 16 -3.644 287.063 -0.074 -4.157 287.237 0.488 -4.585 285.250 0.731
3 16 -4.074 285.067 0.170 -3.644 287.063 -0.074 -4.585 285.250 0.731
3 16 -2.954 286.882 -0.389 -3.644 287.063 -0.074 -4.074 285.067 0.170
3 16 -3.386 284.875 -0.144 -2.954 286.882 -0.389 -4.074 285.067 0.170
3 16 -2.190 286.721 -0.409 -2.954 286.882 -0.389 -3.386 284.875 -0.144
3 16 -2.625 284.704 -0.163 -2.190 286.721 -0.409 -3.386 284.875 -0.144
3 16 -1.470 286.605 -0.131 -2.190 286.721 -0.409 -2.625 284.704 -0.163
3 16 -1.907 284.579 0.116 -1.470 286.605 -0.131 -2.625 284.704 -0.163
3 16 -0.904 286.551 0.402 -1.470 286.605 -0.131 -1.907 284.579 0.116
3 16 -1.341 284.519 0.651 -0.904 286.551 0.402 -1.907 284.579 0.116
3 16 -0.576 286.567 1.110 -0.904 286.551 0.402 -1.341 284.519 0.651
3 16 -1.014 284.534 1.359 -0.576 286.567 1.110 -1.341 284.519 0.651
3 16 -0.538 286.652 1.885 -0.576 286.567 1.110 -1.014 284.534 1.359
3 16 -0.975 284.622 2.133 -0.538 286.652 1.885 -1.014 284.534 1.359
3 16 -0.795 286.792 2.609 -0.538 286.652 1.885 -0.975 284.622 2.133
3 16 -1.231 284.769 2.856 -0.795 286.792 2.609 -0.975 284.622 2.133
3 16 -1.308 286.966 3.171 -0.795 286.792 2.609 -1.231 284.769 2.856
3 16 -1.741 284.952 3.417 -1.308 286.966 3.171 -1.231 284.769 2.856
3 16 -1.998 287.147 3.486 -1.308 286.966 3.171 -1.741 284.952 3.417
3 16 -2.430 285.144 3.731 -1.998 287.147 3.486 -1.741 284.952 3.417
3 16 -2.762 287.308 3.506 -1.998 287.147 3.486 -2.430 285.144 3.731
3 16 -3.191 285.316 3.749 -2.762 287.308 3.506 -2.430 285.144 3.731
3 16 -3.481 287.424 3.228 -2.762 287.308 3.506 -3.191 285.316 3.749
3 16 -3.909 285.441 3.470 -3.481 287.424 3.228 -3.191 285.316 3.749
3 16 -4.048 287.478 2.694 -3.481 287.424 3.228 -3.909 285.441 3.470
3 16 -4.474 285.500 2.936 -4.048 287.478 2.694 -3.909 285.441 3.470
3 16 -4.376 287.461 1.986 -4.048 287.478 2.694 -4.474 285.500 2.936
3 16 -4.801 285.485 2.228 -4.376 287.461 1.986 -4.474 285.500 2.936
3 16 -4.414 287.377 1.211 -4.376 287.461 1.986 -4.801 285.485 2.228
3 16 -4.840 285.397 1.453 -4.414 287.377 1.211 -4.801 285.485 2.228
3 16 -4.157 287.237 0.488 -4.414 287.377 1.211 -4.840 285.397 1.453
3 16 -4.585 285.250 0.731 -4.157 287.237 0.488 -4.840 285.397 1.453
3 16 -3.247 289.069 -0.305 -3.763 289.228 0.258 -4.157 287.237 0.488
3 16 -3.644 287.063 -0.074 -3.247 289.069 -0.305 -4.157 287.237 0.488
3 16 -2.553 288.905 -0.622 -3.247 289.069 -0.305 -3.644 287.063 -0.074
3 16 -2.954 286.882 -0.389 -2.553 288.905 -0.622 -3.644 287.063 -0.074
3 16 -1.787 288.759 -0.644 -2.553 288.905 -0.622 -2.954 286.882 -0.389
3 16 -2.190 286.721 -0.409 -1.787 288.759 -0.644 -2.954 286.882 -0.389
3 16 -1.065 288.654 -0.367 -1.787 288.759 -0.644 -2.190 286.721 -0.409
3 16 -1.470 286.605 -0.131 -1.065 288.654 -0.367 -2.190 286.721 -0.409
3 16 -0.497 288.606 0.166 -1.065 288.654 -0.367 -1.470 286.605 -0.131
3 16 -0.904 286.551 0.402 -0.497 288.606 0.166 -1.470 286.605 -0.131
3 16 -0.169 288.622 0.874 -0.497 288.606 0.166 -0.904 286.551 0.402
3 16 -0.576 286.567 1.110 -0.169 288.622 0.874 -0.904 286.551 0.402
3 16 -0.133 288.701 1.650 -0.169 288.622 0.874 -0.576 286.567 1.110
3 16 -0.538 286.652 1.885 -0.133 288.701 1.650 -0.576 286.567 1.110
3 16 -0.392 288.829 2.375 -0.133 288.701 1.650 -0.538 286.652 1.885
3 16 -0.795 286.792 2.609 -0.392 288.829 2.375 -0.538 286.652 1.885
3 16 -0.908 288.987 2.938 -0.392 288.829 2.375 -0.795 286.792 2.609
3 16 -1.308 286.966 3.171 -0.908 288.987 2.938 -0.795 286.792 2.609
3 16 -1.602 289.152 3.255 -0.908 288.987 2.938 -1.308 286.966 3.171
3 16 -1.998 287.147 3.486 -1.602 289.152 3.255 -1.308 286.966 3.171
3 16 -2.368 289.298 3.277 -1.602 289.152 3.255 -1.998 287.147 3.486
3 16 -2.762 287.308 3.506 -2.368 289.298 3.277 -1.998 287.147 3.486
3 16 -3.090 289.402 3.000 -2.368 289.298 3.277 -2.762 287.308 3.506
3 16 -3.481 287.424 3.228 -3.090 289.402 3.000 -2.762 287.308 3.506
3 16 -3.658 289.450 2.467 -3.090 289.402 3.000 -3.481 287.424 3.228
3 16 -4.048 287.478 2.694 -3.658 289.450 2.467 -3.481 287.424 3.228
3 16 -3.985 289.434 1.759 -3.658 289.450 2.467 -4.048 287.478 2.694
3 16 -4.376 287.461 1.986 -3.985 289.434 1.759 -4.048 287.478 2.694
3 16 -4.022 289.356 0.983 -3.985 289.434 1.759 -4.376 287.461 1.986
3 16 -4.414 287.377 1.211 -4.022 289.356 0.983 -4.376 287.461 1.986
3 16 -3.763 289.228 0.258 -4.022 289.356 0.983 -4.414 287.377 1.211
3 16 -4.157 287.237 0.488 -3.763 289.228 0.258 -4.414 287.377 1.211
3 16 -2.896 291.084 -0.512 -3.416 291.221 0.054 -3.763 289.228 0.258
3 16 -3.247 289.069 -0.305 -2.896 291.084 -0.512 -3.763 289.228 0.258
3 16 -2.198 290.942 -0.831 -2.896 291.084 -0.512 -3.247 289.069 -0.305
3 16 -2.553 288.905 -0.622 -2.198 290.942 -0.831 -3.247 289.069 -0.305
3 16 -1.428 290.817 -0.855 -2.198 290.942 -0.831 -2.553 288.905 -0.622
3 16 -1.787 288.759 -0.644 -1.428 290.817 -0.855 -2.553 288.905 -0.622
3 16 -0.704 290.727 -0.579 -1.428 290.817 -0.855 -1.787 288.759 -0.644
3 16 -1.065 288.654 -0.367 -0.704 290.727 -0.579 -1.787 288.759 -0.644
3 16 -0.135 290.686 -0.047 -0.704 290.727 -0.579 -1.065 288.654 -0.367
3 16 -0.497 288.606 0.166 -0.135 290.686 -0.047 -1.065 288.654 -0.367
3 16 0.192 290.701 0.662 -0.135 290.686 -0.047 -0.497 288.606 0.166
3 16 -0.169 288.622 0.874 0.192 290.701 0.662 -0.497 288.606 0.166
3 16 0.227 290.769 1.438 0.192 290.701 0.662 -0.169 288.622 0.874
3 16 -0.133 288.701 1.650 0.227 290.769 1.438 -0.169 288.622 0.874
3 16 -0.035 290.880 2.165 0.227 290.769 1.438 -0.133 288.701 1.650
3 16 -0.392 288.829 2.375 -0.035 290.880 2.165 -0.133 288.701 1.650
3 16 -0.555 291.017 2.731 -0.035 290.880 2.165 -0.392 288.829 2.375
3 16 -0.908 288.987 2.938 -0.555 291.017 2.731 -0.392 288.829 2.375
3 16 -1.253 291.159 3.050 -0.555 291.017 2.731 -0.908 288.987 2.938
3 16 -1.602 289.152 3.255 -1.253 291.159 3.050 -0.908 288.987 2.938
3 16 -2.023 291.284 3.073 -1.253 291.159 3.050 -1.602 289.152 3.255
3 16 -2.368 289.298 3.277 -2.023 291.284 3.073 -1.602 289.152 3.255
3 16 -2.747 291.374 2.798 -2.023 291.284 3.073 -2.368 289.298 3.277
3 16 -3.090 289.402 3.000 -2.747 291.374 2.798 -2.368 289.298 3.277
3 16 -3.316 291.415 2.265 -2.747 291.374 2.798 -3.090 289.402 3.000
3 16 -3.658 289.450 2.467 -3.316 291.415 2.265 -3.090 289.402 3.000
3 16 -3.643 291.400 1.557 -3.316 291.415 2.265 -3.658 289.450 2.467
3 16 -3.985 289.434 1.759 -3.643 291.400 1.557 -3.658 289.450 2.467
3 16 -3.678 291.332 0.780 -3.643 291.400 1.557 -3.985 289.434 1.759
3 16 -4.022 289.356 0.983 -3.678 291.332 0.780 -3.985 289.434 1.759
3 16 -3.416 291.221 0.054 -3.678 291.332 0.780 -4.022 289.356 0.983
3 16 -3.763 289.228 0.258 -3.416 291.221 0.054 -4.022 289.356 0.983
3 16 -2.593 293.109 -0.694 -3.114 293.232 -0.127 -3.416 291.221 0.054
3 16 -2.896 291.084 -0.512 -2.593 293.109 -0.694 -3.416 291.221 0.054
3 16 -1.892 292.982 -1.014 -2.593 293.109 -0.694 -2.896 291.084 -0.512
3 16 -2.198 290.942 -0.831 -1.892 292.982 -1.014 -2.896 291.084 -0.512
3 16 -1.120 292.870 -1.039 -1.892 292.982 -1.014 -2.198 290.942 -0.831
3 16 -1.428 290.817 -0.855 -1.120 292.870 -1.039 -2.198 290.942 -0.831
3 16 -0.394 292.790 -0.765 -1.120 292.870 -1.039 -1.428 290.817 -0.855
3 16 -0.704 290.727 -0.579 -0.394 292.790 -0.765 -1.428 290.817 -0.855
3 16 0.175 292.755 -0.233 -0.394 292.790 -0.765 -0.704 290.727 -0.579
3 16 -0.135 290.686 -0.047 0.175 292.755 -0.233 -0.704 290.727 -0.579
3 16 0.502 292.770 0.476 0.175 292.755 -0.233 -0.135 290.686 -0.047
3 16 0.192 290.701 0.662 0.502 292.770 0.476 -0.135 290.686 -0.047
3 16 0.536 292.832 1.253 0.502 292.770 0.476 0.192 290.701 0.662
3 16 0.227 290.769 1.438 0.536 292.832 1.253 0.192 290.701 0.662
3 16 0.272 292.932 1.980 0.536 292.832 1.253 0.227 290.769 1.438
3 16 -0.035 290.880 2.165 0.272 292.932 1.980 0.227 290.769 1.438
3 16 -0.250 293.056 2.547 0.272 292.932 1.980 -0.035 290.880 2.165
3 16 -0.555 291.017 2.731 -0.250 293.056 2.547 -0.035 290.880 2.165
3 16 -0.950 293.183 2.868 -0.250 293.056 2.547 -0.555 291.017 2.731
3 16 -1.253 291.159 3.050 -0.950 293.183 2.868 -0.555 291.017 2.731
3 16 -1.722 293.295 2.893 -0.950 293.183 2.868 -1.253 291.159 3.050
3 16 -2.023 291.284 3.073 -1.722 293.295 2.893 -1.253 291.159 3.050
3 16 -2.448 293.374 2.618 -1.722 293.295 2.893 -2.023 291.284 3.073
3 16 -2.747 291.374 2.798 -2.448 293.374 2.618 -2.023 291.284 3.073
3 16 -3.018 293.409 2.086 -2.448 293.374 2.618 -2.747 291.374 2.798
3 16 -3.316 291.415 2.265 -3.018 293.409 2.086 -2.747 291.374 2.798
3 16 -3.344 293.395 1.378 -3.018 293.409 2.086 -3.316 291.415 2.265
3 16 -3.643 291.400 1.557 -3.344 293.395 1.378 -3.316 291.415 2.265
3 16 -3.378 293.332 0.600 -3.344 293.395 1.378 -3.643 291.400 1.557
3 16 -3.678 291.332 0.780 -3.378 293.332 0.600 -3.643 291.400 1.557
3 16 -3.114 293.232 -0.127 -3.378 293.332 0.600 -3.678 291.332 0.780
3 16 -3.416 291.221 0.054 -3.114 293.232 -0.127 -3.678 291.332 0.780
3 16 -2.308 295.142 -0.869 -2.830 295.265 -0.302 -3.114 293.232 -0.127
3 16 -2.593 293.109 -0.694 -2.308 295.142 -0.869 -3.114 293.232 -0.127
3 16 -1.608 295.015 -1.189 -2.308 295.142 -0.869 -2.593 293.109 -0.694
3 16 -1.892 292.982 -1.014 -1.608 295.015 -1.189 -2.593 293.109 -0.694
3 16 -0.836 294.904 -1.214 -1.608 295.015 -1.189 -1.892 292.982 -1.014
3 16 -1.120 292.870 -1.039 -0.836 294.904 -1.214 -1.892 292.982 -1.014
3 16 -0.110 294.826 -0.940 -0.836 294.904 -1.214 -1.120 292.870 -1.039
3 16 -0.394 292.790 -0.765 -0.110 294.826 -0.940 -1.120 292.870 -1.039
3 16 0.460 294.792 -0.408 -0.110 294.826 -0.940 -0.394 292.790 -0.765
3 16 0.175 292.755 -0.233 0.460 294.792 -0.408 -0.394 292.790 -0.765
3 16 0.787 294.809 0.301 0.460 294.792 -0.408 0.175 292.755 -0.233
3 16 0.502 292.770 0.476 0.787 294.809 0.301 0.175 292.755 -0.233
3 16 0.821 294.872 1.078 0.787 294.809 0.301 0.502 292.770 0.476
3 16 0.536 292.832 1.253 0.821 294.872 1.078 0.502 292.770 0.476
3 16 0.558 294.973 1.805 0.821 294.872 1.078 0.536 292.832 1.253
3 16 0.272 292.932 1.980 0.558 294.973 1.805 0.536 292.832 1.253
3 16 0.036 295.097 2.372 0.558 294.973 1.805 0.272 292.932 1.980
3 16 -0.250 293.056 2.547 0.036 295.097 2.372 0.272 292.932 1.980
3 16 -0.664 295.223 2.692 0.036 295.097 2.372 -0.250 293.056 2.547
3 16 -0.950 293.183 2.868 -0.664 295.223 2.692 -0.250 293.056 2.547
3 16 -1.437 295.334 2.717 -0.664 295.223 2.692 -0.950 293.183 2.868
3 16 -1.722 293.295 2.893 -1.437 295.334 2.717 -0.950 293.183 2.868
3 16 -2.163 295.413 2.443 -1.437 295.334 2.717 -1.722 293.295 2.893
3 16 -2.448 293.374 2.618 -2.163 295.413 2.443 -1.722 293.295 2.893
3 16 -2.733 295.446 1.911 -2.163 295.413 2.443 -2.448 293.374 2.618
3 16 -3.018 293.409 2.086 -2.733 295.446 1.911 -2.448 293.374 2.618
3 16 -3.060 295.430 1.203 -2.733 295.446 1.911 -3.018 293.409 2.086
3 16 -3.344 293.395 1.378 -3.060 295.430 1.203 -3.018 293.409 2.086
3 16 -3.094 295.366 0.426 -3.060 295.430 1.203 -3.344 293.395 1.378
3 16 -3.378 293.332 0.600 -3.094 295.366 0.426 -3.344 293.395 1.378
3 16 -2.830 295.265 -0.302 -3.094 295.366 0.426 -3.378 293.332 0.600
3 16 -3.114 293.232 -0.127 -2.830 295.265 -0.302 -3.378 293.332 0.600
3 16 -2.019 297.178 -1.053 -2.541 297.300 -0.486 -2.830 295.265 -0.302
3 16 -2.308 295.142 -0.869 -2.019 297.178 -1.053 -2.830 295.265 -0.302
3 16 -1.319 297.052 -1.374 -2.019 297.178 -1.053 -2.308 295.142 -0.869
3 16 -1.608 295.015 -1.189 -1.319 297.052 -1.374 -2.308 295.142 -0.869
3 16 -0.546 296.943 -1.399 -1.319 297.052 -1.374 -1.608 295.015 -1.189
3 16 -0.836 294.904 -1.214 -0.546 296.943 -1.399 -1.608 295.015 -1.189
3 16 0.180 296.867 -1.124 -0.546 296.943 -1.399 -0.836 294.904 -1.214
3 16 -0.110 294.826 -0.940 0.180 296.867 -1.124 -0.836 294.904 -1.214
3 16 0.751 296.836 -0.593 0.180 296.867 -1.124 -0.110 294.826 -0.940
3 16 0.460 294.792 -0.408 0.751 296.836 -0.593 -0.110 294.826 -0.940
3 16 1.078 296.854 0.115 0.751 296.836 -0.593 0.460 294.792 -0.408
3 16 0.787 294.809 0.301 1.078 296.854 0.115 0.460 294.792 -0.408
3 16 1.112 296.919 0.892 1.078 296.854 0.115 0.787 294.809 0.301
3 16 0.821 294.872 1.078 1.112 296.919 0.892 0.787 294.809 0.301
3 16 0.848 297.020 1.620 1.112 296.919 0.892 0.821 294.872 1.078
3 16 0.558 294.973 1.805 0.848 297.020 1.620 0.821 294.872 1.078
3 16 0.326 297.143 2.187 0.848 297.020 1.620 0.558 294.973 1.805
3 16 0.036 295.097 2.372 0.326 297.143 2.187 0.558 294.973 1.805
3 16 -0.374 297.268 2.507 0.326 297.143 2.187 0.036 295.097 2.372
3 16 -0.664 295.223 2.692 -0.374 297.268 2.507 0.036 295.097 2.372
3 16 -1.146 297.377 2.532 -0.374 297.268 2.507 -0.664 295.223 2.692
3 16 -1.437 295.334 2.717 -1.146 297.377 2.532 -0.664 295.223 2.692
3 16 -1.873 297.453 2.258 -1.146 297.377 2.532 -1.437 295.334 2.717
3 16 -2.163 295.413 2.443 -1.873 297.453 2.258 -1.437 295.334 2.717
3 16 -2.443 297.484 1.726 -1.873 297.453 2.258 -2.163 295.413 2.443
3 16 -2.733 295.446 1.911 -2.443 297.484 1.726 -2.163 295.413 2.443
3 16 -2.771 297.466 1.018 -2.443 297.484 1.726 -2.733 295.446 1.911
3 16 -3.060 295.430 1.203 -2.771 297.466 1.018 -2.733 295.446 1.911
3 16 -2.805 297.402 0.241 -2.771 297.466 1.018 -3.060 295.430 1.203
3 16 -3.094 295.366 0.426 -2.805 297.402 0.241 -3.060 295.430 1.203
3 16 -2.541 297.300 -0.486 -2.805 297.402 0.241 -3.094 295.366 0.426
3 16 -2.830 295.265 -0.302 -2.541 297.300 -0.486 -3.094 295.366 0.426
3 16 -1.765 299.219 -1.218 -2.291 299.313 -0.649 -2.541 297.300 -0.486
3 16 -2.019 297.178 -1.053 -1.765 299.219 -1.218 -2.541 297.300 -0.486
3 16 -1.061 299.123 -1.541 -1.765 299.219 -1.218 -2.019 297.178 -1.053
3 16 -1.319 297.052 -1.374 -1.061 299.123 -1.541 -2.019 297.178 -1.053
3 16 -0.286 299.040 -1.567 -1.061 299.123 -1.541 -1.319 297.052 -1.374
3 16 -0.546 296.943 -1.399 -0.286 299.040 -1.567 -1.319 297.052 -1.374
3 16 0.443 298.982 -1.294 -0.286 299.040 -1.567 -0.546 296.943 -1.399
3 16 0.180 296.867 -1.124 0.443 298.982 -1.294 -0.546 296.943 -1.399
3 16 1.014 298.959 -0.763 0.443 298.982 -1.294 0.180 296.867 -1.124
3 16 0.751 296.836 -0.593 1.014 298.959 -0.763 0.180 296.867 -1.124
3 16 1.341 298.973 -0.055 1.014 298.959 -0.763 0.751 296.836 -0.593
3 16 1.078 296.854 0.115 1.341 298.973 -0.055 0.751 296.836 -0.593
3 16 1.373 299.022 0.724 1.341 298.973 -0.055 1.078 296.854 0.115
3 16 1.112 296.919 0.892 1.373 299.022 0.724 1.078 296.854 0.115
3 16 1.106 299.100 1.453 1.373 299.022 0.724 1.112 296.919 0.892
3 16 0.848 297.020 1.620 1.106 299.100 1.453 1.112 296.919 0.892
3 16 0.580 299.194 2.022 1.106 299.100 1.453 0.848 297.020 1.620
3 16 0.326 297.143 2.187 0.580 299.194 2.022 0.848 297.020 1.620
3 16 -0.124 299.290 2.344 0.580 299.194 2.022 0.326 297.143 2.187
3 16 -0.374 297.268 2.507 -0.124 299.290 2.344 0.326 297.143 2.187
3 16 -0.899 299.373 2.371 -0.124 299.290 2.344 -0.374 297.268 2.507
3 16 -1.146 297.377 2.532 -0.899 299.373 2.371 -0.374 297.268 2.507
3 16 -1.628 299.431 2.098 -0.899 299.373 2.371 -1.146 297.377 2.532
3 16 -1.873 297.453 2.258 -1.628 299.431 2.098 -1.146 297.377 2.532
3 16 -2.199 299.454 1.567 -1.628 299.431 2.098 -1.873 297.453 2.258
3 16 -2.443 297.484 1.726 -2.199 299.454 1.567 -1.873 297.453 2.258
3 16 -2.526 299.440 0.858 -2.199 299.454 1.567 -2.443 297.484 1.726
3 16 -2.771 297.466 1.018 -2.526 299.440 0.858 -2.443 297.484 1.726
3 16 -2.558 299.391 0.080 -2.526 299.440 0.858 -2.771 297.466 1.018
3 16 -2.805 297.402 0.241 -2.558 299.391 0.080 -2.771 297.466 1.018
3 16 -2.291 299.313 -0.649 -2.558 299.391 0.080 -2.805 297.402 0.241
3 16 -2.541 297.300 -0.486 -2.291 299.313 -0.649 -2.805 297.402 0.241
3 16 -1.615 301.265 -1.315 -2.145 301.302 -0.744 -2.291 299.313 -0.649
3 16 -1.765 299.219 -1.218 -1.615 301.265 -1.315 -2.291 299.313 -0.649
3 16 -0.906 301.227 -1.640 -1.615 301.265 -1.315 -1.765 299.219 -1.218
3 16 -1.061 299.123 -1.541 -0.906 301.227 -1.640 -1.765 299.219 -1.218
3 16 -0.127 301.194 -1.668 -0.906 301.227 -1.640 -1.061 299.123 -1.541
3 16 -0.286 299.040 -1.567 -0.127 301.194 -1.668 -1.061 299.123 -1.541
3 16 0.604 301.171 -1.396 -0.127 301.194 -1.668 -0.286 299.040 -1.567
3 16 0.443 298.982 -1.294 0.604 301.171 -1.396 -0.286 299.040 -1.567
3 16 1.175 301.162 -0.865 0.604 301.171 -1.396 0.443 298.982 -1.294
3 16 1.014 298.959 -0.763 1.175 301.162 -0.865 0.443 298.982 -1.294
3 16 1.501 301.167 -0.155 1.175 301.162 -0.865 1.014 298.959 -0.763
3 16 1.341 298.973 -0.055 1.501 301.167 -0.155 1.014 298.959 -0.763
3 16 1.530 301.186 0.624 1.501 301.167 -0.155 1.341 298.973 -0.055
3 16 1.373 299.022 0.724 1.530 301.186 0.624 1.341 298.973 -0.055
3 16 1.259 301.217 1.355 1.530 301.186 0.624 1.373 299.022 0.724
3 16 1.106 299.100 1.453 1.259 301.217 1.355 1.373 299.022 0.724
3 16 0.728 301.254 1.926 1.259 301.217 1.355 1.106 299.100 1.453
3 16 0.580 299.194 2.022 0.728 301.254 1.926 1.106 299.100 1.453
3 16 0.020 301.292 2.251 0.728 301.254 1.926 0.580 299.194 2.022
3 16 -0.124 299.290 2.344 0.020 301.292 2.251 0.580 299.194 2.022
3 16 -0.760 301.325 2.279 0.020 301.292 2.251 -0.124 299.290 2.344
3 16 -0.899 299.373 2.371 -0.760 301.325 2.279 -0.124 299.290 2.344
3 16 -1.491 301.348 2.007 -0.760 301.325 2.279 -0.899 299.373 2.371
3 16 -1.628 299.431 2.098 -1.491 301.348 2.007 -0.899 299.373 2.371
3 16 -2.062 301.357 1.476 -1.491 301.348 2.007 -1.628 299.431 2.098
3 16 -2.199 299.454 1.567 -2.062 301.357 1.476 -1.628 299.431 2.098
3 16 -2.387 301.352 0.767 -2.062 301.357 1.476 -2.199 299.454 1.567
3 16 -2.526 299.440 0.858 -2.387 301.352 0.767 -2.199 299.454 1.567
3 16 -2.416 301.332 -0.013 -2.387 301.352 0.767 -2.526 299.440 0.858
3 16 -2.558 299.391 0.080 -2.416 301.332 -0.013 -2.526 299.440 0.858
3 16 -2.145 301.302 -0.744 -2.416 301.332 -0.013 -2.558 299.391 0.080
3 16 -2.291 299.313 -0.649 -2.145 301.302 -0.744 -2.558 299.391 0.080
3 16 -1.547 303.322 -1.359 -2.078 303.356 -0.788 -2.145 301.302 -0.744
3 16 -1.615 301.265 -1.315 -1.547 303.322 -1.359 -2.145 301.302 -0.744
3 16 -0.839 303.287 -1.684 -1.547 303.322 -1.359 -1.615 301.265 -1.315
3 16 -0.906 301.227 -1.640 -0.839 303.287 -1.684 -1.615 301.265 -1.315
3 16 -0.059 303.258 -1.712 -0.839 303.287 -1.684 -0.906 301.227 -1.640
3 16 -0.127 301.194 -1.668 -0.059 303.258 -1.712 -0.906 301.227 -1.640
3 16 0.672 303.237 -1.440 -0.059 303.258 -1.712 -0.127 301.194 -1.668
3 16 0.604 301.171 -1.396 0.672 303.237 -1.440 -0.127 301.194 -1.668
3 16 1.243 303.229 -0.909 0.672 303.237 -1.440 0.604 301.171 -1.396
3 16 1.175 301.162 -0.865 1.243 303.229 -0.909 0.604 301.171 -1.396
3 16 1.569 303.235 -0.200 1.243 303.229 -0.909 1.175 301.162 -0.865
3 16 1.501 301.167 -0.155 1.569 303.235 -0.200 1.175 301.162 -0.865
3 16 1.598 303.253 0.580 1.569 303.235 -0.200 1.501 301.167 -0.155
3 16 1.530 301.186 0.624 1.598 303.253 0.580 1.501 301.167 -0.155
3 16 1.326 303.282 1.311 1.598 303.253 0.580 1.530 301.186 0.624
3 16 1.259 301.217 1.355 1.326 303.282 1.311 1.530 301.186 0.624
3 16 0.796 303.316 1.882 1.326 303.282 1.311 1.259 301.217 1.355
3 16 0.728 301.254 1.926 0.796 303.316 1.882 1.259 301.217 1.355
3 16 0.087 303.350 2.207 0.796 303.316 1.882 0.728 301.254 1.926
3 16 0.020 301.292 2.251 0.087 303.350 2.207 0.728 301.254 1.926
3 16 -0.692 303.380 2.235 0.087 303.350 2.207 0.020 301.292 2.251
3 16 -0.760 301.325 2.279 -0.692 303.380 2.235 0.020 301.292 2.251
3 16 -1.423 303.400 1.963 -0.692 303.380 2.235 -0.760 301.325 2.279
3 16 -1.491 301.348 2.007 -1.423 303.400 1.963 -0.760 301.325 2.279
3 16 -1.995 303.408 1.432 -1.423 303.400 1.963 -1.491 301.348 2.007
3 16 -2.062 301.357 1.476 -1.995 303.408 1.432 -1.491 301.348 2.007
3 16 -2.320 303.402 0.723 -1.995 303.408 1.432 -2.062 301.357 1.476
3 16 -2.387 301.352 0.767 -2.320 303.402 0.723 -2.062 301.357 1.476
3 16 -2.349 303.384 -0.057 -2.320 303.402 0.723 -2.387 301.352 0.767
3 16 -2.416 301.332 -0.013 -2.349 303.384 -0.057 -2.387 301.352 0.767
3 16 -2.078 303.356 -0.788 -2.349 303.384 -0.057 -2.416 301.332 -0.013
3 16 -2.145 301.302 -0.744 -2.078 303.356 -0.788 -2.416 301.332 -0.013
3 16 -1.406 305.386 -1.456 -1.932 305.489 -0.889 -2.078 303.356 -0.788
3 16 -1.547 303.322 -1.359 -1.406 305.386 -1.456 -2.078 303.356 -0.788
3 16 -0.702 305.282 -1.776 -1.406 305.386 -1.456 -1.547 303.322 -1.359
3 16 -0.839 303.287 -1.684 -0.702 305.282 -1.776 -1.547 303.322 -1.359
3 16 0.073 305.193 -1.800 -0.702 305.282 -1.776 -0.839 303.287 -1.684
3 16 -0.059 303.258 -1.712 0.073 305.193 -1.800 -0.839 303.287 -1.684
3 16 0.801 305.133 -1.525 0.073 305.193 -1.800 -0.059 303.258 -1.712
3 16 0.672 303.237 -1.440 0.801 305.133 -1.525 -0.059 303.258 -1.712
3 16 1.371 305.110 -0.992 0.801 305.133 -1.525 0.672 303.237 -1.440
3 16 1.243 303.229 -0.909 1.371 305.110 -0.992 0.672 303.237 -1.440
3 16 1.696 305.128 -0.283 1.371 305.110 -0.992 1.243 303.229 -0.909
3 16 1.569 303.235 -0.200 1.696 305.128 -0.283 1.243 303.229 -0.909
3 16 1.727 305.185 0.494 1.696 305.128 -0.283 1.569 303.235 -0.200
3 16 1.598 303.253 0.580 1.727 305.185 0.494 1.569 303.235 -0.200
3 16 1.458 305.271 1.222 1.727 305.185 0.494 1.598 303.253 0.580
3 16 1.326 303.282 1.311 1.458 305.271 1.222 1.598 303.253 0.580
3 16 0.932 305.374 1.789 1.458 305.271 1.222 1.326 303.282 1.311
3 16 0.796 303.316 1.882 0.932 305.374 1.789 1.326 303.282 1.311
3 16 0.228 305.478 2.109 0.932 305.374 1.789 0.796 303.316 1.882
3 16 0.087 303.350 2.207 0.228 305.478 2.109 0.796 303.316 1.882
3 16 -0.547 305.567 2.133 0.228 305.478 2.109 0.087 303.350 2.207
3 16 -0.692 303.380 2.235 -0.547 305.567 2.133 0.087 303.350 2.207
3 16 -1.274 305.628 1.858 -0.547 305.567 2.133 -0.692 303.380 2.235
3 16 -1.423 303.400 1.963 -1.274 305.628 1.858 -0.692 303.380 2.235
3 16 -1.844 305.651 1.325 -1.274 305.628 1.858 -1.423 303.400 1.963
3 16 -1.995 303.408 1.432 -1.844 305.651 1.325 -1.423 303.400 1.963
3 16 -2.169 305.632 0.616 -1.844 305.651 1.325 -1.995 303.408 1.432
3 16 -2.320 303.402 0.723 -2.169 305.632 0.616 -1.995 303.408 1.432
3 16 -2.200 305.575 -0.161 -2.169 305.632 0.616 -2.320 303.402 0.723
3 16 -2.349 303.384 -0.057 -2.200 305.575 -0.161 -2.320 303.402 0.723
3 16 -1.932 305.489 -0.889 -2.200 305.575 -0.161 -2.349 303.384 -0.057
3 16 -2.078 303.356 -0.788 -1.932 305.489 -0.889 -2.349 303.384 -0.057
3 16 -1.118 307.443 -1.656 -1.640 307.576 -1.091 -1.932 305.489 -0.889
3 16 -1.406 305.386 -1.456 -1.118 307.443 -1.656 -1.932 305.489 -0.889
3 16 -0.418 307.309 -1.973 -1.118 307.443 -1.656 -1.406 305.386 -1.456
3 16 -0.702 305.282 -1.776 -0.418 307.309 -1.973 -1.406 305.386 -1.456
3 16 0.354 307.194 -1.994 -0.418 307.309 -1.973 -0.702 305.282 -1.776
3 16 0.073 305.193 -1.800 0.354 307.194 -1.994 -0.702 305.282 -1.776
3 16 1.079 307.116 -1.717 0.354 307.194 -1.994 0.073 305.193 -1.800
3 16 0.801 305.133 -1.525 1.079 307.116 -1.717 0.073 305.193 -1.800
3 16 1.648 307.087 -1.184 1.079 307.116 -1.717 0.801 305.133 -1.525
3 16 1.371 305.110 -0.992 1.648 307.087 -1.184 0.801 305.133 -1.525
3 16 1.974 307.112 -0.475 1.648 307.087 -1.184 1.371 305.110 -0.992
3 16 1.696 305.128 -0.283 1.974 307.112 -0.475 1.371 305.110 -0.992
3 16 2.006 307.185 0.301 1.974 307.112 -0.475 1.696 305.128 -0.283
3 16 1.727 305.185 0.494 2.006 307.185 0.301 1.696 305.128 -0.283
3 16 1.742 307.298 1.026 2.006 307.185 0.301 1.727 305.185 0.494
3 16 1.458 305.271 1.222 1.742 307.298 1.026 1.727 305.185 0.494
3 16 1.219 307.431 1.591 1.742 307.298 1.026 1.458 305.271 1.222
3 16 0.932 305.374 1.789 1.219 307.431 1.591 1.458 305.271 1.222
3 16 0.519 307.565 1.908 1.219 307.431 1.591 0.932 305.374 1.789
3 16 0.228 305.478 2.109 0.519 307.565 1.908 0.932 305.374 1.789
3 16 -0.253 307.680 1.929 0.519 307.565 1.908 0.228 305.478 2.109
3 16 -0.547 305.567 2.133 -0.253 307.680 1.929 0.228 305.478 2.109
3 16 -0.978 307.758 1.652 -0.253 307.680 1.929 -0.547 305.567 2.133
3 16 -1.274 305.628 1.858 -0.978 307.758 1.652 -0.547 305.567 2.133
3 16 -1.547 307.786 1.119 -0.978 307.758 1.652 -1.274 305.628 1.858
3 16 -1.844 305.651 1.325 -1.547 307.786 1.119 -1.274 305.628 1.858
3 16 -1.873 307.762 0.410 -1.547 307.786 1.119 -1.844 305.651 1.325
3 16 -2.169 305.632 0.616 -1.873 307.762 0.410 -1.844 305.651 1.325
3 16 -1.905 307.688 -0.366 -1.873 307.762 0.410 -2.169 305.632 0.616
3 16 -2.200 305.575 -0.161 -1.905 307.688 -0.366 -2.169 305.632 0.616
3 16 -1.640 307.576 -1.091 -1.905 307.688 -0.366 -2.200 305.575 -0.161
3 16 -1.932 305.489 -0.889 -1.640 307.576 -1.091 -2.200 305.575 -0.161
3 16 -0.887 309.512 -1.817 -1.419 309.562 -1.248 -1.640 307.576 -1.091
3 16 -1.118 307.443 -1.656 -0.887 309.512 -1.817 -1.640 307.576 -1.091
3 16 -0.178 309.462 -2.138 -0.887 309.512 -1.817 -1.118 307.443 -1.656
3 16 -0.418 307.309 -1.973 -0.178 309.462 -2.138 -1.118 307.443 -1.656
3 16 0.601 309.419 -2.163 -0.178 309.462 -2.138 -0.418 307.309 -1.973
3 16 0.354 307.194 -1.994 0.601 309.419 -2.163 -0.418 307.309 -1.973
3 16 1.331 309.390 -1.888 0.601 309.419 -2.163 0.354 307.194 -1.994
3 16 1.079 307.116 -1.717 1.331 309.390 -1.888 0.354 307.194 -1.994
3 16 1.900 309.379 -1.354 1.331 309.390 -1.888 1.079 307.116 -1.717
3 16 1.648 307.087 -1.184 1.900 309.379 -1.354 1.079 307.116 -1.717
3 16 2.223 309.389 -0.643 1.900 309.379 -1.354 1.648 307.087 -1.184
3 16 1.974 307.112 -0.475 2.223 309.389 -0.643 1.648 307.087 -1.184
3 16 2.249 309.416 0.136 2.223 309.389 -0.643 1.974 307.112 -0.475
3 16 2.006 307.185 0.301 2.249 309.416 0.136 1.974 307.112 -0.475
3 16 1.976 309.459 0.866 2.249 309.416 0.136 2.006 307.185 0.301
3 16 1.742 307.298 1.026 1.976 309.459 0.866 2.006 307.185 0.301
3 16 1.444 309.509 1.434 1.976 309.459 0.866 1.742 307.298 1.026
3 16 1.219 307.431 1.591 1.444 309.509 1.434 1.742 307.298 1.026
3 16 0.734 309.559 1.756 1.444 309.509 1.434 1.219 307.431 1.591
3 16 0.519 307.565 1.908 0.734 309.559 1.756 1.219 307.431 1.591
3 16 -0.044 309.602 1.781 0.734 309.559 1.756 0.519 307.565 1.908
3 16 -0.253 307.680 1.929 -0.044 309.602 1.781 0.519 307.565 1.908
3 16 -0.774 309.631 1.505 -0.044 309.602 1.781 -0.253 307.680 1.929
3 16 -0.978 307.758 1.652 -0.774 309.631 1.505 -0.253 307.680 1.929
3 16 -1.343 309.641 0.972 -0.774 309.631 1.505 -0.978 307.758 1.652
3 16 -1.547 307.786 1.119 -1.343 309.641 0.972 -0.978 307.758 1.652
3 16 -1.666 309.632 0.261 -1.343 309.641 0.972 -1.547 307.786 1.119
3 16 -1.873 307.762 0.410 -1.666 309.632 0.261 -1.547 307.786 1.119
3 16 -1.692 309.604 -0.518 -1.666 309.632 0.261 -1.873 307.762 0.410
3 16 -1.905 307.688 -0.366 -1.692 309.604 -0.518 -1.873 307.762 0.410
3 16 -1.419 309.562 -1.248 -1.692 309.604 -0.518 -1.905 307.688 -0.366
3 16 -1.640 307.576 -1.091 -1.419 309.562 -1.248 -1.905 307.688 -0.366
3 16 -0.916 311.668 -1.797 -1.449 311.607 -1.231 -1.419 309.562 -1.248
3 16 -0.887 309.512 -1.817 -0.916 311.668 -1.797 -1.419 309.562 -1.248
3 16 -0.206 311.729 -2.116 -0.916 311.668 -1.797 -0.887 309.512 -1.817
3 16 -0.178 309.462 -2.138 -0.206 311.729 -2.116 -0.887 309.512 -1.817
3 16 0.573 311.781 -2.137 -0.206 311.729 -2.116 -0.178 309.462 -2.138
3 16 0.601 309.419 -2.163 0.573 311.781 -2.137 -0.178 309.462 -2.138
3 16 1.301 311.817 -1.859 0.573 311.781 -2.137 0.601 309.419 -2.163
3 16 1.331 309.390 -1.888 1.301 311.817 -1.859 0.601 309.419 -2.163
3 16 1.868 311.830 -1.323 1.301 311.817 -1.859 1.331 309.390 -1.888
3 16 1.900 309.379 -1.354 1.868 311.830 -1.323 1.331 309.390 -1.888
3 16 2.188 311.819 -0.611 1.868 311.830 -1.323 1.900 309.379 -1.354
3 16 2.223 309.389 -0.643 2.188 311.819 -0.611 1.900 309.379 -1.354
3 16 2.212 311.785 0.168 2.188 311.819 -0.611 2.223 309.389 -0.643
3 16 2.249 309.416 0.136 2.212 311.785 0.168 2.223 309.389 -0.643
3 16 1.936 311.734 0.896 2.212 311.785 0.168 2.249 309.416 0.136
3 16 1.976 309.459 0.866 1.936 311.734 0.896 2.249 309.416 0.136
3 16 1.402 311.673 1.462 1.936 311.734 0.896 1.976 309.459 0.866
3 16 1.444 309.509 1.434 1.402 311.673 1.462 1.976 309.459 0.866
3 16 0.693 311.612 1.781 1.402 311.673 1.462 1.444 309.509 1.434
3 16 0.734 309.559 1.756 0.693 311.612 1.781 1.444 309.509 1.434
3 16 -0.086 311.559 1.802 0.693 311.612 1.781 0.734 309.559 1.756
3 16 -0.044 309.602 1.781 -0.086 311.559 1.802 0.734 309.559 1.756
3 16 -0.814 311.524 1.524 -0.086 311.559 1.802 -0.044 309.602 1.781
3 16 -0.774 309.631 1.505 -0.814 311.524 1.524 -0.044 309.602 1.781
3 16 -1.381 311.511 0.988 -0.814 311.524 1.524 -0.774 309.631 1.505
3 16 -1.343 309.641 0.972 -1.381 311.511 0.988 -0.774 309.631 1.505
3 16 -1.701 311.522 0.276 -1.381 311.511 0.988 -1.343 309.641 0.972
3 16 -1.666 309.632 0.261 -1.701 311.522 0.276 -1.343 309.641 0.972
3 16 -1.725 311.556 -0.503 -1.701 311.522 0.276 -1.666 309.632 0.261
3 16 -1.692 309.604 -0.518 -1.725 311.556 -0.503 -1.666 309.632 0.261
3 16 -1.449 311.607 -1.231 -1.725 311.556 -0.503 -1.692 309.604 -0.518
3 16 -1.419 309.562 -1.248 -1.449 311.607 -1.231 -1.692 309.604 -0.518
3 16 -1.090 313.842 -1.677 -1.623 313.770 -1.111 -1.449 311.607 -1.231
3 16 -0.916 311.668 -1.797 -1.090 313.842 -1.677 -1.449 311.607 -1.231
3 16 -0.381 313.914 -1.995 -1.090 313.842 -1.677 -0.916 311.668 -1.797
3 16 -0.206 311.729 -2.116 -0.381 313.914 -1.995 -0.916 311.668 -1.797
3 16 0.396 313.976 -2.016 -0.381 313.914 -1.995 -0.206 311.729 -2.116
3 16 0.573 311.781 -2.137 0.396 313.976 -2.016 -0.206 311.729 -2.116
3 16 1.124 314.018 -1.737 0.396 313.976 -2.016 0.573 311.781 -2.137
3 16 1.301 311.817 -1.859 1.124 314.018 -1.737 0.573 311.781 -2.137
3 16 1.691 314.033 -1.201 1.124 314.018 -1.737 1.301 311.817 -1.859
3 16 1.868 311.830 -1.323 1.691 314.033 -1.201 1.301 311.817 -1.859
3 16 2.011 314.020 -0.490 1.691 314.033 -1.201 1.868 311.830 -1.323
3 16 2.188 311.819 -0.611 2.011 314.020 -0.490 1.868 311.830 -1.323
3 16 2.035 313.980 0.289 2.011 314.020 -0.490 2.188 311.819 -0.611
3 16 2.212 311.785 0.168 2.035 313.980 0.289 2.188 311.819 -0.611
3 16 1.760 313.919 1.017 2.035 313.980 0.289 2.212 311.785 0.168
3 16 1.936 311.734 0.896 1.760 313.919 1.017 2.212 311.785 0.168
3 16 1.227 313.848 1.583 1.760 313.919 1.017 1.936 311.734 0.896
3 16 1.402 311.673 1.462 1.227 313.848 1.583 1.936 311.734 0.896
3 16 0.518 313.775 1.900 1.227 313.848 1.583 1.402 311.673 1.462
3 16 0.693 311.612 1.781 0.518 313.775 1.900 1.402 311.673 1.462
3 16 -0.259 313.714 1.921 0.518 313.775 1.900 0.693 311.612 1.781
3 16 -0.086 311.559 1.802 -0.259 313.714 1.921 0.693 311.612 1.781
3 16 -0.987 313.672 1.643 -0.259 313.714 1.921 -0.086 311.559 1.802
3 16 -0.814 311.524 1.524 -0.987 313.672 1.643 -0.086 311.559 1.802
3 16 -1.554 313.656 1.107 -0.987 313.672 1.643 -0.814 311.524 1.524
3 16 -1.381 311.511 0.988 -1.554 313.656 1.107 -0.814 311.524 1.524
3 16 -1.874 313.670 0.395 -1.554 313.656 1.107 -1.381 311.511 0.988
3 16 -1.701 311.522 0.276 -1.874 313.670 0.395 -1.381 311.511 0.988
3 16 -1.898 313.709 -0.384 -1.874 313.670 0.395 -1.701 311.522 0.276
3 16 -1.725 311.556 -0.503 -1.898 313.709 -0.384 -1.701 311.522 0.276
3 16 -1.623 313.770 -1.111 -1.898 313.709 -0.384 -1.725 311.556 -0.503
3 16 -1.449 311.607 -1.231 -1.623 313.770 -1.111 -1.725 311.556 -0.503
3 16 -1.175 315.803 -1.619 -1.711 315.791 -1.052 -1.623 313.770 -1.111
3 16 -1.090 313.842 -1.677 -1.175 315.803 -1.619 -1.623 313.770 -1.111
3 16 -0.462 315.815 -1.938 -1.175 315.803 -1.619 -1.090 313.842 -1.677
3 16 -0.381 313.914 -1.995 -0.462 315.815 -1.938 -1.090 313.842 -1.677
3 16 0.318 315.825 -1.960 -0.462 315.815 -1.938 -0.381 313.914 -1.995
3 16 0.396 313.976 -2.016 0.318 315.825 -1.960 -0.381 313.914 -1.995
3 16 1.047 315.831 -1.681 0.318 315.825 -1.960 0.396 313.976 -2.016
3 16 1.124 314.018 -1.737 1.047 315.831 -1.681 0.396 313.976 -2.016
3 16 1.614 315.834 -1.145 1.047 315.831 -1.681 1.124 314.018 -1.737
3 16 1.691 314.033 -1.201 1.614 315.834 -1.145 1.124 314.018 -1.737
3 16 1.932 315.832 -0.433 1.614 315.834 -1.145 1.691 314.033 -1.201
3 16 2.011 314.020 -0.490 1.932 315.832 -0.433 1.691 314.033 -1.201
3 16 1.954 315.825 0.347 1.932 315.832 -0.433 2.011 314.020 -0.490
3 16 2.035 313.980 0.289 1.954 315.825 0.347 2.011 314.020 -0.490
3 16 1.676 315.815 1.076 1.954 315.825 0.347 2.035 313.980 0.289
3 16 1.760 313.919 1.017 1.676 315.815 1.076 2.035 313.980 0.289
3 16 1.140 315.804 1.643 1.676 315.815 1.076 1.760 313.919 1.017
3 16 1.227 313.848 1.583 1.140 315.804 1.643 1.760 313.919 1.017
3 16 0.428 315.792 1.962 1.140 315.804 1.643 1.227 313.848 1.583
3 16 0.518 313.775 1.900 0.428 315.792 1.962 1.227 313.848 1.583
3 16 -0.352 315.782 1.984 0.428 315.792 1.962 0.518 313.775 1.900
3 16 -0.259 313.714 1.921 -0.352 315.782 1.984 0.518 313.775 1.900
3 16 -1.081 315.776 1.705 -0.352 315.782 1.984 -0.259 313.714 1.921
3 16 -0.987 313.672 1.643 -1.081 315.776 1.705 -0.259 313.714 1.921
3 16 -1.648 315.773 1.169 -1.081 315.776 1.705 -0.987 313.672 1.643
3 16 -1.554 313.656 1.107 -1.648 315.773 1.169 -0.987 313.672 1.643
3 16 -1.967 315.775 0.457 -1.648 315.773 1.169 -1.554 313.656 1.107
3 16 -1.874 313.670 0.395 -1.967 315.775 0.457 -1.554 313.656 1.107
3 16 -1.989 315.782 -0.323 -1.967 315.775 0.457 -1.874 313.670 0.395
3 16 -1.898 313.709 -0.384 -1.989 315.782 -0.323 -1.874 313.670 0.395
3 16 -1.711 315.791 -1.052 -1.989 315.782 -0.323 -1.898 313.709 -0.384
3 16 -1.623 313.770 -1.111 -1.711 315.791 -1.052 -1.898 313.709 -0.384
3 16 -1.172 317.621 -1.621 -1.708 317.631 -1.054 -1.711 315.791 -1.052
3 16 -1.175 315.803 -1.619 -1.172 317.621 -1.621 -1.711 315.791 -1.052
3 16 -0.459 317.610 -1.940 -1.172 317.621 -1.621 -1.175 315.803 -1.619
3 16 -0.462 315.815 -1.938 -0.459 317.610 -1.940 -1.175 315.803 -1.619
3 16 0.321 317.601 -1.962 -0.459 317.610 -1.940 -0.462 315.815 -1.938
3 16 0.318 315.825 -1.960 0.321 317.601 -1.962 -0.462 315.815 -1.938
3 16 1.050 317.595 -1.683 0.321 317.601 -1.962 0.318 315.825 -1.960
3 16 1.047 315.831 -1.681 1.050 317.595 -1.683 0.318 315.825 -1.960
3 16 1.617 317.592 -1.147 1.050 317.595 -1.683 1.047 315.831 -1.681
3 16 1.614 315.834 -1.145 1.617 317.592 -1.147 1.047 315.831 -1.681
3 16 1.935 317.594 -0.434 1.617 317.592 -1.147 1.614 315.834 -1.145
3 16 1.932 315.832 -0.433 1.935 317.594 -0.434 1.614 315.834 -1.145
3 16 1.957 317.600 0.346 1.935 317.594 -0.434 1.932 315.832 -0.433
3 16 1.954 315.825 0.347 1.957 317.600 0.346 1.932 315.832 -0.433
3 16 1.679 317.609 1.075 1.957 317.600 0.346 1.954 315.825 0.347
3 16 1.676 315.815 1.076 1.679 317.609 1.075 1.954 315.825 0.347
3 16 1.142 317.620 1.641 1.679 317.609 1.075 1.676 315.815 1.076
3 16 1.140 315.804 1.643 1.142 317.620 1.641 1.676 315.815 1.076
3 16 0.430 317.630 1.960 1.142 317.620 1.641 1.140 315.804 1.643
3 16 0.428 315.792 1.962 0.430 317.630 1.960 1.140 315.804 1.643
3 16 -0.350 317.639 1.982 0.430 317.630 1.960 0.428 315.792 1.962
3 16 -0.352 315.782 1.984 -0.350 317.639 1.982 0.428 315.792 1.962
3 16 -1.079 317.645 1.703 -0.350 317.639 1.982 -0.352 315.782 1.984
3 16 -1.081 315.776 1.705 -1.079 317.645 1.703 -0.352 315.782 1.984
3 16 -1.646 317.648 1.167 -1.079 317.645 1.703 -1.081 315.776 1.705
3 16 -1.648 315.773 1.169 -1.646 317.648 1.167 -1.081 315.776 1.705
3 16 -1.964 317.646 0.455 -1.646 317.648 1.167 -1.648 315.773 1.169
3 16 -1.967 315.775 0.457 -1.964 317.646 0.455 -1.648 315.773 1.169
3 16 -1.986 317.640 -0.326 -1.964 317.646 0.455 -1.967 315.775 0.457
3 16 -1.989 315.782 -0.323 -1.986 317.640 -0.326 -1.967 315.775 0.457
3 16 -1.708 317.631 -1.054 -1.986 317.640 -0.326 -1.989 315.782 -0.323
3 16 -1.711 315.791 -1.052 -1.708 317.631 -1.054 -1.989 315.782 -0.323
3 16 -1.157 319.000 -1.631 -1.693 319.000 -1.065 -1.708 317.631 -1.054
3 16 -1.172 317.621 -1.621 -1.157 319.000 -1.631 -1.708 317.631 -1.054
3 16 -0.445 319.000 -1.950 -1.157 319.000 -1.631 -1.172 317.621 -1.621
3 16 -0.459 317.610 -1.940 -0.445 319.000 -1.950 -1.172 317.621 -1.621
3 16 0.336 319.000 -1.972 -0.445 319.000 -1.950 -0.459 317.610 -1.940
3 16 0.321 317.601 -1.962 0.336 319.000 -1.972 -0.459 317.610 -1.940
3 16 1.065 319.000 -1.693 0.336 319.000 -1.972 0.321 317.601 -1.962
3 16 1.050 317.595 -1.683 1.065 319.000 -1.693 0.321 317.601 -1.962
3 16 1.631 319.000 -1.157 1.065 319.000 -1.693 1.050 317.595 -1.683
3 16 1.617 317.592 -1.147 1.631 319.000 -1.157 1.050 317.595 -1.683
3 16 1.950 319.000 -0.445 1.631 319.000 -1.157 1.617 317.592 -1.147
3 16 1.935 317.594 -0.434 1.950 319.000 -0.445 1.617 317.592 -1.147
3 16 1.972 319.000 0.336 1.950 319.000 -0.445 1.935 317.594 -0.434
3 16 1.957 317.600 0.346 1.972 319.000 0.336 1.935 317.594 -0.434
3 16 1.693 319.000 1.065 1.972 319.000 0.336 1.957 317.600 0.346
3 16 1.679 317.609 1.075 1.693 319.000 1.065 1.957 317.600 0.346
3 16 1.157 319.000 1.631 1.693 319.000 1.065 1.679 317.609 1.075
3 16 1.142 317.620 1.641 1.157 319.000 1.631 1.679 317.609 1.075
3 16 0.445 319.000 1.950 1.157 319.000 1.631 1.142 317.620 1.641
3 16 0.430 317.630 1.960 0.445 319.000 1.950 1.142 317.620 1.641
3 16 -0.336 319.000 1.972 0.445 319.000 1.950 0.430 317.630 1.960
3 16 -0.350 317.639 1.982 -0.336 319.000 1.972 0.430 317.630 1.960
3 16 -1.065 319.000 1.693 -0.336 319.000 1.972 -0.350 317.639 1.982
3 16 -1.079 317.645 1.703 -1.065 319.000 1.693 -0.350 317.639 1.982
3 16 -1.631 319.000 1.157 -1.065 319.000 1.693 -1.079 317.645 1.703
3 16 -1.646 317.648 1.167 -1.631 319.000 1.157 -1.079 317.645 1.703
3 16 -1.950 319.000 0.445 -1.631 319.000 1.157 -1.646 317.648 1.167
3 16 -1.964 317.646 0.455 -1.950 319.000 0.445 -1.646 317.648 1.167
3 16 -1.972 319.000 -0.336 -1.950 319.000 0.445 -1.964 317.646 0.455
3 16 -1.986 317.640 -0.326 -1.972 319.000 -0.336 -1.964 317.646 0.455
3 16 -1.693 319.000 -1.065 -1.972 319.000 -0.336 -1.986 317.640 -0.326
3 16 -1.708 317.631 -1.054 -1.693 319.000 -1.065 -1.986 317.640 -0.326
0 NOFILE
